,rt_raw|P1,rt_raw|P1,rt_raw|P1,rt_raw|P1,rt_raw|P1,rt_raw|P1,rt_raw|P1,rt_raw|P1,rt_raw|P0,rt_raw|P0,rt_raw|P0,rt_raw|P0,rt_raw|P0,rt_raw|P0,rt_raw|P0,rt_raw|P0,rt_raw|Pold,rt_raw|Pold,rt_raw|Pold,rt_raw|Pold,rt_raw|Pold,rt_raw|Pold,rt_raw|Pold,rt_raw|Pold,rt_raw|Pall,rt_raw|Pall,rt_raw|Pall,rt_raw|Pall,rt_raw|Pall,rt_raw|Pall,rt_raw|Pall,rt_raw|Pall,rt_smooth3_persist3|P1,rt_smooth3_persist3|P1,rt_smooth3_persist3|P1,rt_smooth3_persist3|P1,rt_smooth3_persist3|P1,rt_smooth3_persist3|P1,rt_smooth3_persist3|P1,rt_smooth3_persist3|P1,rt_smooth3_persist3|P0,rt_smooth3_persist3|P0,rt_smooth3_persist3|P0,rt_smooth3_persist3|P0,rt_smooth3_persist3|P0,rt_smooth3_persist3|P0,rt_smooth3_persist3|P0,rt_smooth3_persist3|P0,rt_smooth3_persist3|Pold,rt_smooth3_persist3|Pold,rt_smooth3_persist3|Pold,rt_smooth3_persist3|Pold,rt_smooth3_persist3|Pold,rt_smooth3_persist3|Pold,rt_smooth3_persist3|Pold,rt_smooth3_persist3|Pold,rt_smooth3_persist3|Pall,rt_smooth3_persist3|Pall,rt_smooth3_persist3|Pall,rt_smooth3_persist3|Pall,rt_smooth3_persist3|Pall,rt_smooth3_persist3|Pall,rt_smooth3_persist3|Pall,rt_smooth3_persist3|Pall,revised_lag2|P1,revised_lag2|P1,revised_lag2|P1,revised_lag2|P1,revised_lag2|P1,revised_lag2|P1,revised_lag2|P1,revised_lag2|P1,revised_lag2|P0,revised_lag2|P0,revised_lag2|P0,revised_lag2|P0,revised_lag2|P0,revised_lag2|P0,revised_lag2|P0,revised_lag2|P0,revised_lag2|Pold,revised_lag2|Pold,revised_lag2|Pold,revised_lag2|Pold,revised_lag2|Pold,revised_lag2|Pold,revised_lag2|Pold,revised_lag2|Pold,revised_lag2|Pall,revised_lag2|Pall,revised_lag2|Pall,revised_lag2|Pall,revised_lag2|Pall,revised_lag2|Pall,revised_lag2|Pall,revised_lag2|Pall
,K,G,Fund,S-K,60/40,VolTarget,Trend,90/10 GLD,K,G,Fund,S-K,60/40,VolTarget,Trend,90/10 GLD,K,G,Fund,S-K,60/40,VolTarget,Trend,90/10 GLD,K,G,Fund,S-K,60/40,VolTarget,Trend,90/10 GLD,K,G,Fund,S-K,60/40,VolTarget,Trend,90/10 GLD,K,G,Fund,S-K,60/40,VolTarget,Trend,90/10 GLD,K,G,Fund,S-K,60/40,VolTarget,Trend,90/10 GLD,K,G,Fund,S-K,60/40,VolTarget,Trend,90/10 GLD,K,G,Fund,S-K,60/40,VolTarget,Trend,90/10 GLD,K,G,Fund,S-K,60/40,VolTarget,Trend,90/10 GLD,K,G,Fund,S-K,60/40,VolTarget,Trend,90/10 GLD,K,G,Fund,S-K,60/40,VolTarget,Trend,90/10 GLD
month,,,,,,,,,,,,,,,,,,,,,,,,,,,,,,,,,,,,,,,,,,,,,,,,,,,,,,,,,,,,,,,,,,,,,,,,,,,,,,,,,,,,,,,,,,,,,,,,
2000-10,,,,,,,,,-0.03541480987583062,-0.03457414552804728,-0.04383454560307831,-0.03288156443836243,-0.022732446478748947,-0.026502772880719297,0.005965198815065953,-0.04264091999487206,,,,,,,,,-0.03541480987583062,-0.03457414552804728,-0.04383454560307831,-0.03188218817389307,-0.022732446478748947,-0.026502772880719297,0.005965198815065953,-0.04264091999487206,,,,,,,,,-0.03541480987583062,-0.03457414552804728,-0.04383454560307831,-0.032966796885531134,-0.022732446478748947,-0.026502772880719297,0.005965198815065953,-0.04264091999487206,,,,,,,,,-0.03541480987583062,-0.03457414552804728,-0.04383454560307831,-0.03289822594751284,-0.022732446478748947,-0.026502772880719297,0.005965198815065953,-0.04264091999487206,,,,,,,,,-0.010180898097423962,-0.03457414552804728,-0.04383454560307831,-0.03168805302007704,-0.022732446478748947,-0.026502772880719297,0.005965198815065953,-0.04264091999487206,,,,,,,,,-0.010180898097423962,-0.03457414552804728,-0.04383454560307831,-0.03159105132575891,-0.022732446478748947,-0.026502772880719297,0.005965198815065953,-0.04264091999487206
2000-11,,,,,,,,,-0.12266233285958901,-0.13242123286823967,-0.13239055927140742,-0.08234107407776968,-0.07082732458134212,-0.08245828435780085,0.011808493592475378,-0.11718860693335227,,,,,,,,,-0.12266233285958901,-0.13242123286823967,-0.13239055927140742,-0.07925937815152494,-0.07082732458134212,-0.08245828435780085,0.011808493592475378,-0.11718860693335227,,,,,,,,,-0.06596965255174507,-0.08795827670658496,-0.13239055927140742,-0.08072811126814251,-0.07082732458134212,-0.08245828435780085,0.011808493592475378,-0.11718860693335227,,,,,,,,,-0.06596965255174507,-0.08795827670658496,-0.13239055927140742,-0.08176491927829327,-0.07082732458134212,-0.08245828435780085,0.011808493592475378,-0.11718860693335227,,,,,,,,,-0.026040504995319173,-0.08795827670658496,-0.13239055927140742,-0.07887537903676826,-0.07082732458134212,-0.08245828435780085,0.011808493592475378,-0.11718860693335227,,,,,,,,,-0.026040504995319173,-0.08795827670658496,-0.13239055927140742,-0.07842831652681881,-0.07082732458134212,-0.08245828435780085,0.011808493592475378,-0.11718860693335227
2000-12,,,,,,,,,-0.011246549692037516,-0.019674213249969208,-0.03254489300496555,-0.018922377619831798,-0.009940909375360525,-0.012749413312288599,0.013880336754280798,-0.028588512616127704,,,,,,,,,-0.011246549692037516,-0.019674213249969208,-0.03254489300496555,-0.01843792327254509,-0.009940909375360525,-0.012749413312288599,0.013880336754280798,-0.028588512616127704,,,,,,,,,-0.014732155659293394,-0.01964762351570019,-0.03254489300496555,-0.018561831172318875,-0.009940909375360525,-0.012749413312288599,0.013880336754280798,-0.028588512616127704,,,,,,,,,-0.014732155659293394,-0.01964762351570019,-0.03254489300496555,-0.01876893504672343,-0.009940909375360525,-0.012749413312288599,0.013880336754280798,-0.028588512616127704,,,,,,,,,-0.022791722709186592,-0.01964762351570019,-0.03254489300496555,-0.018427122718822544,-0.009940909375360525,-0.012749413312288599,0.013880336754280798,-0.028588512616127704,,,,,,,,,-0.022791722709186592,-0.01964762351570019,-0.03254489300496555,-0.018314167038951234,-0.009940909375360525,-0.012749413312288599,0.013880336754280798,-0.028588512616127704
2001-01,,,,,,,,,0.015944517620213643,0.04159463866961168,0.06176576176826076,0.03961780385477669,0.04238769569054675,0.0431060242937778,0.012592899822215342,0.05323587996244826,,,,,,,,,0.015944517620213643,0.04159463866961168,0.06176576176826076,0.038197347307108415,0.04238769569054675,0.0431060242937778,0.012592899822215342,0.05323587996244826,,,,,,,,,0.02792165027006218,0.04159463866961168,0.06176576176826076,0.03854195942780895,0.04238769569054675,0.0431060242937778,0.012592899822215342,0.05323587996244826,,,,,,,,,0.02792165027006218,0.04159463866961168,0.06176576176826076,0.039256468254150745,0.04238769569054675,0.0431060242937778,0.012592899822215342,0.05323587996244826,,,,,,,,,0.015822053017121095,0.04159463866961168,0.06176576176826076,0.038037112360245956,0.04238769569054675,0.0431060242937778,0.012592899822215342,0.05323587996244826,,,,,,,,,0.015822053017121095,0.04159463866961168,0.06176576176826076,0.03782433397857027,0.04238769569054675,0.0431060242937778,0.012592899822215342,0.05323587996244826
2001-02,,,,,,,,,-0.11745341131386089,-0.10177124740890409,-0.14807665305128048,-0.09229337594214726,-0.08378716956569526,-0.08585874604533544,0.008040431802283976,-0.13281791627651302,,,,,,,,,-0.11745341131386089,-0.10177124740890409,-0.14807665305128048,-0.08903236149376209,-0.08378716956569526,-0.08585874604533544,0.008040431802283976,-0.13281791627651302,,,,,,,,,-0.0803050549404909,-0.10177124740890409,-0.14807665305128048,-0.0910399348957754,-0.08378716956569526,-0.08585874604533544,0.008040431802283976,-0.13281791627651302,,,,,,,,,-0.0803050549404909,-0.10177124740890409,-0.14807665305128048,-0.0917771943158497,-0.08378716956569526,-0.08585874604533544,0.008040431802283976,-0.13281791627651302,,,,,,,,,-0.02996908640565118,-0.10177124740890409,-0.14807665305128048,-0.08865432654583118,-0.08378716956569526,-0.08585874604533544,0.008040431802283976,-0.13281791627651302,,,,,,,,,-0.02996908640565118,-0.10177124740890409,-0.14807665305128048,-0.08814345474307851,-0.08378716956569526,-0.08585874604533544,0.008040431802283976,-0.13281791627651302
2001-03,,,,,,,,,-0.02120613867121944,-0.07493968387266359,-0.10158024967213042,-0.06930772675656531,-0.058905879483902544,-0.05072396211360943,0.007825630366097514,-0.09475963834746867,,,,,,,,,-0.02120613867121944,-0.07493968387266359,-0.10158024967213042,-0.06702504389443409,-0.058905879483902544,-0.05072396211360943,0.007825630366097514,-0.09475963834746867,,,,,,,,,-0.06902727911859026,-0.07493968387266359,-0.10158024967213042,-0.06905962999547267,-0.058905879483902544,-0.05072396211360943,0.007825630366097514,-0.09475963834746867,,,,,,,,,-0.06902727911859026,-0.07493968387266359,-0.10158024967213042,-0.06915674553388591,-0.058905879483902544,-0.05072396211360943,0.007825630366097514,-0.09475963834746867,,,,,,,,,-0.08597506675965155,-0.07493968387266359,-0.10158024967213042,-0.06668867280868097,-0.058905879483902544,-0.05072396211360943,0.007825630366097514,-0.09475963834746867,,,,,,,,,-0.08597506675965155,-0.07493968387266359,-0.10158024967213042,-0.06638046354510205,-0.058905879483902544,-0.05072396211360943,0.007825630366097514,-0.09475963834746867
2001-04,,,,,,,,,0.03209153121243965,0.08190072547780711,0.11180918684398211,0.0756394639483083,0.062448243921269186,0.06312445138580876,0.0005894696791926002,0.10299285016505935,,,,,,,,,0.03209153121243965,0.08190072547780711,0.11180918684398211,0.07346627939558453,0.062448243921269186,0.06312445138580876,0.0005894696791926002,0.10299285016505935,,,,,,,,,0.07132524757830352,0.08190072547780711,0.11180918684398211,0.07509836084087997,0.062448243921269186,0.06312445138580876,0.0005894696791926002,0.10299285016505935,,,,,,,,,0.07132524757830352,0.08190072547780711,0.11180918684398211,0.07538040854050171,0.062448243921269186,0.06312445138580876,0.0005894696791926002,0.10299285016505935,,,,,,,,,0.031971149813271774,0.08190072547780711,0.11180918684398211,0.07319928432940749,0.062448243921269186,0.06312445138580876,0.0005894696791926002,0.10299285016505935,,,,,,,,,0.031971149813271774,0.08190072547780711,0.11180918684398211,0.07286498475958635,0.062448243921269186,0.06312445138580876,0.0005894696791926002,0.10299285016505935
2001-05,,,,,,,,,-0.008346692241409399,-0.006884889683671938,-0.01186467421576709,-0.004977567253453805,-0.006213496884724572,-0.003507395125782217,0.004557918741464606,-0.010186506499224597,,,,,,,,,-0.008346692241409399,-0.006884889683671938,-0.01186467421576709,-0.004482222561564101,-0.006213496884724572,-0.003507395125782217,0.004557918741464606,-0.010186506499224597,,,,,,,,,-0.008269934772581922,-0.006884889683671938,-0.01186467421576709,-0.0049888341908866755,-0.006213496884724572,-0.003507395125782217,0.004557918741464606,-0.010186506499224597,,,,,,,,,-0.008269934772581922,-0.006884889683671938,-0.01186467421576709,-0.004948798969279055,-0.006213496884724572,-0.003507395125782217,0.004557918741464606,-0.010186506499224597,,,,,,,,,0.0057909523065855775,-0.006884889683671938,-0.01186467421576709,-0.004426295724086997,-0.006213496884724572,-0.003507395125782217,0.004557918741464606,-0.010186506499224597,,,,,,,,,0.0057909523065855775,-0.006884889683671938,-0.01186467421576709,-0.0043420626812809525,-0.006213496884724572,-0.003507395125782217,0.004557918741464606,-0.010186506499224597
2001-06,,,,,,,,,-0.017729156502224012,-0.011318698201661268,-0.021154810588895012,-0.012913968279877513,-0.011099244543198572,-0.008726388674242127,0.003289348287659477,-0.017041736781652366,,,,,,,,,-0.017729156502224012,-0.011318698201661268,-0.021154810588895012,-0.012174087393359508,-0.011099244543198572,-0.008726388674242127,0.003289348287659477,-0.017041736781652366,,,,,,,,,-0.017729156502224012,-0.011318698201661268,-0.021154810588895012,-0.012781234631759283,-0.011099244543198572,-0.008726388674242127,0.003289348287659477,-0.017041736781652366,,,,,,,,,-0.017729156502224012,-0.011318698201661268,-0.021154810588895012,-0.0128005438181037,-0.011099244543198572,-0.008726388674242127,0.003289348287659477,-0.017041736781652366,,,,,,,,,-0.01785513578945238,-0.011318698201661268,-0.021154810588895012,-0.012135812064967008,-0.011099244543198572,-0.008726388674242127,0.003289348287659477,-0.017041736781652366,,,,,,,,,-0.01785513578945238,-0.011318698201661268,-0.021154810588895012,-0.011972385629876452,-0.011099244543198572,-0.008726388674242127,0.003289348287659477,-0.017041736781652366
2001-07,,,,,,,,,-0.011317842143756035,-0.023220919018311935,-0.03271034783719151,-0.022403005860341167,-0.009063508293194102,-0.010201858261659364,0.014106945697121676,-0.03106570362979546,,,,,,,,,-0.011317842143756035,-0.023220919018311935,-0.03271034783719151,-0.021858119722825958,-0.009063508293194102,-0.010201858261659364,0.014106945697121676,-0.03106570362979546,,,,,,,,,-0.026560821155582462,-0.023220919018311935,-0.03271034783719151,-0.022289870048709547,-0.009063508293194102,-0.010201858261659364,0.014106945697121676,-0.03106570362979546,,,,,,,,,-0.026560821155582462,-0.023220919018311935,-0.03271034783719151,-0.022358289938682344,-0.009063508293194102,-0.010201858261659364,0.014106945697121676,-0.03106570362979546,,,,,,,,,-0.026560821155582462,-0.023220919018311935,-0.03271034783719151,-0.021771093009805224,-0.009063508293194102,-0.010201858261659364,0.014106945697121676,-0.03106570362979546,,,,,,,,,-0.026560821155582462,-0.023220919018311935,-0.03271034783719151,-0.021705103448980235,-0.009063508293194102,-0.010201858261659364,0.014106945697121676,-0.03106570362979546
2001-08,,,,,,,,,-0.058457337703197325,-0.04873231836643164,-0.07789840651813396,-0.044511171754716264,-0.042278056264695045,-0.03668807097404243,0.007844472008007974,-0.06702833500098479,,,,,,,,,-0.058457337703197325,-0.04873231836643164,-0.07789840651813396,-0.042803713624654065,-0.042278056264695045,-0.03668807097404243,0.007844472008007974,-0.06702833500098479,,,,,,,,,-0.05833288972769268,-0.04873231836643164,-0.07789840651813396,-0.043390566928115236,-0.042278056264695045,-0.03668807097404243,0.007844472008007974,-0.06702833500098479,,,,,,,,,-0.05833288972769268,-0.04873231836643164,-0.07789840651813396,-0.04408471355330301,-0.042278056264695045,-0.03668807097404243,0.007844472008007974,-0.06702833500098479,,,,,,,,,-0.015403475316203835,-0.04873231836643164,-0.07789840651813396,-0.042660083382947904,-0.042278056264695045,-0.03668807097404243,0.007844472008007974,-0.06702833500098479,,,,,,,,,-0.015403475316203835,-0.04873231836643164,-0.07789840651813396,-0.04235488897988054,-0.042278056264695045,-0.03668807097404243,0.007844472008007974,-0.06702833500098479
2001-09,,,,,,,,,-0.07573208090248698,-0.05548057980271618,-0.09692228884304777,-0.05511079649346945,-0.04849942656537285,-0.048319902172030936,0.016850121917042493,-0.08067134165535186,,,,,,,,,-0.07573208090248698,-0.05548057980271618,-0.09692228884304777,-0.05228715124123016,-0.04849942656537285,-0.048319902172030936,0.016850121917042493,-0.08067134165535186,,,,,,,,,-0.07573208090248698,-0.05548057980271618,-0.09692228884304777,-0.053987876521548364,-0.04849942656537285,-0.048319902172030936,0.016850121917042493,-0.08067134165535186,,,,,,,,,-0.07573208090248698,-0.05548057980271618,-0.09692228884304777,-0.054567783855573385,-0.04849942656537285,-0.048319902172030936,0.016850121917042493,-0.08067134165535186,,,,,,,,,-0.07585572364591778,-0.05548057980271618,-0.09692228884304777,-0.0520791999039479,-0.04849942656537285,-0.048319902172030936,0.016850121917042493,-0.08067134165535186,,,,,,,,,-0.07585572364591778,-0.05548057980271618,-0.09692228884304777,-0.05152833261971879,-0.04849942656537285,-0.048319902172030936,0.016850121917042493,-0.08067134165535186
2001-10,,,,,,,,,0.03141577332286084,0.02502140513771481,0.042784716832203085,0.022090108748340498,0.03454814924047368,0.029279151950340157,0.011285459275211629,0.034092891410051326,,,,,,,,,0.03141577332286084,0.02502140513771481,0.042784716832203085,0.02100747420721146,0.03454814924047368,0.029279151950340157,0.011285459275211629,0.034092891410051326,,,,,,,,,0.03141577332286084,0.02502140513771481,0.042784716832203085,0.021060564913361595,0.03454814924047368,0.029279151950340157,0.011285459275211629,0.034092891410051326,,,,,,,,,0.03141577332286084,0.02502140513771481,0.042784716832203085,0.021717775857562075,0.03454814924047368,0.029279151950340157,0.011285459275211629,0.034092891410051326,,,,,,,,,0.03141577332286084,0.02502140513771481,0.042784716832203085,0.020946301985866663,0.03454814924047368,0.029279151950340157,0.011285459275211629,0.034092891410051326,,,,,,,,,0.03141577332286084,0.02502140513771481,0.042784716832203085,0.02073368902658237,0.03454814924047368,0.029279151950340157,0.011285459275211629,0.034092891410051326
2001-11,,,,,,,,,0.07425212901989607,0.06000798166450328,0.09179440765574087,0.057098175669138176,0.04578887131920611,0.0460180551248752,-0.008276805514246699,0.08061063055463899,,,,,,,,,0.07425212901989607,0.06000798166450328,0.09179440765574087,0.054952176922991466,0.04578887131920611,0.0460180551248752,-0.008276805514246699,0.08061063055463899,,,,,,,,,0.07425212901989607,0.06000798166450328,0.09179440765574087,0.05599060492867586,0.04578887131920611,0.0460180551248752,-0.008276805514246699,0.08061063055463899,,,,,,,,,0.07425212901989607,0.06000798166450328,0.09179440765574087,0.0566815937489218,0.04578887131920611,0.0460180551248752,-0.008276805514246699,0.08061063055463899,,,,,,,,,0.07425212901989607,0.06000798166450328,0.09179440765574087,0.054711373230883154,0.04578887131920611,0.0460180551248752,-0.008276805514246699,0.08061063055463899,,,,,,,,,0.07425212901989607,0.06000798166450328,0.09179440765574087,0.05437524164642353,0.04578887131920611,0.0460180551248752,-0.008276805514246699,0.08061063055463899
2001-12,,,,,,,,,-0.0034855791342708344,-0.0017795649377626175,-0.005732863032715141,-0.0011812705327276722,-0.008063158759242814,-0.004276863409078223,-0.002621123336133513,-0.0034080369933417237,,,,,,,,,-0.0034855791342708344,-0.0017795649377626175,-0.005732863032715141,-0.000889306337572459,-0.008063158759242814,-0.004276863409078223,-0.002621123336133513,-0.0034080369933417237,,,,,,,,,-0.0034855791342708344,-0.0017795649377626175,-0.005732863032715141,-0.0009579300146864569,-0.008063158759242814,-0.004276863409078223,-0.002621123336133513,-0.0034080369933417237,,,,,,,,,-0.0034855791342708344,-0.0017795649377626175,-0.005732863032715141,-0.0010896499702198169,-0.008063158759242814,-0.004276863409078223,-0.002621123336133513,-0.0034080369933417237,,,,,,,,,-0.0034855791342708344,-0.0017795649377626175,-0.005732863032715141,-0.0008795218977792497,-0.008063158759242814,-0.004276863409078223,-0.002621123336133513,-0.0034080369933417237,,,,,,,,,-0.0034855791342708344,-0.0017795649377626175,-0.005732863032715141,-0.0008146092511124445,-0.008063158759242814,-0.004276863409078223,-0.002621123336133513,-0.0034080369933417237
2002-01,,,,,,,,,-0.016989523036604285,-0.014106030303029215,-0.023702528796508804,-0.0112072383531736,-0.012406755518810866,-0.010546482686217025,0.00437414196741126,-0.020112538427288038,,,,,,,,,-0.016989523036604285,-0.014106030303029215,-0.023702528796508804,-0.010407796827546974,-0.012406755518810866,-0.010546482686217025,0.00437414196741126,-0.020112538427288038,,,,,,,,,-0.016989523036604285,-0.014106030303029215,-0.023702528796508804,-0.011003838258737549,-0.012406755518810866,-0.010546482686217025,0.00437414196741126,-0.020112538427288038,,,,,,,,,-0.016989523036604285,-0.014106030303029215,-0.023702528796508804,-0.011100962261488668,-0.012406755518810866,-0.010546482686217025,0.00437414196741126,-0.020112538427288038,,,,,,,,,-0.016989523036604285,-0.014106030303029215,-0.023702528796508804,-0.010323202793549126,-0.012406755518810866,-0.010546482686217025,0.00437414196741126,-0.020112538427288038,,,,,,,,,-0.016989523036604285,-0.014106030303029215,-0.023702528796508804,-0.010187841668419986,-0.012406755518810866,-0.010546482686217025,0.00437414196741126,-0.020112538427288038
2002-02,,,,,,,,,-0.02606122627267025,-0.017866999126501415,-0.03805766145197931,-0.015350951596217384,-0.01768132451429768,-0.01821282275136369,0.006738917750688689,-0.02907675331363729,,,,,,,,,-0.02606122627267025,-0.017866999126501415,-0.03805766145197931,-0.014114048464520761,-0.01768132451429768,-0.01821282275136369,0.006738917750688689,-0.02907675331363729,,,,,,,,,-0.02606122627267025,-0.017866999126501415,-0.03805766145197931,-0.014254804191041241,-0.01768132451429768,-0.01821282275136369,0.006738917750688689,-0.02907675331363729,,,,,,,,,-0.02606122627267025,-0.017866999126501415,-0.03805766145197931,-0.014965911989293661,-0.01768132451429768,-0.01821282275136369,0.006738917750688689,-0.02907675331363729,,,,,,,,,-0.02606122627267025,-0.017866999126501415,-0.03805766145197931,-0.014016314529710028,-0.01768132451429768,-0.01821282275136369,0.006738917750688689,-0.02907675331363729,,,,,,,,,-0.02606122627267025,-0.017866999126501415,-0.03805766145197931,-0.013796851464200113,-0.01768132451429768,-0.01821282275136369,0.006738917750688689,-0.02907675331363729
2002-03,,,,,,,,,0.026265669833574635,0.02180404822478887,0.02864946286584069,0.024022406403203238,0.007992692038424223,0.015448092825136796,-0.008212962582815564,0.027772222535665757,,,,,,,,,0.026265669833574635,0.02180404822478887,0.02864946286584069,0.023463741283820807,0.007992692038424223,0.015448092825136796,-0.008212962582815564,0.027772222535665757,,,,,,,,,0.026265669833574635,0.02180404822478887,0.02864946286584069,0.024491916814956927,0.007992692038424223,0.015448092825136796,-0.008212962582815564,0.027772222535665757,,,,,,,,,0.026265669833574635,0.02180404822478887,0.02864946286584069,0.02408960594109223,0.007992692038424223,0.015448092825136796,-0.008212962582815564,0.027772222535665757,,,,,,,,,0.026265669833574635,0.02180404822478887,0.02864946286584069,0.023421695570662038,0.007992692038424223,0.015448092825136796,-0.008212962582815564,0.027772222535665757,,,,,,,,,0.026265669833574635,0.02180404822478887,0.02864946286584069,0.023295499363567774,0.007992692038424223,0.015448092825136796,-0.008212962582815564,0.027772222535665757
2002-04,,,,,,,,,-0.07416310425754234,-0.08424709695135103,-0.08421756580603368,-0.04895769778581788,-0.040133515310017416,-0.05380743178499504,0.01563100934147732,-0.07371393366866859,,,,,,,,,-0.07416310425754234,-0.08424709695135103,-0.08421756580603368,-0.04713253816576959,-0.040133515310017416,-0.05380743178499504,0.01563100934147732,-0.07371393366866859,,,,,,,,,-0.0636495197374541,-0.05348518506466258,-0.08421756580603368,-0.047891413459123136,-0.040133515310017416,-0.05380743178499504,0.01563100934147732,-0.07371393366866859,,,,,,,,,-0.0636495197374541,-0.05348518506466258,-0.08421756580603368,-0.04855500626508671,-0.040133515310017416,-0.05380743178499504,0.01563100934147732,-0.07371393366866859,,,,,,,,,-0.07416310425754234,-0.08424709695135103,-0.08421756580603368,-0.04695134209640126,-0.040133515310017416,-0.05380743178499504,0.01563100934147732,-0.07371393366866859,,,,,,,,,-0.07416310425754234,-0.08424709695135103,-0.08421756580603368,-0.04664705260726375,-0.040133515310017416,-0.05380743178499504,0.01563100934147732,-0.07371393366866859
2002-05,,,,,,,,,-0.02115172735446303,-0.02317161076501162,-0.02317161076501162,-0.007046136664828281,-0.009770866499135314,-0.0170710984578004,0.006077011957625222,-0.015157831387857736,,,,,,,,,-0.02115172735446303,-0.02317161076501162,-0.02317161076501162,-0.006247355353753713,-0.009770866499135314,-0.0170710984578004,0.006077011957625222,-0.015157831387857736,,,,,,,,,-0.013137583215277825,-0.0067643903085806666,-0.02317161076501162,-0.0063243755072361525,-0.009770866499135314,-0.0170710984578004,0.006077011957625222,-0.015157831387857736,,,,,,,,,-0.013137583215277825,-0.0067643903085806666,-0.02317161076501162,-0.0067295356758276335,-0.009770866499135314,-0.0170710984578004,0.006077011957625222,-0.015157831387857736,,,,,,,,,-0.02115172735446303,-0.02317161076501162,-0.02317161076501162,-0.006273086136136368,-0.009770866499135314,-0.0170710984578004,0.006077011957625222,-0.015157831387857736,,,,,,,,,-0.02115172735446303,-0.02317161076501162,-0.02317161076501162,-0.006050231247584632,-0.009770866499135314,-0.0170710984578004,0.006077011957625222,-0.015157831387857736
2002-06,,,,,,,,,-0.0802491401919977,-0.0859896067199174,-0.0859896067199174,-0.06458593571629176,-0.044709597979374203,-0.06613455191383172,0.009275884279611901,-0.08137300175845626,,,,,,,,,-0.0802491401919977,-0.0859896067199174,-0.0859896067199174,-0.0632443135020812,-0.044709597979374203,-0.06613455191383172,0.009275884279611901,-0.08137300175845626,,,,,,,,,-0.075632347793433,-0.06477493346259226,-0.0859896067199174,-0.06404886683944408,-0.044709597979374203,-0.06613455191383172,0.009275884279611901,-0.08137300175845626,,,,,,,,,-0.075632347793433,-0.06477493346259226,-0.0859896067199174,-0.06441969406559588,-0.044709597979374203,-0.06613455191383172,0.009275884279611901,-0.08137300175845626,,,,,,,,,-0.0802491401919977,-0.0859896067199174,-0.0859896067199174,-0.06301779394464085,-0.044709597979374203,-0.06613455191383172,0.009275884279611901,-0.08137300175845626,,,,,,,,,-0.0802491401919977,-0.0859896067199174,-0.0859896067199174,-0.06287328513749418,-0.044709597979374203,-0.06613455191383172,0.009275884279611901,-0.08137300175845626
2002-07,,,,,,,,,-0.05195196065266146,-0.0535281638468168,-0.0535281638468168,-0.041040078869116814,-0.021468866426441833,-0.03611511307385908,0.015436625211005417,-0.0514612823825309,,,,,,,,,-0.05195196065266146,-0.0535281638468168,-0.0535281638468168,-0.03982857497853407,-0.021468866426441833,-0.03611511307385908,0.015436625211005417,-0.0514612823825309,,,,,,,,,-0.05196224259388321,-0.05355975181349844,-0.0535281638468168,-0.04104637166432407,-0.021468866426441833,-0.03611511307385908,0.015436625211005417,-0.0514612823825309,,,,,,,,,-0.05196224259388321,-0.05355975181349844,-0.0535281638468168,-0.0410270904359509,-0.021468866426441833,-0.03611511307385908,0.015436625211005417,-0.0514612823825309,,,,,,,,,-0.05195196065266146,-0.0535281638468168,-0.0535281638468168,-0.039605334570203016,-0.021468866426441833,-0.03611511307385908,0.015436625211005417,-0.0514612823825309,,,,,,,,,-0.05195196065266146,-0.0535281638468168,-0.0535281638468168,-0.03947917221983821,-0.021468866426441833,-0.03611511307385908,0.015436625211005417,-0.0514612823825309
2002-08,,,,,,,,,0.005834946774821641,0.004284592461855308,0.004284592461855308,0.01058788839439917,0.012247874632564788,0.005416119926698161,0.008647140228131622,0.006890231691656537,,,,,,,,,0.005834946774821641,0.004284592461855308,0.004284592461855308,0.010744865598052189,0.012247874632564788,0.005416119926698161,0.008647140228131622,0.006890231691656537,,,,,,,,,0.005834946774821641,0.004284592461855308,0.004284592461855308,0.011069736889742972,0.012247874632564788,0.005416119926698161,0.008647140228131622,0.006890231691656537,,,,,,,,,0.005834946774821641,0.004284592461855308,0.004284592461855308,0.010732416990211789,0.012247874632564788,0.005416119926698161,0.008647140228131622,0.006890231691656537,,,,,,,,,0.005834946774821641,0.004284592461855308,0.004284592461855308,0.010744239339313354,0.012247874632564788,0.005416119926698161,0.008647140228131622,0.006890231691656537,,,,,,,,,0.005834946774821641,0.004284592461855308,0.004284592461855308,0.01077510728013967,0.012247874632564788,0.005416119926698161,0.008647140228131622,0.006890231691656537
2002-09,,,,,,,,,-0.042351852931825626,-0.06327848936206126,-0.09982913760591539,-0.05743642513006469,-0.044478680188401794,-0.07437123069514213,0.007400932591793641,-0.0861652787167145,,,,,,,,,-0.042351852931825626,-0.06327848936206126,-0.09982913760591539,-0.054963293568609316,-0.044478680188401794,-0.07437123069514213,0.007400932591793641,-0.0861652787167145,,,,,,,,,-0.09120591102671186,-0.09982913760591539,-0.09982913760591539,-0.055998665478774586,-0.044478680188401794,-0.07437123069514213,0.007400932591793641,-0.0861652787167145,,,,,,,,,-0.09120591102671186,-0.09982913760591539,-0.09982913760591539,-0.056908753193971345,-0.044478680188401794,-0.07437123069514213,0.007400932591793641,-0.0861652787167145,,,,,,,,,-0.09120591102671186,-0.09982913760591539,-0.09982913760591539,-0.05469543362998656,-0.044478680188401794,-0.07437123069514213,0.007400932591793641,-0.0861652787167145,,,,,,,,,-0.09120591102671186,-0.09982913760591539,-0.09982913760591539,-0.05430341642944783,-0.044478680188401794,-0.07437123069514213,0.007400932591793641,-0.0861652787167145
2002-10,,,,,,,,,0.04001859706439167,0.05800999544502,0.08625566852746624,0.05172407849163729,0.046746975680299625,0.06594901119728949,0.0024405535320233263,0.07580720794120513,,,,,,,,,0.04001859706439167,0.05800999544502,0.08625566852746624,0.049805377249958975,0.046746975680299625,0.06594901119728949,0.0024405535320233263,0.07580720794120513,,,,,,,,,0.07783257777830782,0.08625566852746624,0.08625566852746624,0.050608518551058926,0.046746975680299625,0.06594901119728949,0.0024405535320233263,0.07580720794120513,,,,,,,,,0.07783257777830782,0.08625566852746624,0.08625566852746624,0.05131924675139866,0.046746975680299625,0.06594901119728949,0.0024405535320233263,0.07580720794120513,,,,,,,,,0.039967597895431195,0.05798272898251419,0.08625566852746624,0.04959125901589153,0.046746975680299625,0.06594901119728949,0.0024405535320233263,0.07580720794120513,,,,,,,,,0.039967597895431195,0.05798272898251419,0.08625566852746624,0.04929291567295028,0.046746975680299625,0.06594901119728949,0.0024405535320233263,0.07580720794120513
2002-11,,,,,,,,,0.029528316791700582,0.03305835487950947,0.048865614454886463,0.033261739408856926,0.020959744550384442,0.03257850074283662,-0.0038644209468008395,0.04360081669532957,,,,,,,,,0.029528316791700582,0.03305835487950947,0.048865614454886463,0.03205913510340206,0.020959744550384442,0.03257850074283662,-0.0038644209468008395,0.04360081669532957,,,,,,,,,0.047694424941498545,0.048865614454886463,0.048865614454886463,0.03285199406762437,0.020959744550384442,0.03257850074283662,-0.0038644209468008395,0.04360081669532957,,,,,,,,,0.047694424941498545,0.048865614454886463,0.048865614454886463,0.03309015622972913,0.020959744550384442,0.03257850074283662,-0.0038644209468008395,0.04360081669532957,,,,,,,,,0.029528316791700582,0.03305835487950947,0.048865614454886463,0.031912045767128513,0.020959744550384442,0.03257850074283662,-0.0038644209468008395,0.04360081669532957,,,,,,,,,0.029528316791700582,0.03305835487950947,0.048865614454886463,0.031729319839489345,0.020959744550384442,0.03257850074283662,-0.0038644209468008395,0.04360081669532957
2002-12,,,,,,,,,-0.004103199201287463,-0.032756743222710744,-0.06988342117531265,-0.027606921610823554,-0.027740997072090705,-0.050756449420071605,0.010529200038743802,-0.05317330464082313,,,,,,,,,-0.004103199201287463,-0.032756743222710744,-0.06988342117531265,-0.025602467862741073,-0.027740997072090705,-0.050756449420071605,0.010529200038743802,-0.05317330464082313,,,,,,,,,-0.004156599129838062,-0.032785672251877764,-0.06988342117531265,-0.025576743993861076,-0.027740997072090705,-0.050756449420071605,0.010529200038743802,-0.05317330464082313,,,,,,,,,-0.004156599129838062,-0.032785672251877764,-0.06988342117531265,-0.026880288706284602,-0.027740997072090705,-0.050756449420071605,0.010529200038743802,-0.05317330464082313,,,,,,,,,-0.004103199201287463,-0.032756743222710744,-0.06988342117531265,-0.02549758861963482,-0.027740997072090705,-0.050756449420071605,0.010529200038743802,-0.05317330464082313,,,,,,,,,-0.004103199201287463,-0.032756743222710744,-0.06988342117531265,-0.025099485784047998,-0.027740997072090705,-0.050756449420071605,0.010529200038743802,-0.05317330464082313
2003-01,,,,,,,,,0.00985934721063979,-0.007458312055824647,-0.023255808986023196,-0.004002164524927962,-0.017020378919391923,-0.01745993074907195,-0.0007282132970063415,-0.014976701042878448,,,,,,,,,0.00985934721063979,-0.007458312055824647,-0.023255808986023196,-0.0032008605610792037,-0.017020378919391923,-0.01745993074907195,-0.0007282132970063415,-0.014976701042878448,,,,,,,,,0.00985934721063979,-0.007458312055824647,-0.023255808986023196,-0.002832123772570483,-0.017020378919391923,-0.01745993074907195,-0.0007282132970063415,-0.014976701042878448,,,,,,,,,0.00985934721063979,-0.007458312055824647,-0.023255808986023196,-0.0036096556057336002,-0.017020378919391923,-0.01745993074907195,-0.0007282132970063415,-0.014976701042878448,,,,,,,,,0.00985934721063979,-0.007458312055824647,-0.023255808986023196,-0.0031752919921171855,-0.017020378919391923,-0.01745993074907195,-0.0007282132970063415,-0.014976701042878448,,,,,,,,,0.00985934721063979,-0.007458312055824647,-0.023255808986023196,-0.003010489708439921,-0.017020378919391923,-0.01745993074907195,-0.0007282132970063415,-0.014976701042878448
2003-02,,,,,,,,,-0.012089760744127175,-0.01063091374818012,-0.005494613636298995,-0.009491105253946617,0.005518703822838471,-0.00307228226488858,0.003920855106498422,-0.009860374297345926,,,,,,,,,-0.012089760744127175,-0.01063091374818012,-0.005494613636298995,-0.009730061979009849,0.005518703822838471,-0.00307228226488858,0.003920855106498422,-0.009860374297345926,,,,,,,,,-0.012089760744127175,-0.01063091374818012,-0.005494613636298995,-0.009660500525353118,0.005518703822838471,-0.00307228226488858,0.003920855106498422,-0.009860374297345926,,,,,,,,,-0.012089760744127175,-0.01063091374818012,-0.005494613636298995,-0.00963724044916561,0.005518703822838471,-0.00307228226488858,0.003920855106498422,-0.009860374297345926,,,,,,,,,-0.012089760744127175,-0.01063091374818012,-0.005494613636298995,-0.009635351658936218,0.005518703822838471,-0.00307228226488858,0.003920855106498422,-0.009860374297345926,,,,,,,,,-0.012089760744127175,-0.01063091374818012,-0.005494613636298995,-0.009783037931679412,0.005518703822838471,-0.00307228226488858,0.003920855106498422,-0.009860374297345926
2003-03,,,,,,,,,-0.008012686196796735,0.008322310964251614,0.020257824660363966,0.004811702861785344,0.010633845773432335,0.015472346502322813,0.0017847816923381998,0.014148259420590127,,,,,,,,,-0.008012686196796735,0.008322310964251614,0.020257824660363966,0.003990034292929222,0.010633845773432335,0.015472346502322813,0.0017847816923381998,0.014148259420590127,,,,,,,,,-0.008012686196796735,0.008322310964251614,0.020257824660363966,0.0036800116829184054,0.010633845773432335,0.015472346502322813,0.0017847816923381998,0.014148259420590127,,,,,,,,,-0.008012686196796735,0.008322310964251614,0.020257824660363966,0.004490336008516314,0.010633845773432335,0.015472346502322813,0.0017847816923381998,0.014148259420590127,,,,,,,,,-0.008012686196796735,0.008322310964251614,0.020257824660363966,0.003875605981608095,0.010633845773432335,0.015472346502322813,0.0017847816923381998,0.014148259420590127,,,,,,,,,-0.008012686196796735,0.008322310964251614,0.020257824660363966,0.0037857436933395197,0.010633845773432335,0.015472346502322813,0.0017847816923381998,0.014148259420590127
2003-04,,,,,,,,,0.04416832692451522,0.05410516197246029,0.07490952369098314,0.05066746154249511,0.04549686278353357,0.05650949766295262,0.0016021448004028827,0.06837069730239256,,,,,,,,,0.04416832692451522,0.05410516197246029,0.07490952369098314,0.048964197873899405,0.04549686278353357,0.05650949766295262,0.0016021448004028827,0.06837069730239256,,,,,,,,,0.04416832692451522,0.05410516197246029,0.07490952369098314,0.04995876280818286,0.04549686278353357,0.05650949766295262,0.0016021448004028827,0.06837069730239256,,,,,,,,,0.04416832692451522,0.05410516197246029,0.07490952369098314,0.050432195663888374,0.04549686278353357,0.05650949766295262,0.0016021448004028827,0.06837069730239256,,,,,,,,,0.04416832692451522,0.05410516197246029,0.07490952369098314,0.04870068170664406,0.04549686278353357,0.05650949766295262,0.0016021448004028827,0.06837069730239256,,,,,,,,,0.04416832692451522,0.05410516197246029,0.07490952369098314,0.04849585091596881,0.04549686278353357,0.05650949766295262,0.0016021448004028827,0.06837069730239256
2003-05,,,,,,,,,0.022919120147460673,0.04293081329723309,0.04450052453104969,0.040957584086939385,0.041862564794645424,0.032704860689383344,0.04440052453104969,0.0475403351622008,,,,,,,,,0.022919120147460673,0.04293081329723309,0.04450052453104969,0.04040010115559342,0.041862564794645424,0.032704860689383344,0.04440052453104969,0.0475403351622008,,,,,,,,,0.05185910159133871,0.04293081329723309,0.04450052453104969,0.04175986112807905,0.041862564794645424,0.032704860689383344,0.04440052453104969,0.0475403351622008,,,,,,,,,0.05185910159133871,0.04293081329723309,0.04450052453104969,0.04119173725605503,0.041862564794645424,0.032704860689383344,0.04440052453104969,0.0475403351622008,,,,,,,,,0.05185910159133871,0.04293081329723309,0.04450052453104969,0.040243536629244264,0.041862564794645424,0.032704860689383344,0.04440052453104969,0.0475403351622008,,,,,,,,,0.05185910159133871,0.04293081329723309,0.04450052453104969,0.040214021212584765,0.041862564794645424,0.032704860689383344,0.04440052453104969,0.0475403351622008
2003-06,,,,,,,,,-0.004290204394243872,0.005576769321449447,0.01848874598070749,0.005608204751786268,0.00832658319653425,0.0132795529381052,0.01848874598070749,0.011564164352275778,,,,,,,,,-0.004290204394243872,0.005576769321449447,0.01848874598070749,0.004893380051038025,0.00832658319653425,0.0132795529381052,0.01848874598070749,0.011564164352275778,,,,,,,,,-0.0035226414153637833,0.005576769321449447,0.01848874598070749,0.004840089965445073,0.00832658319653425,0.0132795529381052,0.01848874598070749,0.011564164352275778,,,,,,,,,-0.0035226414153637833,0.005576769321449447,0.01848874598070749,0.0053136708711483925,0.00832658319653425,0.0132795529381052,0.01848874598070749,0.011564164352275778,,,,,,,,,-0.0035226414153637833,0.005576769321449447,0.01848874598070749,0.004889482992517428,0.00832658319653425,0.0132795529381052,0.01848874598070749,0.011564164352275778,,,,,,,,,-0.0035226414153637833,0.005576769321449447,0.01848874598070749,0.004717933694786966,0.00832658319653425,0.0132795529381052,0.01848874598070749,0.011564164352275778
2003-07,,,,,,,,,0.017004797459287645,0.017073098274555575,0.02052110402996865,0.016316490530188108,-0.007768274712323951,0.014215766066502407,0.02052110402996865,0.020780516290889173,,,,,,,,,0.017004797459287645,0.017073098274555575,0.02052110402996865,0.016223714108454725,-0.007768274712323951,0.014215766066502407,0.02052110402996865,0.020780516290889173,,,,,,,,,0.016650993385185286,0.017073098274555575,0.02052110402996865,0.016324643506380326,-0.007768274712323951,0.014215766066502407,0.02052110402996865,0.020780516290889173,,,,,,,,,0.016650993385185286,0.017073098274555575,0.02052110402996865,0.016329080615075348,-0.007768274712323951,0.014215766066502407,0.02052110402996865,0.020780516290889173,,,,,,,,,0.013964049378696648,0.017073098274555575,0.02052110402996865,0.01619055213083016,-0.007768274712323951,0.014215766066502407,0.02052110402996865,0.020780516290889173,,,,,,,,,0.013964049378696648,0.017073098274555575,0.02052110402996865,0.01619542655139782,-0.007768274712323951,0.014215766066502407,0.02052110402996865,0.020780516290889173
2003-08,,,,,,,,,0.019963671738880556,0.02049395351021457,0.016241203958637707,0.022265316633892647,0.012583161680354709,0.012771743553101665,0.016241203958637707,0.02074700758779416,,,,,,,,,0.019963671738880556,0.02049395351021457,0.016241203958637707,0.022461304054064418,0.012583161680354709,0.012771743553101665,0.016241203958637707,0.02074700758779416,,,,,,,,,0.030196669090407583,0.02049395351021457,0.016241203958637707,0.022896438264629823,0.012583161680354709,0.012771743553101665,0.016241203958637707,0.02074700758779416,,,,,,,,,0.030196669090407583,0.02049395351021457,0.016241203958637707,0.022487474768039067,0.012583161680354709,0.012771743553101665,0.016241203958637707,0.02074700758779416,,,,,,,,,0.019839167414150573,0.02049395351021457,0.016241203958637707,0.02241326099646214,0.012583161680354709,0.012771743553101665,0.016241203958637707,0.02074700758779416,,,,,,,,,0.019839167414150573,0.02049395351021457,0.016241203958637707,0.02249437509120128,0.012583161680354709,0.012771743553101665,0.016241203958637707,0.02074700758779416
2003-09,,,,,,,,,-0.002611741817487601,-0.001087512724055804,-0.00913232839161926,-0.0020185270496254205,0.014422352349190266,-0.005256046026744071,-0.00913232839161926,-0.005637650573503427,,,,,,,,,-0.002611741817487601,-0.001087512724055804,-0.00913232839161926,-0.0019514455930212005,0.014422352349190266,-0.005256046026744071,-0.00913232839161926,-0.005637650573503427,,,,,,,,,0.0028461014587517325,-0.001087512724055804,-0.00913232839161926,-0.0016571596727756295,0.014422352349190266,-0.005256046026744071,-0.00913232839161926,-0.005637650573503427,,,,,,,,,0.0028461014587517325,-0.001087512724055804,-0.00913232839161926,-0.0018623622020552436,0.014422352349190266,-0.005256046026744071,-0.00913232839161926,-0.005637650573503427,,,,,,,,,-0.002611741817487601,-0.001087512724055804,-0.00913232839161926,-0.002027941780220868,0.014422352349190266,-0.005256046026744071,-0.00913232839161926,-0.005637650573503427,,,,,,,,,-0.002611741817487601,-0.001087512724055804,-0.00913232839161926,-0.0019488896974650572,0.014422352349190266,-0.005256046026744071,-0.00913232839161926,-0.005637650573503427
2003-10,,,,,,,,,0.04054314968046937,0.0334459631401577,0.049155045206218606,0.032244395998555504,0.02362626932120877,0.04913399217115104,0.049155045206218606,0.044005702313701996,,,,,,,,,0.04054314968046937,0.0334459631401577,0.049155045206218606,0.03112512341108562,0.02362626932120877,0.04913399217115104,0.049155045206218606,0.044005702313701996,,,,,,,,,0.04049892116539566,0.0334459631401577,0.049155045206218606,0.03189662886588265,0.02362626932120877,0.04913399217115104,0.049155045206218606,0.044005702313701996,,,,,,,,,0.04049892116539566,0.0334459631401577,0.049155045206218606,0.03208237609027444,0.02362626932120877,0.04913399217115104,0.049155045206218606,0.044005702313701996,,,,,,,,,0.04054314968046937,0.0334459631401577,0.049155045206218606,0.03100307761349284,0.02362626932120877,0.04913399217115104,0.049155045206218606,0.044005702313701996,,,,,,,,,0.04054314968046937,0.0334459631401577,0.049155045206218606,0.030818514578149943,0.02362626932120877,0.04913399217115104,0.049155045206218606,0.044005702313701996
2003-11,,,,,,,,,0.007817980244125005,0.007782651450796135,0.004392298735403699,0.008296059443850859,0.00272361693109166,0.004392298735403699,0.004392298735403699,0.007151581495948767,,,,,,,,,0.007817980244125005,0.007782651450796135,0.004392298735403699,0.008245907956431275,0.00272361693109166,0.004392298735403699,0.004392298735403699,0.007151581495948767,,,,,,,,,0.007817980244125005,0.007782651450796135,0.004392298735403699,0.008790142774779965,0.00272361693109166,0.004392298735403699,0.004392298735403699,0.007151581495948767,,,,,,,,,0.007817980244125005,0.007782651450796135,0.004392298735403699,0.008455141596953132,0.00272361693109166,0.004392298735403699,0.004392298735403699,0.007151581495948767,,,,,,,,,0.007817980244125005,0.007782651450796135,0.004392298735403699,0.008187861159185322,0.00272361693109166,0.004392298735403699,0.004392298735403699,0.007151581495948767,,,,,,,,,0.007817980244125005,0.007782651450796135,0.004392298735403699,0.008214527278894764,0.00272361693109166,0.004392298735403699,0.004392298735403699,0.007151581495948767
2003-12,,,,,,,,,0.035515467746265204,0.03714195015304198,0.03717218571863712,0.03331492300175399,0.030464398702605026,0.03717218571863712,0.03717218571863712,0.03821783167312652,,,,,,,,,0.035515467746265204,0.03714195015304198,0.03717218571863712,0.03273162272439352,0.030464398702605026,0.03717218571863712,0.03717218571863712,0.03821783167312652,,,,,,,,,0.03657136031237957,0.034794642480837065,0.03717218571863712,0.033771317007346306,0.030464398702605026,0.03717218571863712,0.03717218571863712,0.03821783167312652,,,,,,,,,0.03657136031237957,0.034794642480837065,0.03717218571863712,0.03343823638225422,0.030464398702605026,0.03717218571863712,0.03717218571863712,0.03821783167312652,,,,,,,,,0.03657136031237957,0.034794642480837065,0.03717218571863712,0.03260273186837075,0.030464398702605026,0.03717218571863712,0.03717218571863712,0.03821783167312652,,,,,,,,,0.03657136031237957,0.034794642480837065,0.03717218571863712,0.03254980346711635,0.030464398702605026,0.03717218571863712,0.03717218571863712,0.03821783167312652
2004-01,,,,,,,,,0.012310515209226205,0.012649246364230038,0.012649246364230038,0.0036627625097056223,0.011650156302244703,0.012649246364230038,0.012649246364230038,0.008136696878364129,,,,,,,,,0.012310515209226205,0.012649246364230038,0.012649246364230038,0.0031584471939980234,0.011650156302244703,0.012649246364230038,0.012649246364230038,0.008136696878364129,,,,,,,,,0.007797929805013444,0.004164315221078819,0.012649246364230038,0.0031892360375900433,0.011650156302244703,0.012649246364230038,0.012649246364230038,0.008136696878364129,,,,,,,,,0.007797929805013444,0.004164315221078819,0.012649246364230038,0.0034764403060625923,0.011650156302244703,0.012649246364230038,0.012649246364230038,0.008136696878364129,,,,,,,,,0.012300388625601106,0.012619407163283051,0.012649246364230038,0.0031498080286611325,0.011650156302244703,0.012649246364230038,0.012649246364230038,0.008136696878364129,,,,,,,,,0.012300388625601106,0.012619407163283051,0.012649246364230038,0.003032397432459634,0.011650156302244703,0.012649246364230038,0.012649246364230038,0.008136696878364129
2004-02,,,,,,,,,0.014010400981864046,0.015267174307462827,0.015267174307462827,0.008975626047281873,0.015607249785218599,0.015267174307462827,0.015267174307462827,0.012297980901868776,,,,,,,,,0.014010400981864046,0.015267174307462827,0.015267174307462827,0.008611553464851554,0.015607249785218599,0.015267174307462827,0.015267174307462827,0.012297980901868776,,,,,,,,,0.011041241876351117,0.009249278439063762,0.015267174307462827,0.008892369230642376,0.015607249785218599,0.015267174307462827,0.015267174307462827,0.012297980901868776,,,,,,,,,0.011041241876351117,0.009249278439063762,0.015267174307462827,0.008888990727361323,0.015607249785218599,0.015267174307462827,0.015267174307462827,0.012297980901868776,,,,,,,,,0.007894340143588313,0.009219869883661727,0.015267174307462827,0.008628984943645885,0.015607249785218599,0.015267174307462827,0.015267174307462827,0.012297980901868776,,,,,,,,,0.007894340143588313,0.009219869883661727,0.015267174307462827,0.008515774004017092,0.015607249785218599,0.015267174307462827,0.015267174307462827,0.012297980901868776
2004-03,,,,,,,,,-0.018298754939291766,-0.021189253634282146,-0.021189253634282146,0.0005084993198747961,-0.007524757978092914,-0.021189253634282146,-0.021189253634282146,-0.01127543722794962,,,,,,,,,-0.018298754939291766,-0.021189253634282146,-0.021189253634282146,0.0015776634646285992,-0.007524757978092914,-0.021189253634282146,-0.021189253634282146,-0.01127543722794962,,,,,,,,,-0.01830844502373323,-0.021218836283413707,-0.021189253634282146,0.0015785640273857547,-0.007524757978092914,-0.021189253634282146,-0.021189253634282146,-0.01127543722794962,,,,,,,,,-0.01830844502373323,-0.021218836283413707,-0.021189253634282146,0.0009238819764756271,-0.007524757978092914,-0.021189253634282146,-0.021189253634282146,-0.01127543722794962,,,,,,,,,0.013160802347045216,-0.002717658761320957,-0.021189253634282146,0.0015908381547796759,-0.007524757978092914,-0.021189253634282146,-0.021189253634282146,-0.01127543722794962,,,,,,,,,0.013160802347045216,-0.002717658761320957,-0.021189253634282146,0.0018427429029858895,-0.007524757978092914,-0.021189253634282146,-0.021189253634282146,-0.01127543722794962
2004-04,,,,,,,,,-0.010082621325083604,-0.010474941970325724,-0.010474941970325724,-0.02170478743270391,-0.023670428848700555,-0.010474941970325724,-0.010474941970325724,-0.01885966052329073,,,,,,,,,-0.010082621325083604,-0.010474941970325724,-0.010474941970325724,-0.022075535128332786,-0.023670428848700555,-0.010474941970325724,-0.010474941970325724,-0.01885966052329073,,,,,,,,,-0.010082621325083604,-0.010474941970325724,-0.010474941970325724,-0.02260566743943971,-0.023670428848700555,-0.010474941970325724,-0.010474941970325724,-0.01885966052329073,,,,,,,,,-0.010082621325083604,-0.010474941970325724,-0.010474941970325724,-0.022076369460548452,-0.023670428848700555,-0.010474941970325724,-0.010474941970325724,-0.01885966052329073,,,,,,,,,-0.010139118090508577,-0.010506238534258602,-0.010474941970325724,-0.021950152555235528,-0.023670428848700555,-0.010474941970325724,-0.010474941970325724,-0.01885966052329073,,,,,,,,,-0.010139118090508577,-0.010506238534258602,-0.010474941970325724,-0.02214287683663286,-0.023670428848700555,-0.010474941970325724,-0.010474941970325724,-0.01885966052329073
2004-05,,,,,,,,,0.007931511100371208,0.010585827903320855,0.010585827903320855,0.008409005385424521,0.004225958337055155,0.010585827903320855,0.010585827903320855,0.011335261595988626,,,,,,,,,0.007931511100371208,0.010585827903320855,0.010585827903320855,0.0082835775735714,0.004225958337055155,0.010585827903320855,0.010585827903320855,0.011335261595988626,,,,,,,,,0.007931511100371208,0.010585827903320855,0.010585827903320855,0.008666347490428451,0.004225958337055155,0.010585827903320855,0.010585827903320855,0.011335261595988626,,,,,,,,,0.007931511100371208,0.010585827903320855,0.010585827903320855,0.008475301576134983,0.004225958337055155,0.010585827903320855,0.010585827903320855,0.011335261595988626,,,,,,,,,0.007931511100371208,0.010585827903320855,0.010585827903320855,0.00825622763254007,0.004225958337055155,0.010585827903320855,0.010585827903320855,0.011335261595988626,,,,,,,,,0.007931511100371208,0.010585827903320855,0.010585827903320855,0.008240359811745781,0.004225958337055155,0.010585827903320855,0.010585827903320855,0.011335261595988626
2004-06,,,,,,,,,0.006921835638346898,0.011139607373536026,0.016760107269222724,0.01039342896016243,0.01266875566542374,0.016760107269222724,0.016760107269222724,0.014728701380740667,,,,,,,,,0.006921835638346898,0.011139607373536026,0.016760107269222724,0.009965147528253407,0.01266875566542374,0.016760107269222724,0.016760107269222724,0.014728701380740667,,,,,,,,,0.01635254403997067,0.016760107269222724,0.016760107269222724,0.010066234038847342,0.01266875566542374,0.016760107269222724,0.016760107269222724,0.014728701380740667,,,,,,,,,0.01635254403997067,0.016760107269222724,0.016760107269222724,0.01030011680034984,0.01266875566542374,0.016760107269222724,0.016760107269222724,0.014728701380740667,,,,,,,,,0.01635254403997067,0.016760107269222724,0.016760107269222724,0.009894307636803686,0.01266875566542374,0.016760107269222724,0.016760107269222724,0.014728701380740667,,,,,,,,,0.01635254403997067,0.016760107269222724,0.016760107269222724,0.00985088822897694,0.01266875566542374,0.016760107269222724,0.016760107269222724,0.014728701380740667
2004-07,,,,,,,,,-0.021675576140257533,-0.03240614190964742,-0.04601703492683207,-0.02736019276299572,-0.02276367375021517,-0.04601703492683207,-0.04601703492683207,-0.04182305262972512,,,,,,,,,-0.021675576140257533,-0.03240614190964742,-0.04601703492683207,-0.026346401813242343,-0.02276367375021517,-0.04601703492683207,-0.04601703492683207,-0.04182305262972512,,,,,,,,,-0.04030026080581916,-0.04601703492683207,-0.04601703492683207,-0.026784522783163525,-0.02276367375021517,-0.04601703492683207,-0.04601703492683207,-0.04182305262972512,,,,,,,,,-0.04030026080581916,-0.04601703492683207,-0.04601703492683207,-0.027187796916474247,-0.02276367375021517,-0.04601703492683207,-0.04601703492683207,-0.04182305262972512,,,,,,,,,-0.02172883446110525,-0.032435754897429246,-0.04601703492683207,-0.02618082453799273,-0.02276367375021517,-0.04601703492683207,-0.04601703492683207,-0.04182305262972512,,,,,,,,,-0.02172883446110525,-0.032435754897429246,-0.04601703492683207,-0.026070926412524197,-0.02276367375021517,-0.04601703492683207,-0.04601703492683207,-0.04182305262972512
2004-08,,,,,,,,,0.015713935920041135,0.009557121133413874,0.0014399708962720137,0.010153960779723744,0.012181403734338878,0.0014399708962720137,0.007284488693951141,0.006257215123513104,,,,,,,,,0.015713935920041135,0.009557121133413874,0.0014399708962720137,0.010444797721391372,0.012181403734338878,0.0014399708962720137,0.007284488693951141,0.006257215123513104,,,,,,,,,0.003205792258238779,0.0014399708962720137,0.0014399708962720137,0.01058373047534293,0.012181403734338878,0.0014399708962720137,0.007284488693951141,0.006257215123513104,,,,,,,,,0.003205792258238779,0.0014399708962720137,0.0014399708962720137,0.010351073296483253,0.012181403734338878,0.0014399708962720137,0.007284488693951141,0.006257215123513104,,,,,,,,,0.015713935920041135,0.009557121133413874,0.0014399708962720137,0.010380515614480704,0.012181403734338878,0.0014399708962720137,0.007284488693951141,0.006257215123513104,,,,,,,,,0.015713935920041135,0.009557121133413874,0.0014399708962720137,0.010507669416915685,0.012181403734338878,0.0014399708962720137,0.007284488693951141,0.006257215123513104
2004-09,,,,,,,,,0.016063160901836515,0.004903516694119569,0.0028755432041804863,0.007449010804289731,0.0030143959265421304,0.0028755432041804863,-0.0009491235795565656,0.004609979638382427,,,,,,,,,0.016063160901836515,0.004903516694119569,0.0028755432041804863,0.0074147793918853105,0.0030143959265421304,0.0028755432041804863,-0.0009491235795565656,0.004609979638382427,,,,,,,,,0.016010219352735968,0.004874144174554898,0.0028755432041804863,0.0081660502297896,0.0030143959265421304,0.0028755432041804863,-0.0009491235795565656,0.004609979638382427,,,,,,,,,0.016010219352735968,0.004874144174554898,0.0028755432041804863,0.007610875320632504,0.0030143959265421304,0.0028755432041804863,-0.0009491235795565656,0.004609979638382427,,,,,,,,,0.016063160901836515,0.004903516694119569,0.0028755432041804863,0.007433398574221758,0.0030143959265421304,0.0028755432041804863,-0.0009491235795565656,0.004609979638382427,,,,,,,,,0.016063160901836515,0.004903516694119569,0.0028755432041804863,0.007388280030260897,0.0030143959265421304,0.0028755432041804863,-0.0009491235795565656,0.004609979638382427
2004-10,,,,,,,,,0.01771326085737607,0.011982351529895869,0.011469535031897182,0.012402695280091898,0.010838521490168423,0.011469535031897182,0.0029542037604697313,0.012663001102966753,,,,,,,,,0.01771326085737607,0.011982351529895869,0.011469535031897182,0.012157025848533917,0.010838521490168423,0.011469535031897182,0.0029542037604697313,0.012663001102966753,,,,,,,,,0.01771326085737607,0.011982351529895869,0.011469535031897182,0.012804435803637533,0.010838521490168423,0.011469535031897182,0.0029542037604697313,0.012663001102966753,,,,,,,,,0.01771326085737607,0.011982351529895869,0.011469535031897182,0.012508856861281068,0.010838521490168423,0.011469535031897182,0.0029542037604697313,0.012663001102966753,,,,,,,,,0.01771326085737607,0.011982351529895869,0.011469535031897182,0.012100639126592108,0.010838521490168423,0.011469535031897182,0.0029542037604697313,0.012663001102966753,,,,,,,,,0.01771326085737607,0.011982351529895869,0.011469535031897182,0.012074811870414844,0.010838521490168423,0.011469535031897182,0.0029542037604697313,0.012663001102966753
2004-11,,,,,,,,,0.03556823735986344,0.033907374551050855,0.03827090246323883,0.031186510734051827,0.015051069518160641,0.03827090246323883,-0.005755199873258676,0.0397645901000081,,,,,,,,,0.03556823735986344,0.033907374551050855,0.03827090246323883,0.030512978403520744,0.015051069518160641,0.03827090246323883,-0.005755199873258676,0.0397645901000081,,,,,,,,,0.03556823735986344,0.033907374551050855,0.03827090246323883,0.03142778860614315,0.015051069518160641,0.03827090246323883,-0.005755199873258676,0.0397645901000081,,,,,,,,,0.03556823735986344,0.033907374551050855,0.03827090246323883,0.03129399047006519,0.015051069518160641,0.03827090246323883,-0.005755199873258676,0.0397645901000081,,,,,,,,,0.03556823735986344,0.033907374551050855,0.03827090246323883,0.030313204814122217,0.015051069518160641,0.03827090246323883,-0.005755199873258676,0.0397645901000081,,,,,,,,,0.03556823735986344,0.033907374551050855,0.03827090246323883,0.030306263626016964,0.015051069518160641,0.03827090246323883,-0.005755199873258676,0.0397645901000081
2004-12,,,,,,,,,0.009054494916362812,0.02342389968337073,0.03951863566655711,0.01946869140571796,0.028379150514186723,0.03951863566655711,0.03941863566655711,0.03250881249508655,,,,,,,,,0.009054494916362812,0.02342389968337073,0.03951863566655711,0.01832507947979895,0.028379150514186723,0.03951863566655711,0.03941863566655711,0.03250881249508655,,,,,,,,,0.009054494916362812,0.02342389968337073,0.03951863566655711,0.018517482128003807,0.028379150514186723,0.03951863566655711,0.03941863566655711,0.03250881249508655,,,,,,,,,0.009054494916362812,0.02342389968337073,0.03951863566655711,0.01916061505584647,0.028379150514186723,0.03951863566655711,0.03941863566655711,0.03250881249508655,,,,,,,,,0.009054494916362812,0.02342389968337073,0.03951863566655711,0.01819024790670876,0.028379150514186723,0.03951863566655711,0.03941863566655711,0.03250881249508655,,,,,,,,,0.009054494916362812,0.02342389968337073,0.03951863566655711,0.01802650119542606,0.028379150514186723,0.03951863566655711,0.03941863566655711,0.03250881249508655
2005-01,,,,,,,,,-0.012113342076676283,-0.03357788593622427,-0.04015815910702669,-0.029306233506059688,-0.020611048442629672,-0.04015815910702669,-0.04015815910702669,-0.03975025567555365,,,,,,,,,-0.012113342076676283,-0.03357788593622427,-0.04015815910702669,-0.02851010864499937,-0.020611048442629672,-0.04015815910702669,-0.04015815910702669,-0.03975025567555365,,,,,,,,,-0.02959912842565432,-0.03357788593622427,-0.04015815910702669,-0.0292088948536072,-0.020611048442629672,-0.04015815910702669,-0.04015815910702669,-0.03975025567555365,,,,,,,,,-0.02959912842565432,-0.03357788593622427,-0.04015815910702669,-0.029310522098586284,-0.020611048442629672,-0.04015815910702669,-0.04015815910702669,-0.03975025567555365,,,,,,,,,-0.02959912842565432,-0.03357788593622427,-0.04015815910702669,-0.02831054920529232,-0.020611048442629672,-0.04015815910702669,-0.04015815910702669,-0.03975025567555365,,,,,,,,,-0.02959912842565432,-0.03357788593622427,-0.04015815910702669,-0.028278770624703225,-0.020611048442629672,-0.04015815910702669,-0.04015815910702669,-0.03975025567555365
2005-02,,,,,,,,,-0.0008030368664203428,-5.348583244160502e-05,-0.0061728183284215365,0.00257041965699875,-0.009178577564639754,-0.0061728183284215365,-0.0061728183284215365,-0.0024527857721748153,,,,,,,,,-0.0008030368664203428,-5.348583244160502e-05,-0.0061728183284215365,0.0028167534878641497,-0.009178577564639754,-0.0061728183284215365,-0.0061728183284215365,-0.0024527857721748153,,,,,,,,,0.010851838415984591,-5.348583244160502e-05,-0.0061728183284215365,0.003259028017940922,-0.009178577564639754,-0.0061728183284215365,-0.0061728183284215365,-0.0024527857721748153,,,,,,,,,0.010851838415984591,-5.348583244160502e-05,-0.0061728183284215365,0.0027759821002195204,-0.009178577564639754,-0.0061728183284215365,-0.0061728183284215365,-0.0024527857721748153,,,,,,,,,0.00311423872611445,-5.348583244160502e-05,-0.0061728183284215365,0.0028216312844012922,-0.009178577564639754,-0.0061728183284215365,-0.0061728183284215365,-0.0024527857721748153,,,,,,,,,0.00311423872611445,-5.348583244160502e-05,-0.0061728183284215365,0.002866454102453895,-0.009178577564639754,-0.0061728183284215365,-0.0061728183284215365,-0.0024527857721748153
2005-03,,,,,,,,,-0.01976193874721605,-0.015949486128336413,-0.019323732645980862,-0.015152625597727537,-0.013208153559699015,-0.019323732645980862,-0.019323732645980862,-0.019022751993245476,,,,,,,,,-0.01976193874721605,-0.015949486128336413,-0.019323732645980862,-0.014643557416572705,-0.013208153559699015,-0.019323732645980862,-0.019323732645980862,-0.019022751993245476,,,,,,,,,-0.0141786821393333,-0.015949486128336413,-0.019323732645980862,-0.01498852020103033,-0.013208153559699015,-0.019323732645980862,-0.019323732645980862,-0.019022751993245476,,,,,,,,,-0.0141786821393333,-0.015949486128336413,-0.019323732645980862,-0.015138700768257627,-0.013208153559699015,-0.019323732645980862,-0.019323732645980862,-0.019022751993245476,,,,,,,,,-0.014314752236878222,-0.015949486128336413,-0.019323732645980862,-0.014503609355378025,-0.013208153559699015,-0.019323732645980862,-0.019323732645980862,-0.019022751993245476,,,,,,,,,-0.014314752236878222,-0.015949486128336413,-0.019323732645980862,-0.014497266835014752,-0.013208153559699015,-0.019323732645980862,-0.019323732645980862,-0.019022751993245476
2005-04,,,,,,,,,0.000948700481469001,-0.0111559727905687,-0.019704497079468086,-0.011439958071787798,-0.0017570103680843471,-0.019704497079468086,0.005105476343508763,-0.01649633848368105,,,,,,,,,0.000948700481469001,-0.0111559727905687,-0.019704497079468086,-0.01083902316275532,-0.0017570103680843471,-0.019704497079468086,0.005105476343508763,-0.01649633848368105,,,,,,,,,0.0009314462927988001,-0.0111559727905687,-0.019704497079468086,-0.011415243037172111,-0.0017570103680843471,-0.019704497079468086,0.005105476343508763,-0.01649633848368105,,,,,,,,,0.0009314462927988001,-0.0111559727905687,-0.019704497079468086,-0.011364402237466613,-0.0017570103680843471,-0.019704497079468086,0.005105476343508763,-0.01649633848368105,,,,,,,,,-0.01833679404465261,-0.019734737140741414,-0.019704497079468086,-0.010813906727265845,-0.0017570103680843471,-0.019704497079468086,0.005105476343508763,-0.01649633848368105,,,,,,,,,-0.01833679404465261,-0.019734737140741414,-0.019704497079468086,-0.010673527931815306,-0.0017570103680843471,-0.019704497079468086,0.005105476343508763,-0.01649633848368105
2005-05,,,,,,,,,0.013562703562841264,0.03340401268426403,0.055276606608285705,0.03236153822764309,0.0405175594923635,0.055276606608285705,0.0039555720820663165,0.045827090642036994,,,,,,,,,0.013562703562841264,0.03340401268426403,0.055276606608285705,0.031162899215221102,0.0405175594923635,0.055276606608285705,0.0039555720820663165,0.045827090642036994,,,,,,,,,0.013562703562841264,0.03340401268426403,0.055276606608285705,0.031358515606459865,0.0405175594923635,0.055276606608285705,0.0039555720820663165,0.045827090642036994,,,,,,,,,0.013562703562841264,0.03340401268426403,0.055276606608285705,0.03197523332372684,0.0405175594923635,0.055276606608285705,0.0039555720820663165,0.045827090642036994,,,,,,,,,0.020778224001883814,0.033374617849596215,0.055276606608285705,0.03110688293577487,0.0405175594923635,0.055276606608285705,0.0039555720820663165,0.045827090642036994,,,,,,,,,0.020778224001883814,0.033374617849596215,0.055276606608285705,0.03085717711109262,0.0405175594923635,0.055276606608285705,0.0039555720820663165,0.045827090642036994
2005-06,,,,,,,,,0.015273467294638216,0.007433542863607038,0.0008835098178965328,0.010551077443389506,0.002443083387359782,0.0008835098178965328,0.0007835098178965328,0.005092057640700793,,,,,,,,,0.015273467294638216,0.007433542863607038,0.0008835098178965328,0.01097397851889208,0.002443083387359782,0.0008835098178965328,0.0007835098178965328,0.005092057640700793,,,,,,,,,0.015273467294638216,0.007433542863607038,0.0008835098178965328,0.011204637833833846,0.002443083387359782,0.0008835098178965328,0.0007835098178965328,0.005092057640700793,,,,,,,,,0.015273467294638216,0.007433542863607038,0.0008835098178965328,0.010758923822704868,0.002443083387359782,0.0008835098178965328,0.0007835098178965328,0.005092057640700793,,,,,,,,,0.018231930492287482,0.007433542863607038,0.0008835098178965328,0.010999017263812874,0.002443083387359782,0.0008835098178965328,0.0007835098178965328,0.005092057640700793,,,,,,,,,0.018231930492287482,0.007433542863607038,0.0008835098178965328,0.011074465836915251,0.002443083387359782,0.0008835098178965328,0.0007835098178965328,0.005092057640700793
2005-07,,,,,,,,,0.032533735886423325,0.026324039573701465,0.041468393088333944,0.025691522472974203,0.01613298809453394,0.041468393088333944,0.041468393088333944,0.03589392328507243,,,,,,,,,0.032533735886423325,0.026324039573701465,0.041468393088333944,0.02470342124902785,0.01613298809453394,0.041468393088333944,0.041468393088333944,0.03589392328507243,,,,,,,,,0.0067483690315476574,0.026324039573701465,0.041468393088333944,0.025372100152493658,0.01613298809453394,0.041468393088333944,0.041468393088333944,0.03589392328507243,,,,,,,,,0.0067483690315476574,0.026324039573701465,0.041468393088333944,0.025516032575595708,0.01613298809453394,0.041468393088333944,0.041468393088333944,0.03589392328507243,,,,,,,,,0.022493553731439127,0.026324039573701465,0.041468393088333944,0.02463611546176213,0.01613298809453394,0.041468393088333944,0.041468393088333944,0.03589392328507243,,,,,,,,,0.022493553731439127,0.026324039573701465,0.041468393088333944,0.024436417803188507,0.01613298809453394,0.041468393088333944,0.041468393088333944,0.03589392328507243
2005-08,,,,,,,,,-0.00778925890730235,-0.0052053885218829804,-0.011749407022891512,-0.003092723448143637,0.0009509006185637017,-0.011749407022891512,-0.011749407022891512,-0.0092204390804523,,,,,,,,,-0.00778925890730235,-0.0052053885218829804,-0.011749407022891512,-0.0027735171157532786,0.0009509006185637017,-0.011749407022891512,-0.011749407022891512,-0.0092204390804523,,,,,,,,,-0.0009636723050019308,-0.0052053885218829804,-0.011749407022891512,-0.0023056668493383276,0.0009509006185637017,-0.011749407022891512,-0.011749407022891512,-0.0092204390804523,,,,,,,,,-0.0009636723050019308,-0.0052053885218829804,-0.011749407022891512,-0.0029104537074120668,0.0009509006185637017,-0.011749407022891512,-0.011749407022891512,-0.0092204390804523,,,,,,,,,-0.010372929029026527,-0.011778374150367735,-0.011749407022891512,-0.002687762418316699,0.0009509006185637017,-0.011749407022891512,-0.011749407022891512,-0.0092204390804523,,,,,,,,,-0.010372929029026527,-0.011778374150367735,-0.011749407022891512,-0.00269978988045228,0.0009509006185637017,-0.011749407022891512,-0.011749407022891512,-0.0092204390804523
2005-09,,,,,,,,,0.02595914102421382,0.019278647030939167,0.011889096861046555,0.020737935971135633,0.0001235913202975664,0.011889096861046555,0.011889096861046555,0.018303642016465664,,,,,,,,,0.02595914102421382,0.019278647030939167,0.011889096861046555,0.021228290385621545,0.0001235913202975664,0.011889096861046555,0.011889096861046555,0.018303642016465664,,,,,,,,,0.026082585160377907,0.019278647030939167,0.011889096861046555,0.021439406234416175,0.0001235913202975664,0.011889096861046555,0.011889096861046555,0.018303642016465664,,,,,,,,,0.026082585160377907,0.019278647030939167,0.011889096861046555,0.021015985319260175,0.0001235913202975664,0.011889096861046555,0.011889096861046555,0.018303642016465664,,,,,,,,,0.010144070344056663,0.011889096861046555,0.011889096861046555,0.02118671793758993,0.0001235913202975664,0.011889096861046555,0.011889096861046555,0.018303642016465664,,,,,,,,,0.010144070344056663,0.011889096861046555,0.011889096861046555,0.021340427138876735,0.0001235913202975664,0.011889096861046555,0.011889096861046555,0.018303642016465664
2005-10,,,,,,,,,-0.0019656694826934292,-0.006571043858626873,-0.007832963923317005,-0.007515351644395783,-0.009657456186748108,-0.007832963923317005,-0.007832963923317005,-0.007692631126045649,,,,,,,,,-0.0019656694826934292,-0.006571043858626873,-0.007832963923317005,-0.007350073749518787,-0.009657456186748108,-0.007832963923317005,-0.007832963923317005,-0.007692631126045649,,,,,,,,,-0.0019656694826934292,-0.006571043858626873,-0.007832963923317005,-0.007851147573912587,-0.009657456186748108,-0.007832963923317005,-0.007832963923317005,-0.007692631126045649,,,,,,,,,-0.0019656694826934292,-0.006571043858626873,-0.007832963923317005,-0.0075686882458368045,-0.009657456186748108,-0.007832963923317005,-0.007832963923317005,-0.007692631126045649,,,,,,,,,-0.002098228070799817,-0.006599880849009074,-0.007832963923317005,-0.007359785555879529,-0.009657456186748108,-0.007832963923317005,-0.007832963923317005,-0.007692631126045649,,,,,,,,,-0.002098228070799817,-0.006599880849009074,-0.007832963923317005,-0.007297000473655433,-0.009657456186748108,-0.007832963923317005,-0.007832963923317005,-0.007692631126045649
2005-11,,,,,,,,,0.0318636348404692,0.04339167329100844,0.04868434823589585,0.04230360640109629,0.03171183686004354,0.04868434823589585,0.04868434823589585,0.04963485938184858,,,,,,,,,0.0318636348404692,0.04339167329100844,0.04868434823589585,0.041878140179351944,0.03171183686004354,0.04868434823589585,0.04868434823589585,0.04963485938184858,,,,,,,,,0.0318636348404692,0.04339167329100844,0.04868434823589585,0.042403989142313095,0.03171183686004354,0.04868434823589585,0.04868434823589585,0.04963485938184858,,,,,,,,,0.0318636348404692,0.04339167329100844,0.04868434823589585,0.04236380067607042,0.03171183686004354,0.04868434823589585,0.04868434823589585,0.04963485938184858,,,,,,,,,0.0318636348404692,0.04339167329100844,0.04868434823589585,0.041744517966888835,0.03171183686004354,0.04868434823589585,0.04868434823589585,0.04963485938184858,,,,,,,,,0.0318636348404692,0.04339167329100844,0.04868434823589585,0.0417483013027675,0.03171183686004354,0.04868434823589585,0.04868434823589585,0.04963485938184858
2005-12,,,,,,,,,0.013290883683691827,0.007660319267109539,-0.0006274885242433248,0.009441308931119833,0.005085721603927622,-0.0006274885242433248,-0.0006274885242433248,0.004486102317204544,,,,,,,,,0.013290883683691827,0.007660319267109539,-0.0006274885242433248,0.009845906226707977,0.005085721603927622,-0.0006274885242433248,-0.0006274885242433248,0.004486102317204544,,,,,,,,,0.013290883683691827,0.007660319267109539,-0.0006274885242433248,0.010130888878325011,0.005085721603927622,-0.0006274885242433248,-0.0006274885242433248,0.004486102317204544,,,,,,,,,0.013290883683691827,0.007660319267109539,-0.0006274885242433248,0.009682235349681174,0.005085721603927622,-0.0006274885242433248,-0.0006274885242433248,0.004486102317204544,,,,,,,,,0.013290883683691827,0.007660319267109539,-0.0006274885242433248,0.009834160047273163,0.005085721603927622,-0.0006274885242433248,-0.0006274885242433248,0.004486102317204544,,,,,,,,,0.013290883683691827,0.007660319267109539,-0.0006274885242433248,0.009937411310584414,0.005085721603927622,-0.0006274885242433248,-0.0006274885242433248,0.004486102317204544
2006-01,,,,,,,,,0.04747190736110747,0.03316696803923052,0.02573765169996567,0.03361811048637122,0.01262943351268932,0.02573765169996567,0.02573765169996567,0.03308975396586631,,,,,,,,,0.04747190736110747,0.03316696803923052,0.02573765169996567,0.03371266262620709,0.01262943351268932,0.02573765169996567,0.02573765169996567,0.03308975396586631,,,,,,,,,0.02763039399486815,0.03316696803923052,0.02573765169996567,0.0347031687163176,0.01262943351268932,0.02573765169996567,0.02573765169996567,0.03308975396586631,,,,,,,,,0.02763039399486815,0.03316696803923052,0.02573765169996567,0.03399783728127696,0.01262943351268932,0.02573765169996567,0.02573765169996567,0.03308975396586631,,,,,,,,,0.02763039399486815,0.03316696803923052,0.02573765169996567,0.03358443825778831,0.01262943351268932,0.02573765169996567,0.02573765169996567,0.03308975396586631,,,,,,,,,0.02763039399486815,0.03316696803923052,0.02573765169996567,0.033699564596648725,0.01262943351268932,0.02573765169996567,0.02573765169996567,0.03308975396586631
2006-02,,,,,,,,,-0.0011770513929885928,-0.0063299290552518706,-0.006731802406609533,-0.006011503257699415,-0.004453714566955632,-0.006731802406609533,-0.006731802406609533,-0.007170375680910615,,,,,,,,,-0.0011770513929885928,-0.0063299290552518706,-0.006731802406609533,-0.00588341197714454,-0.004453714566955632,-0.006731802406609533,-0.006731802406609533,-0.007170375680910615,,,,,,,,,-0.001041449519728964,-0.0063299290552518706,-0.006731802406609533,-0.006364105735868808,-0.004453714566955632,-0.006731802406609533,-0.006731802406609533,-0.007170375680910615,,,,,,,,,-0.001041449519728964,-0.0063299290552518706,-0.006731802406609533,-0.006083147075161907,-0.004453714566955632,-0.006731802406609533,-0.006731802406609533,-0.007170375680910615,,,,,,,,,-0.001041449519728964,-0.0063299290552518706,-0.006731802406609533,-0.005881185100192011,-0.004453714566955632,-0.006731802406609533,-0.006731802406609533,-0.007170375680910615,,,,,,,,,-0.001041449519728964,-0.0063299290552518706,-0.006731802406609533,-0.005839064116947205,-0.004453714566955632,-0.006731802406609533,-0.006731802406609533,-0.007170375680910615
2006-03,,,,,,,,,0.019150751807689635,0.012161186095901666,0.00924201887170506,0.012896325421371252,0.00011337122968118089,0.00924201887170506,0.00924201887170506,0.01193824953555074,,,,,,,,,0.019150751807689635,0.012161186095901666,0.00924201887170506,0.01300986034776851,0.00011337122968118089,0.00924201887170506,0.00924201887170506,0.01193824953555074,,,,,,,,,0.011791065388653104,0.012161186095901666,0.00924201887170506,0.01341922336213476,0.00011337122968118089,0.00924201887170506,0.00924201887170506,0.01193824953555074,,,,,,,,,0.011791065388653104,0.012161186095901666,0.00924201887170506,0.013051480567877534,0.00011337122968118089,0.00924201887170506,0.00924201887170506,0.01193824953555074,,,,,,,,,0.011791065388653104,0.012161186095901666,0.00924201887170506,0.013000092411606814,0.00011337122968118089,0.00924201887170506,0.00924201887170506,0.01193824953555074,,,,,,,,,0.011791065388653104,0.012161186095901666,0.00924201887170506,0.013026413367115929,0.00011337122968118089,0.00924201887170506,0.00924201887170506,0.01193824953555074
2006-04,,,,,,,,,-0.00034321146881072896,-0.0006405440724323562,-0.0006103421739899195,0.019343333194799014,-0.0028752896298924096,-0.0006103421739899195,-0.0006103421739899195,0.011481429948174575,,,,,,,,,-0.00034321146881072896,-0.0006405440724323562,-0.0006103421739899195,0.02007135650521687,-0.0028752896298924096,-0.0006103421739899195,-0.0006103421739899195,0.011481429948174575,,,,,,,,,0.02328342117486586,0.01794980615534149,-0.0006103421739899195,0.02097319560377839,-0.0028752896298924096,-0.0006103421739899195,-0.0006103421739899195,0.011481429948174575,,,,,,,,,0.02328342117486586,0.01794980615534149,-0.0006103421739899195,0.019921897740359483,-0.0028752896298924096,-0.0006103421739899195,-0.0006103421739899195,0.011481429948174575,,,,,,,,,0.02328342117486586,0.01794980615534149,-0.0006103421739899195,0.01998517331893857,-0.0028752896298924096,-0.0006103421739899195,-0.0006103421739899195,0.011481429948174575,,,,,,,,,0.02328342117486586,0.01794980615534149,-0.0006103421739899195,0.020220477059365197,-0.0028752896298924096,-0.0006103421739899195,-0.0006103421739899195,0.011481429948174575
2006-05,,,,,,,,,-0.04820370666459166,-0.05314630928448161,-0.05314630928448161,-0.0368688270867131,-0.03231479114778496,-0.05314630928448161,-0.05314630928448161,-0.049153991077856875,,,,,,,,,-0.04820370666459166,-0.05314630928448161,-0.05314630928448161,-0.03592286510877221,-0.03231479114778496,-0.05314630928448161,-0.05314630928448161,-0.049153991077856875,,,,,,,,,-0.018536839586325002,-0.03893546959145726,-0.05314630928448161,-0.036528402708807625,-0.03231479114778496,-0.05314630928448161,-0.05314630928448161,-0.049153991077856875,,,,,,,,,-0.018536839586325002,-0.03893546959145726,-0.05314630928448161,-0.036735517452291346,-0.03231479114778496,-0.05314630928448161,-0.05314630928448161,-0.049153991077856875,,,,,,,,,-0.04433350057348319,-0.03893546959145726,-0.05314630928448161,-0.03579859971911015,-0.03231479114778496,-0.05314630928448161,-0.05314630928448161,-0.049153991077856875,,,,,,,,,-0.04433350057348319,-0.03893546959145726,-0.05314630928448161,-0.03566319602609956,-0.03231479114778496,-0.05314630928448161,-0.05314630928448161,-0.049153991077856875
2006-06,,,,,,,,,0.01702961875548785,0.01935519654954354,0.01935519654954354,0.004751680155572427,0.012530262205832714,0.01935519654954354,0.0022648904532413974,0.012748578595730652,,,,,,,,,0.01702961875548785,0.01935519654954354,0.01935519654954354,0.0040894862842647236,0.012530262205832714,0.01935519654954354,0.0022648904532413974,0.012748578595730652,,,,,,,,,-0.004150981740865485,0.006896255496967979,0.01935519654954354,0.004001874589004326,0.012530262205832714,0.01935519654954354,0.0022648904532413974,0.012748578595730652,,,,,,,,,-0.004150981740865485,0.006896255496967979,0.01935519654954354,0.004467330600767352,0.012530262205832714,0.01935519654954354,0.0022648904532413974,0.012748578595730652,,,,,,,,,0.01701938190610921,0.019324161365363482,0.01935519654954354,0.004088470528495633,0.012530262205832714,0.01935519654954354,0.0022648904532413974,0.012748578595730652,,,,,,,,,0.01701938190610921,0.019324161365363482,0.01935519654954354,0.003928170313507772,0.012530262205832714,0.01935519654954354,0.0022648904532413974,0.012748578595730652
2006-07,,,,,,,,,0.0008487233117203568,-0.007595947669939708,-0.018987686152049488,-0.005358419853017403,-0.004683688392205824,-0.018987686152049488,0.006649049201576274,-0.013937454442983877,,,,,,,,,0.0008487233117203568,-0.007595947669939708,-0.018987686152049488,-0.00464865036858276,-0.004683688392205824,-0.018987686152049488,0.006649049201576274,-0.013937454442983877,,,,,,,,,-0.01643940374129059,-0.01901682007224288,-0.018987686152049488,-0.004802128849639815,-0.004683688392205824,-0.018987686152049488,0.006649049201576274,-0.013937454442983877,,,,,,,,,-0.01643940374129059,-0.01901682007224288,-0.018987686152049488,-0.005151588026468018,-0.004683688392205824,-0.018987686152049488,0.006649049201576274,-0.013937454442983877,,,,,,,,,-0.016304841171931542,-0.018987686152049488,-0.018987686152049488,-0.004598322194076816,-0.004683688392205824,-0.018987686152049488,0.006649049201576274,-0.013937454442983877,,,,,,,,,-0.016304841171931542,-0.018987686152049488,-0.018987686152049488,-0.00446521534816223,-0.004683688392205824,-0.018987686152049488,0.006649049201576274,-0.013937454442983877
2006-08,,,,,,,,,0.00310251323330707,0.008544935892171894,0.01354840711994676,0.007564626226102648,0.015182115322181371,0.01354840711994676,0.0075202341383793225,0.010815653012319923,,,,,,,,,0.00310251323330707,0.008544935892171894,0.01354840711994676,0.007206861764312418,0.015182115322181371,0.01354840711994676,0.0075202341383793225,0.010815653012319923,,,,,,,,,0.013640710799886794,0.01354840711994676,0.01354840711994676,0.007172851915815279,0.015182115322181371,0.01354840711994676,0.0075202341383793225,0.010815653012319923,,,,,,,,,0.013640710799886794,0.01354840711994676,0.01354840711994676,0.0074378996840310085,0.015182115322181371,0.01354840711994676,0.0075202341383793225,0.010815653012319923,,,,,,,,,0.0023045502537067247,0.008515741509121322,0.01354840711994676,0.007173853476619739,0.015182115322181371,0.01354840711994676,0.0075202341383793225,0.010815653012319923,,,,,,,,,0.0023045502537067247,0.008515741509121322,0.01354840711994676,0.007116671736015405,0.015182115322181371,0.01354840711994676,0.0075202341383793225,0.010815653012319923
2006-09,,,,,,,,,0.001674684357365511,0.014363926875678074,0.02928092525295356,0.01248898674812581,0.0223986766792671,0.02928092525295356,0.004389618192429889,0.021825378578630872,,,,,,,,,0.001674684357365511,0.014363926875678074,0.02928092525295356,0.01162572944882368,0.0223986766792671,0.02928092525295356,0.004389618192429889,0.021825378578630872,,,,,,,,,0.027606260812133847,0.02928092525295356,0.02928092525295356,0.011559338076226904,0.0223986766792671,0.02928092525295356,0.004389618192429889,0.021825378578630872,,,,,,,,,0.027606260812133847,0.02928092525295356,0.02928092525295356,0.012159948765822309,0.0223986766792671,0.02928092525295356,0.004389618192429889,0.021825378578630872,,,,,,,,,0.00028355465995253505,0.014363926875678074,0.02928092525295356,0.01158357536401345,0.0223986766792671,0.02928092525295356,0.004389618192429889,0.021825378578630872,,,,,,,,,0.00028355465995253505,0.014363926875678074,0.02928092525295356,0.01141080305896263,0.0223986766792671,0.02928092525295356,0.004389618192429889,0.021825378578630872
2006-10,,,,,,,,,0.01926317105236082,0.020316154572201747,0.025355568913575377,0.01932789726139366,0.01736714359077112,0.025355568913575377,0.025255568913575378,0.024114126592279635,,,,,,,,,0.01926317105236082,0.020316154572201747,0.025355568913575377,0.018892848495353613,0.01736714359077112,0.025355568913575377,0.025255568913575378,0.024114126592279635,,,,,,,,,0.019210590688717666,0.020287183951496465,0.025355568913575377,0.019278227082469495,0.01736714359077112,0.025355568913575377,0.025255568913575378,0.024114126592279635,,,,,,,,,0.019210590688717666,0.020287183951496465,0.025355568913575377,0.019300509422472543,0.01736714359077112,0.025355568913575377,0.025255568913575378,0.024114126592279635,,,,,,,,,0.010133785171713905,0.020316154572201747,0.025355568913575377,0.018826000886341794,0.01736714359077112,0.025355568913575377,0.025255568913575378,0.024114126592279635,,,,,,,,,0.010133785171713905,0.020316154572201747,0.025355568913575377,0.018769836252578623,0.01736714359077112,0.025355568913575377,0.025255568913575378,0.024114126592279635
2006-11,,,,,,,,,0.02105498575409383,0.02168336262976395,0.021713016965736243,0.026741417425494702,0.018272811812227497,0.021713016965736243,0.021713016965736243,0.026430712462270054,,,,,,,,,0.02105498575409383,0.02168336262976395,0.021713016965736243,0.0266752656568237,0.018272811812227497,0.021713016965736243,0.021713016965736243,0.026430712462270054,,,,,,,,,0.03746340774609269,0.026257435880775015,0.021713016965736243,0.027571051237622397,0.018272811812227497,0.021713016965736243,0.021713016965736243,0.026430712462270054,,,,,,,,,0.03746340774609269,0.026257435880775015,0.021713016965736243,0.027010325102665225,0.018272811812227497,0.021713016965736243,0.021713016965736243,0.026430712462270054,,,,,,,,,0.03732506930613785,0.026257435880775015,0.021713016965736243,0.026578960857203286,0.018272811812227497,0.021713016965736243,0.021713016965736243,0.026430712462270054,,,,,,,,,0.03732506930613785,0.026257435880775015,0.021713016965736243,0.026627598530728106,0.018272811812227497,0.021713016965736243,0.021713016965736243,0.026430712462270054
2006-12,,,,,,,,,-0.00012351275579597392,-0.0011806824410582895,-0.0011806824410582895,-0.002764939084720803,-0.00581128413731739,-0.0011806824410582895,-0.0011806824410582895,-0.0028956110562515258,,,,,,,,,-0.00012351275579597392,-0.0011806824410582895,-0.0011806824410582895,-0.002821372591496145,-0.00581128413731739,-0.0011806824410582895,-0.0011806824410582895,-0.0028956110562515258,,,,,,,,,-0.006369902060728229,-0.003477449604233285,-0.0011806824410582895,-0.0030540661786816344,-0.00581128413731739,-0.0011806824410582895,-0.0011806824410582895,-0.0028956110562515258,,,,,,,,,-0.006369902060728229,-0.003477449604233285,-0.0011806824410582895,-0.0028576412712816466,-0.00581128413731739,-0.0011806824410582895,-0.0011806824410582895,-0.0028956110562515258,,,,,,,,,-0.0001804162427467028,-0.001210992434830084,-0.0011806824410582895,-0.0028051706102182384,-0.00581128413731739,-0.0011806824410582895,-0.0011806824410582895,-0.0028956110562515258,,,,,,,,,-0.0001804162427467028,-0.001210992434830084,-0.0011806824410582895,-0.0028278986624260833,-0.00581128413731739,-0.0011806824410582895,-0.0011806824410582895,-0.0028956110562515258
2007-01,,,,,,,,,0.028225194397644808,0.02598461780574399,0.031323556599035296,0.025092361229022742,0.01719277227789085,0.031323556599035296,0.031323556599035296,0.03075393618639688,,,,,,,,,0.028225194397644808,0.02598461780574399,0.031323556599035296,0.02472877143220409,0.01719277227789085,0.031323556599035296,0.031323556599035296,0.03075393618639688,,,,,,,,,0.02875031769384673,0.03129371786785028,0.031323556599035296,0.024977284075130037,0.01719277227789085,0.031323556599035296,0.031323556599035296,0.03075393618639688,,,,,,,,,0.02875031769384673,0.03129371786785028,0.031323556599035296,0.025072199197403815,0.01719277227789085,0.031323556599035296,0.031323556599035296,0.03075393618639688,,,,,,,,,0.028804660055893546,0.031323556599035296,0.031323556599035296,0.024643637942089913,0.01719277227789085,0.031323556599035296,0.031323556599035296,0.03075393618639688,,,,,,,,,0.028804660055893546,0.031323556599035296,0.031323556599035296,0.0246254587384073,0.01719277227789085,0.031323556599035296,0.031323556599035296,0.03075393618639688
2007-02,,,,,,,,,-0.01794748263817763,-0.014347100671341585,-0.027506854400122238,-0.011318624257428894,-0.00828431800877129,-0.027506854400122238,-0.027506854400122238,-0.02221109840013882,,,,,,,,,-0.01794748263817763,-0.014347100671341585,-0.027506854400122238,-0.010576600962047432,-0.00828431800877129,-0.027506854400122238,-0.027506854400122238,-0.02221109840013882,,,,,,,,,-0.023243273844292225,-0.027506854400122238,-0.027506854400122238,-0.010619270251075369,-0.00828431800877129,-0.027506854400122238,-0.027506854400122238,-0.02221109840013882,,,,,,,,,-0.023243273844292225,-0.027506854400122238,-0.027506854400122238,-0.011084025482253594,-0.00828431800877129,-0.027506854400122238,-0.027506854400122238,-0.02221109840013882,,,,,,,,,-0.017957468121576982,-0.014376738468202291,-0.027506854400122238,-0.010508465586012724,-0.00828431800877129,-0.027506854400122238,-0.027506854400122238,-0.02221109840013882,,,,,,,,,-0.017957468121576982,-0.014376738468202291,-0.027506854400122238,-0.010386615435599588,-0.00828431800877129,-0.027506854400122238,-0.027506854400122238,-0.02221109840013882
2007-03,,,,,,,,,0.011273772726715413,0.0097303303769184,0.015321106685288077,0.008270800617173325,0.008638237000043125,0.015321106685288077,0.015321106685288077,0.012675383633975036,,,,,,,,,0.011273772726715413,0.0097303303769184,0.015321106685288077,0.007885967583073038,0.008638237000043125,0.015321106685288077,0.015321106685288077,0.012675383633975036,,,,,,,,,0.013919338152926328,0.015321106685288077,0.015321106685288077,0.008026944222639323,0.008638237000043125,0.015321106685288077,0.015321106685288077,0.012675383633975036,,,,,,,,,0.013919338152926328,0.015321106685288077,0.015321106685288077,0.008170201675777611,0.008638237000043125,0.015321106685288077,0.015321106685288077,0.012675383633975036,,,,,,,,,0.013909008328753846,0.015290172068469783,0.015321106685288077,0.007862794014269281,0.008638237000043125,0.015321106685288077,0.015321106685288077,0.012675383633975036,,,,,,,,,0.013909008328753846,0.015290172068469783,0.015321106685288077,0.007785345471070725,0.008638237000043125,0.015321106685288077,0.015321106685288077,0.012675383633975036
2007-04,0.031117268200914403,0.027884573790350375,0.034822790002863924,0.02539806022512027,0.02327972917706957,0.034822790002863924,0.034822790002863924,0.03338405301351376,,,,,,,,,,,,,,,,,0.031146849587178803,0.027914186272471136,0.034822790002863924,0.02567929185816382,0.02331933170856008,0.034822790002863924,0.034822790002863924,0.03339381792229556,0.031117268200914403,0.027884573790350375,0.034822790002863924,0.02626245173401081,0.02327972917706957,0.034822790002863924,0.034822790002863924,0.03338405301351376,,,,,,,,,,,,,,,,,0.031137019486160572,0.027884573790350375,0.034822790002863924,0.02631818222185499,0.02331933170856008,0.034822790002863924,0.034822790002863924,0.03339381792229556,0.031117268200914403,0.027884573790350375,0.034822790002863924,0.025404008226187012,0.02327972917706957,0.034822790002863924,0.034822790002863924,0.03338405301351376,,,,,,,,,,,,,,,,,0.031137019486160572,0.027884573790350375,0.034822790002863924,0.025490586831471786,0.02331933170856008,0.034822790002863924,0.034822790002863924,0.03339381792229556
2007-05,0.008065057175533592,0.026270254485226283,0.04262475263711285,0.02322422367795695,0.020000267728186156,0.04262475263711285,0.04262475263711285,0.03605183023109194,,,,,,,,,,,,,,,,,0.008065057175533592,0.026270254485226283,0.04262475263711285,0.0235484711879041,0.020000267728186156,0.04262475263711285,0.04262475263711285,0.03605183023109194,0.032396867533202436,0.026270254485226283,0.04262475263711285,0.024399994159318202,0.020000267728186156,0.04262475263711285,0.04262475263711285,0.03605183023109194,,,,,,,,,,,,,,,,,0.032396867533202436,0.026270254485226283,0.04262475263711285,0.024261187006160267,0.020000267728186156,0.04262475263711285,0.04262475263711285,0.03605183023109194,0.03895987133419497,0.042595223080034085,0.04262475263711285,0.023233834442773802,0.020000267728186156,0.04262475263711285,0.04262475263711285,0.03605183023109194,,,,,,,,,,,,,,,,,0.03895987133419497,0.042595223080034085,0.04262475263711285,0.023294623955982457,0.020000267728186156,0.04262475263711285,0.04262475263711285,0.03605183023109194
2007-06,-0.005489784218363155,-0.007089978182904171,-0.006992794679396175,-0.00966768984235167,-0.006067464516789861,-0.006992794679396175,-0.006992794679396175,-0.008231840610766903,,,,,,,,,,,,,,,,,-0.005489784218363155,-0.007089978182904171,-0.006992794679396175,-0.00971206938297794,-0.006067464516789861,-0.006992794679396175,-0.006992794679396175,-0.008231840610766903,-0.010685662485412799,-0.007089978182904171,-0.006992794679396175,-0.009877836236237506,-0.006067464516789861,-0.006992794679396175,-0.006992794679396175,-0.008231840610766903,,,,,,,,,,,,,,,,,-0.010685662485412799,-0.007089978182904171,-0.006992794679396175,-0.0099144680556989,-0.006067464516789861,-0.006992794679396175,-0.006992794679396175,-0.008231840610766903,-0.00562255379209959,-0.007118862705368058,-0.006992794679396175,-0.009670773418663485,-0.006067464516789861,-0.006992794679396175,-0.006992794679396175,-0.008231840610766903,,,,,,,,,,,,,,,,,-0.00562255379209959,-0.007118862705368058,-0.006992794679396175,-0.009666073174419275,-0.006067464516789861,-0.006992794679396175,-0.006992794679396175,-0.008231840610766903
2007-07,0.003660221879092991,-0.003818192278012396,-0.012459233801886627,-0.005889584582517799,0.0015517269658026015,-0.012459233801886627,-0.012459233801886627,-0.008848393477263952,,,,,,,,,,,,,,,,,0.003660221879092991,-0.003818192278012396,-0.012459233801886627,-0.006087770767826631,0.0015517269658026015,-0.012459233801886627,-0.012459233801886627,-0.008848393477263952,-0.01148291275315767,-0.003818192278012396,-0.012459233801886627,-0.006618642253995133,0.0015517269658026015,-0.012459233801886627,-0.012459233801886627,-0.008848393477263952,,,,,,,,,,,,,,,,,-0.01148291275315767,-0.003818192278012396,-0.012459233801886627,-0.006542112019924119,0.0015517269658026015,-0.012459233801886627,-0.012459233801886627,-0.008848393477263952,-0.0028251147245240897,-0.003818192278012396,-0.012459233801886627,-0.005896318949689039,0.0015517269658026015,-0.012459233801886627,-0.012459233801886627,-0.008848393477263952,,,,,,,,,,,,,,,,,-0.0028251147245240897,-0.003818192278012396,-0.012459233801886627,-0.0059305929822297924,0.0015517269658026015,-0.012459233801886627,-0.012459233801886627,-0.008848393477263952
2007-08,0.013088892744032144,0.020132187767500028,0.024135976471147735,0.021386815607134787,0.02353268318343503,0.024135976471147735,0.024135976471147735,0.02283163555079414,,,,,,,,,,,,,,,,,0.013088892744032144,0.020132187767500028,0.024135976471147735,0.02153545287196918,0.02353268318343503,0.024135976471147735,0.024135976471147735,0.02283163555079414,0.012966231054975498,0.020132187767500028,0.024135976471147735,0.021971974078069445,0.02353268318343503,0.024135976471147735,0.024135976471147735,0.02283163555079414,,,,,,,,,,,,,,,,,0.012966231054975498,0.020132187767500028,0.024135976471147735,0.02193800532029583,0.02353268318343503,0.024135976471147735,0.024135976471147735,0.02283163555079414,0.020840854803205293,0.020132187767500028,0.024135976471147735,0.02139605491534936,0.02353268318343503,0.024135976471147735,0.024135976471147735,0.02283163555079414,,,,,,,,,,,,,,,,,0.020840854803205293,0.020132187767500028,0.024135976471147735,0.021410864925123767,0.02353268318343503,0.024135976471147735,0.024135976471147735,0.02283163555079414
2007-09,0.039362752211444765,0.06533089499516748,0.0696302658972412,0.06346949009422743,0.0421313078283067,0.0696302658972412,0.0696302658972412,0.07317525121361239,,,,,,,,,,,,,,,,,0.039362752211444765,0.06533089499516748,0.0696302658972412,0.06375216654958524,0.0421313078283067,0.0696302658972412,0.0696302658972412,0.07317525121361239,0.039362752211444765,0.06533089499516748,0.0696302658972412,0.06466545499446863,0.0421313078283067,0.0696302658972412,0.0696302658972412,0.07317525121361239,,,,,,,,,,,,,,,,,0.039362752211444765,0.06533089499516748,0.0696302658972412,0.06487785857869433,0.0421313078283067,0.0696302658972412,0.0696302658972412,0.07317525121361239,0.0774515134817665,0.06533089499516748,0.0696302658972412,0.06346424405233558,0.0421313078283067,0.0696302658972412,0.0696302658972412,0.07317525121361239,,,,,,,,,,,,,,,,,0.0774515134817665,0.06533089499516748,0.0696302658972412,0.06347726144894068,0.0421313078283067,0.0696302658972412,0.0696302658972412,0.07317525121361239
2007-10,0.059787539617654255,0.05706173580388542,0.06559842834999396,0.053594963969259925,0.04366514052549215,0.06559842834999396,0.06559842834999396,0.06598972401846928,,,,,,,,,,,,,,,,,0.059787539617654255,0.05706173580388542,0.06559842834999396,0.053880744656564776,0.04366514052549215,0.06559842834999396,0.06559842834999396,0.06598972401846928,0.03271100496966432,0.05706173580388542,0.06559842834999396,0.05473815152722106,0.04366514052549215,0.06559842834999396,0.06559842834999396,0.06598972401846928,,,,,,,,,,,,,,,,,0.03271100496966432,0.05706173580388542,0.06559842834999396,0.054853401133160624,0.04366514052549215,0.06559842834999396,0.06559842834999396,0.06598972401846928,0.0616615130258805,0.05706173580388542,0.06559842834999396,0.05359081653873066,0.04366514052549215,0.06559842834999396,0.06559842834999396,0.06598972401846928,,,,,,,,,,,,,,,,,0.0616615130258805,0.05706173580388542,0.06559842834999396,0.05362047748087461,0.04366514052549215,0.06559842834999396,0.06559842834999396,0.06598972401846928
2007-11,-0.027966825505628814,-0.02183137839683599,-0.03148484896979664,-0.021596308530946257,-0.002701444223627656,-0.03148484896979664,-0.03148484896979664,-0.029989924234856805,,,,,,,,,,,,,,,,,-0.027966825505628814,-0.02183137839683599,-0.03148484896979664,-0.02184626493700422,-0.002701444223627656,-0.03148484896979664,-0.03148484896979664,-0.029989924234856805,-0.0060414264886201954,-0.02183137839683599,-0.03148484896979664,-0.02257497901760888,-0.002701444223627656,-0.03148484896979664,-0.03148484896979664,-0.029989924234856805,,,,,,,,,,,,,,,,,-0.0060414264886201954,-0.02183137839683599,-0.03148484896979664,-0.022582401792771285,-0.002701444223627656,-0.03148484896979664,-0.03148484896979664,-0.029989924234856805,-0.028012538126855634,-0.02183137839683599,-0.03148484896979664,-0.02160170175570628,-0.002701444223627656,-0.03148484896979664,-0.03148484896979664,-0.029989924234856805,,,,,,,,,,,,,,,,,-0.028012538126855634,-0.02183137839683599,-0.03148484896979664,-0.021630662419126742,-0.002701444223627656,-0.03148484896979664,-0.03148484896979664,-0.029989924234856805
2007-12,0.021927292413024557,0.02128862368889495,0.015526109777481256,0.022442282456277485,0.00951616902283715,0.015526109777481256,0.015526109777481256,0.020621057209552984,,,,,,,,,,,,,,,,,0.021927292413024557,0.02128862368889495,0.015526109777481256,0.022357791050577072,0.00951616902283715,0.015526109777481256,0.015526109777481256,0.020621057209552984,0.022050989181191243,0.02128862368889495,0.015526109777481256,0.022191177441496356,0.00951616902283715,0.015526109777481256,0.015526109777481256,0.020621057209552984,,,,,,,,,,,,,,,,,0.022050989181191243,0.02128862368889495,0.015526109777481256,0.022364217644282633,0.00951616902283715,0.015526109777481256,0.015526109777481256,0.020621057209552984,0.031706855440662554,0.02128862368889495,0.015526109777481256,0.02243127604382779,0.00951616902283715,0.015526109777481256,0.015526109777481256,0.020621057209552984,,,,,,,,,,,,,,,,,0.031706855440662554,0.02128862368889495,0.015526109777481256,0.022403594921548066,0.00951616902283715,0.015526109777481256,0.015526109777481256,0.020621057209552984
2008-01,-0.03315107412075983,-0.06419934109567012,-0.11848980274996523,-0.05361475096104091,-0.05767039524174514,-0.11848980274996523,-0.11848980274996523,-0.09579964850719845,,,,,,,,,,,,,,,,,-0.03315107412075983,-0.06419934109567012,-0.11848980274996523,-0.05475989921441778,-0.05767039524174514,-0.11848980274996523,-0.11848980274996523,-0.09579964850719845,0.00024878568946064966,-0.06419934109567012,-0.11848980274996523,-0.05777359737126129,-0.05767039524174514,-0.11848980274996523,-0.11848980274996523,-0.09579964850719845,,,,,,,,,,,,,,,,,0.00024878568946064966,-0.06419934109567012,-0.11848980274996523,-0.05730922914361294,-0.05767039524174514,-0.11848980274996523,-0.11848980274996523,-0.09579964850719845,0.00011030137334326251,-0.06419934109567012,-0.11848980274996523,-0.05364629331707746,-0.05767039524174514,-0.11848980274996523,-0.11848980274996523,-0.09579964850719845,,,,,,,,,,,,,,,,,0.00011030137334326251,-0.06419934109567012,-0.11848980274996523,-0.05385999487067017,-0.05767039524174514,-0.11848980274996523,-0.11848980274996523,-0.09579964850719845
2008-02,0.012231699155153812,0.00028463144030588006,-0.013008300609662293,0.0011550483721452566,-0.002851821648051783,-0.009430211936196331,0.01023244110922138,-0.006479971190375165,,,,,,,,,,,,,,,,,0.012231699155153812,0.00028463144030588006,-0.013008300609662293,0.0009169467033129851,-0.002851821648051783,-0.009430211936196331,0.01023244110922138,-0.006479971190375165,0.008737344228172532,0.00028463144030588006,-0.013008300609662293,0.00028902105275089624,-0.002851821648051783,-0.009430211936196331,0.01023244110922138,-0.006479971190375165,,,,,,,,,,,,,,,,,0.008737344228172532,0.00028463144030588006,-0.013008300609662293,0.0005258396200897245,-0.002851821648051783,-0.009430211936196331,0.01023244110922138,-0.006479971190375165,0.012100886922753547,0.00028463144030588006,-0.013008300609662293,0.001128461129815765,-0.002851821648051783,-0.009430211936196331,0.01023244110922138,-0.006479971190375165,,,,,,,,,,,,,,,,,0.012100886922753547,0.00028463144030588006,-0.013008300609662293,0.0010896731770014105,-0.002851821648051783,-0.009430211936196331,0.01023244110922138,-0.006479971190375165
2008-03,-0.01992902984299746,-0.011694741086963245,-0.004393292498322432,-0.013642037350140945,0.002712497898734003,-0.003408649789960999,0.002534941721120898,-0.009953719550468195,,,,,,,,,,,,,,,,,-0.01992902984299746,-0.011694741086963245,-0.004393292498322432,-0.013464779939588885,0.002712497898734003,-0.003408649789960999,0.002534941721120898,-0.009953719550468195,-0.020131704739318676,-0.011694741086963245,-0.004393292498322432,-0.013049765052013494,0.002712497898734003,-0.003408649789960999,0.002534941721120898,-0.009953719550468195,,,,,,,,,,,,,,,,,-0.020131704739318676,-0.011694741086963245,-0.004393292498322432,-0.013165578717382697,0.002712497898734003,-0.003408649789960999,0.002534941721120898,-0.009953719550468195,-0.02027184112638737,-0.011694741086963245,-0.004393292498322432,-0.01364101119454279,0.002712497898734003,-0.003408649789960999,0.002534941721120898,-0.009953719550468195,,,,,,,,,,,,,,,,,-0.02027184112638737,-0.011694741086963245,-0.004393292498322432,-0.013593784128775252,0.002712497898734003,-0.003408649789960999,0.002534941721120898,-0.009953719550468195
2008-04,0.008958420485075478,0.048875504808616625,0.08052982618628945,0.04515082007732274,0.03864797257464952,0.06783207903399278,-0.008374488350656795,0.06831750397002032,,,,,,,,,,,,,,,,,0.008958420485075478,0.048875504808616625,0.08052982618628945,0.045852283698999616,0.03864797257464952,0.06783207903399278,-0.008374488350656795,0.06831750397002032,0.03808960209393174,0.048875504808616625,0.08052982618628945,0.047704339065673784,0.03864797257464952,0.06783207903399278,-0.008374488350656795,0.06831750397002032,,,,,,,,,,,,,,,,,0.03808960209393174,0.048875504808616625,0.08052982618628945,0.04753474925771535,0.03864797257464952,0.06783207903399278,-0.008374488350656795,0.06831750397002032,0.00909612293282344,0.048875504808616625,0.08052982618628945,0.04515512489714532,0.03864797257464952,0.06783207903399278,-0.008374488350656795,0.06831750397002032,,,,,,,,,,,,,,,,,0.00909612293282344,0.048875504808616625,0.08052982618628945,0.045288476281227334,0.03864797257464952,0.06783207903399278,-0.008374488350656795,0.06831750397002032
2008-05,0.014403367305599728,0.035166405010297025,0.04900414161455258,0.03212381412445918,0.022290087902180605,0.038217825070711184,0.048904141614552574,0.045025947846594125,,,,,,,,,,,,,,,,,0.014403367305599728,0.035166405010297025,0.04900414161455258,0.03243038153466333,0.022290087902180605,0.038217825070711184,0.048904141614552574,0.045025947846594125,0.03266441722724306,0.035166405010297025,0.04900414161455258,0.03325652643143814,0.022290087902180605,0.038217825070711184,0.048904141614552574,0.045025947846594125,,,,,,,,,,,,,,,,,0.03266441722724306,0.035166405010297025,0.04900414161455258,0.03324932986598133,0.022290087902180605,0.038217825070711184,0.048904141614552574,0.045025947846594125,0.014403367305599728,0.035166405010297025,0.04900414161455258,0.032119526926970385,0.022290087902180605,0.038217825070711184,0.048904141614552574,0.045025947846594125,,,,,,,,,,,,,,,,,0.014403367305599728,0.035166405010297025,0.04900414161455258,0.03217517829699132,0.022290087902180605,0.038217825070711184,0.048904141614552574,0.045025947846594125
2008-06,-0.004752085333964388,-0.03441470129805408,-0.05936747027046074,-0.029904024657610353,-0.031038302464223084,-0.04632330604554846,-0.05936747027046074,-0.04891419359230862,,,,,,,,,,,,,,,,,-0.004752085333964388,-0.03441470129805408,-0.05936747027046074,-0.03046093058268407,-0.031038302464223084,-0.04632330604554846,-0.05936747027046074,-0.04891419359230862,-0.017562743339627533,-0.03441470129805408,-0.05936747027046074,-0.0319782208974812,-0.031038302464223084,-0.04632330604554846,-0.05936747027046074,-0.04891419359230862,,,,,,,,,,,,,,,,,-0.017562743339627533,-0.03441470129805408,-0.05936747027046074,-0.031684679182407305,-0.031038302464223084,-0.04632330604554846,-0.05936747027046074,-0.04891419359230862,-0.004752085333964388,-0.03441470129805408,-0.05936747027046074,-0.02993899571593606,-0.031038302464223084,-0.04632330604554846,-0.05936747027046074,-0.04891419359230862,,,,,,,,,,,,,,,,,-0.004752085333964388,-0.03441470129805408,-0.05936747027046074,-0.030024542338658634,-0.031038302464223084,-0.04632330604554846,-0.05936747027046074,-0.04891419359230862
2008-07,-0.029122846993173336,-0.02614160940302778,-0.03517841336870264,-0.02415648505427959,-0.018226939300537603,-0.025007148387197888,0.004242602678285345,-0.03310576219863324,,,,,,,,,,,,,,,,,-0.029122846993173336,-0.02614160940302778,-0.03517841336870264,-0.024386082250088308,-0.018226939300537603,-0.025007148387197888,0.004242602678285345,-0.03310576219863324,-0.009201601116217796,-0.02614160940302778,-0.03517841336870264,-0.02500377108618392,-0.018226939300537603,-0.025007148387197888,0.004242602678285345,-0.03310576219863324,,,,,,,,,,,,,,,,,-0.009201601116217796,-0.02614160940302778,-0.03517841336870264,-0.025069237961140856,-0.018226939300537603,-0.025007148387197888,0.004242602678285345,-0.03310576219863324,-0.009058743571223448,-0.02614160940302778,-0.03517841336870264,-0.024143088389553046,-0.018226939300537603,-0.025007148387197888,0.004242602678285345,-0.03310576219863324,,,,,,,,,,,,,,,,,-0.009058743571223448,-0.02614160940302778,-0.03517841336870264,-0.024187727101828347,-0.018226939300537603,-0.025007148387197888,0.004242602678285345,-0.03310576219863324
2008-08,-0.013495127406330699,-0.01961932150493735,-0.0091151521311722,-0.020492455612764707,0.0006367608781546327,-0.005396719247468349,0.0046636665009176514,-0.017495573470617663,,,,,,,,,,,,,,,,,-0.013495127406330699,-0.01961932150493735,-0.0091151521311722,-0.02045278585483561,0.0006367608781546327,-0.005396719247468349,0.0046636665009176514,-0.017495573470617663,-0.013371267586752325,-0.01961932150493735,-0.0091151521311722,-0.020488790927017716,0.0006367608781546327,-0.005396719247468349,0.0046636665009176514,-0.017495573470617663,,,,,,,,,,,,,,,,,-0.013371267586752325,-0.01961932150493735,-0.0091151521311722,-0.020776897810441605,0.0006367608781546327,-0.005396719247468349,0.0046636665009176514,-0.017495573470617663,-0.017607999024962188,-0.01961932150493735,-0.0091151521311722,-0.020480431579279878,0.0006367608781546327,-0.005396719247468349,0.0046636665009176514,-0.017495573470617663,,,,,,,,,,,,,,,,,-0.017607999024962188,-0.01961932150493735,-0.0091151521311722,-0.020440121781396613,0.0006367608781546327,-0.005396719247468349,0.0046636665009176514,-0.017495573470617663
2008-09,-0.015141663435678476,-0.08206021110459648,-0.1277055458385994,-0.07866373327362935,-0.07718493800845515,-0.09159689063537414,0.007780047518004762,-0.11082365433091862,,,,,,,,,,,,,,,,,-0.015141663435678476,-0.08206021110459648,-0.1277055458385994,-0.0798270532979219,-0.07718493800845515,-0.09159689063537414,0.007780047518004762,-0.11082365433091862,-0.015141663435678476,-0.08206021110459648,-0.1277055458385994,-0.08296705736124652,-0.07718493800845515,-0.09159689063537414,0.007780047518004762,-0.11082365433091862,,,,,,,,,,,,,,,,,-0.015141663435678476,-0.08206021110459648,-0.1277055458385994,-0.08279317122827153,-0.07718493800845515,-0.09159689063537414,0.007780047518004762,-0.11082365433091862,-0.015260961813466038,-0.08206021110459648,-0.1277055458385994,-0.07866911625822376,-0.07718493800845515,-0.09159689063537414,0.007780047518004762,-0.11082365433091862,,,,,,,,,,,,,,,,,-0.015260961813466038,-0.08206021110459648,-0.1277055458385994,-0.07887326052961866,-0.07718493800845515,-0.09159689063537414,0.007780047518004762,-0.11082365433091862
2008-10,-0.058333323922743756,-0.1293798628851351,-0.15260551404482803,-0.1287822209150752,-0.09501834244168467,-0.09753391983009037,0.011046389467763484,-0.15348632515972682,,,,,,,,,,,,,,,,,-0.058333323922743756,-0.1293798628851351,-0.15260551404482803,-0.12974433024066936,-0.09501834244168467,-0.09753391983009037,0.011046389467763484,-0.15348632515972682,-0.058333323922743756,-0.1293798628851351,-0.15260551404482803,-0.1326074691323878,-0.09501834244168467,-0.09753391983009037,0.011046389467763484,-0.15348632515972682,,,,,,,,,,,,,,,,,-0.058333323922743756,-0.1293798628851351,-0.15260551404482803,-0.13301291107268695,-0.09501834244168467,-0.09753391983009037,0.011046389467763484,-0.15348632515972682,-0.058333323922743756,-0.1293798628851351,-0.15260551404482803,-0.12876123411897927,-0.09501834244168467,-0.09753391983009037,0.011046389467763484,-0.15348632515972682,,,,,,,,,,,,,,,,,-0.058333323922743756,-0.1293798628851351,-0.15260551404482803,-0.1288689151881358,-0.09501834244168467,-0.09753391983009037,0.011046389467763484,-0.15348632515972682
2008-11,0.0120532318673338,-0.04405270404040197,-0.09224015210017722,-0.04046370700490633,-0.02433265284002864,-0.052182576120179,0.01105322026290878,-0.07044263674503944,,,,,,,,,,,,,,,,,0.0120532318673338,-0.04405270404040197,-0.09224015210017722,-0.041530200877872896,-0.02433265284002864,-0.052182576120179,0.01105322026290878,-0.07044263674503944,0.0120532318673338,-0.04405270404040197,-0.09224015210017722,-0.044250458414068126,-0.02433265284002864,-0.052182576120179,0.01105322026290878,-0.07044263674503944,,,,,,,,,,,,,,,,,0.0120532318673338,-0.04405270404040197,-0.09224015210017722,-0.0439544473823595,-0.02433265284002864,-0.052182576120179,0.01105322026290878,-0.07044263674503944,0.0120532318673338,-0.04405270404040197,-0.09224015210017722,-0.040456975609737614,-0.02433265284002864,-0.052182576120179,0.01105322026290878,-0.07044263674503944,,,,,,,,,,,,,,,,,0.0120532318673338,-0.04405270404040197,-0.09224015210017722,-0.04068760877847177,-0.02433265284002864,-0.052182576120179,0.01105322026290878,-0.07044263674503944
2008-12,0.0405004357866781,0.026552531575471158,0.02016114860537166,0.035291745072271966,0.032717142563355034,0.014284612412917353,0.005629686985278548,0.02587545881099847,,,,,,,,,,,,,,,,,0.0405004357866781,0.026552531575471158,0.02016114860537166,0.03553162799068195,0.032717142563355034,0.014284612412917353,0.005629686985278548,0.02587545881099847,0.013296032054987908,0.026552531575471158,0.02016114860537166,0.036395987156228986,0.032717142563355034,0.014284612412917353,0.005629686985278548,0.02587545881099847,,,,,,,,,,,,,,,,,0.013296032054987908,0.026552531575471158,0.02016114860537166,0.03658826802011804,0.032717142563355034,0.014284612412917353,0.005629686985278548,0.02587545881099847,0.013296032054987908,0.026552531575471158,0.02016114860537166,0.035303032872915474,0.032717142563355034,0.014284612412917353,0.005629686985278548,0.02587545881099847,,,,,,,,,,,,,,,,,0.013296032054987908,0.026552531575471158,0.02016114860537166,0.035287132442310146,0.032717142563355034,0.014284612412917353,0.005629686985278548,0.02587545881099847
2009-01,-0.030894367501562593,-0.02334008819358448,-0.04426859016566265,-0.01651639693007931,-0.04211044179039383,-0.028030171693633137,-0.004369784351596073,-0.034305939189596346,,,,,,,,,,,,,,,,,-0.030894367501562593,-0.02334008819358448,-0.04426859016566265,-0.017066843374169537,-0.04211044179039383,-0.028030171693633137,-0.004369784351596073,-0.034305939189596346,0.01166283880603806,-0.02334008819358448,-0.04426859016566265,-0.018505245662906844,-0.04211044179039383,-0.028030171693633137,-0.004369784351596073,-0.034305939189596346,,,,,,,,,,,,,,,,,0.01166283880603806,-0.02334008819358448,-0.04426859016566265,-0.018375655467039852,-0.04211044179039383,-0.028030171693633137,-0.004369784351596073,-0.034305939189596346,-0.03101336036300659,-0.02334008819358448,-0.04426859016566265,-0.016516370177052916,-0.04211044179039383,-0.028030171693633137,-0.004369784351596073,-0.034305939189596346,,,,,,,,,,,,,,,,,-0.03101336036300659,-0.02334008819358448,-0.04426859016566265,-0.01662572000908587,-0.04211044179039383,-0.028030171693633137,-0.004369784351596073,-0.034305939189596346
2009-02,-0.06980999173583956,-0.05189671529740085,-0.07692310722744178,-0.051664635025251086,-0.04909342550647755,-0.049062829309981223,-0.00144984605301135,-0.06778610054322111,,,,,,,,,,,,,,,,,-0.06980999173583956,-0.05189671529740085,-0.07692310722744178,-0.05237153079981959,-0.04909342550647755,-0.049062829309981223,-0.00144984605301135,-0.06778610054322111,-0.011970798060257531,-0.05189671529740085,-0.07692310722744178,-0.05430577148352972,-0.04909342550647755,-0.049062829309981223,-0.00144984605301135,-0.06778610054322111,,,,,,,,,,,,,,,,,-0.011970798060257531,-0.05189671529740085,-0.07692310722744178,-0.054228369306099616,-0.04909342550647755,-0.049062829309981223,-0.00144984605301135,-0.06778610054322111,-0.06980999173583956,-0.05189671529740085,-0.07692310722744178,-0.05166903941770554,-0.04909342550647755,-0.049062829309981223,-0.00144984605301135,-0.06778610054322111,,,,,,,,,,,,,,,,,-0.06980999173583956,-0.05189671529740085,-0.07692310722744178,-0.05178610446758348,-0.04909342550647755,-0.049062829309981223,-0.00144984605301135,-0.06778610054322111
2009-03,0.060966678525763124,0.05083983855008692,0.07699719003777905,0.043478089076888105,0.05945115282849093,0.04986485736792531,0.00499409070343404,0.0667596153287011,,,,,,,,,,,,,,,,,0.060966678525763124,0.05083983855008692,0.07699719003777905,0.044143453801179997,0.05945115282849093,0.04986485736792531,0.00499409070343404,0.0667596153287011,0.060840217558440345,0.05083983855008692,0.07699719003777905,0.04593381825486983,0.05945115282849093,0.04986485736792531,0.00499409070343404,0.0667596153287011,,,,,,,,,,,,,,,,,0.060840217558440345,0.05083983855008692,0.07699719003777905,0.0458023504742498,0.05945115282849093,0.04986485736792531,0.00499409070343404,0.0667596153287011,0.060966678525763124,0.05083983855008692,0.07699719003777905,0.04348459048092706,0.05945115282849093,0.04986485736792531,0.00499409070343404,0.0667596153287011,,,,,,,,,,,,,,,,,0.060966678525763124,0.05083983855008692,0.07699719003777905,0.043601867816390666,0.05945115282849093,0.04986485736792531,0.00499409070343404,0.0667596153287011
2009-04,0.074564127696103,0.050796299950145445,0.08006715663362463,0.05275088309738412,0.03705844027748374,0.044516379711632664,-0.0016523740518993302,0.06872550313730122,,,,,,,,,,,,,,,,,0.074564127696103,0.050796299950145445,0.08006715663362463,0.05356643748865416,0.03705844027748374,0.044516379711632664,-0.0016523740518993302,0.06872550313730122,0.074564127696103,0.050796299950145445,0.08006715663362463,0.055805420969275064,0.03705844027748374,0.044516379711632664,-0.0016523740518993302,0.06872550313730122,,,,,,,,,,,,,,,,,0.074564127696103,0.050796299950145445,0.08006715663362463,0.055639543687393184,0.03705844027748374,0.044516379711632664,-0.0016523740518993302,0.06872550313730122,0.074564127696103,0.050796299950145445,0.08006715663362463,0.05276820517426299,0.03705844027748374,0.044516379711632664,-0.0016523740518993302,0.06872550313730122,,,,,,,,,,,,,,,,,0.074564127696103,0.050796299950145445,0.08006715663362463,0.05289812992041912,0.03705844027748374,0.044516379711632664,-0.0016523740518993302,0.06872550313730122
2009-05,0.038413950261315846,0.03759320801225569,0.031660085892653234,0.03867790941388753,0.010684230128793057,0.018145972070620107,0.0005611960743927558,0.03872573444746095,,,,,,,,,,,,,,,,,0.038413950261315846,0.03759320801225569,0.031660085892653234,0.038789525298411405,0.010684230128793057,0.018145972070620107,0.0005611960743927558,0.03872573444746095,0.038413950261315846,0.03759320801225569,0.031660085892653234,0.039219395701080385,0.010684230128793057,0.018145972070620107,0.0005611960743927558,0.03872573444746095,,,,,,,,,,,,,,,,,0.038413950261315846,0.03759320801225569,0.031660085892653234,0.03958303597189235,0.010684230128793057,0.018145972070620107,0.0005611960743927558,0.03872573444746095,0.038413950261315846,0.03759320801225569,0.031660085892653234,0.038649922426604866,0.010684230128793057,0.018145972070620107,0.0005611960743927558,0.03872573444746095,,,,,,,,,,,,,,,,,0.038413950261315846,0.03759320801225569,0.031660085892653234,0.03864427275253665,0.010684230128793057,0.018145972070620107,0.0005611960743927558,0.03872573444746095
2009-06,-0.006538749856852039,-0.012057801950117632,-0.005839138686367651,-0.010306425390774915,-0.005732873101441544,-0.0037675189049683833,-0.0009433057534210532,-0.010474128994673598,,,,,,,,,,,,,,,,,-0.006538749856852039,-0.012057801950117632,-0.005839138686367651,-0.010187842931944486,-0.005732873101441544,-0.0037675189049683833,-0.0009433057534210532,-0.010474128994673598,-0.006538749856852039,-0.012057801950117632,-0.005839138686367651,-0.009922382058382112,-0.005732873101441544,-0.0037675189049683833,-0.0009433057534210532,-0.010474128994673598,,,,,,,,,,,,,,,,,-0.006538749856852039,-0.012057801950117632,-0.005839138686367651,-0.010042902890509069,-0.005732873101441544,-0.0037675189049683833,-0.0009433057534210532,-0.010474128994673598,-0.006538749856852039,-0.012057801950117632,-0.005839138686367651,-0.010302049172521624,-0.005732873101441544,-0.0037675189049683833,-0.0009433057534210532,-0.010474128994673598,,,,,,,,,,,,,,,,,-0.006538749856852039,-0.012057801950117632,-0.005839138686367651,-0.010268327414872346,-0.005732873101441544,-0.0037675189049683833,-0.0009433057534210532,-0.010474128994673598
2009-07,0.06712916479302798,0.05433681915239212,0.07228934626505468,0.05268836836849532,0.04670007708491442,0.042248543121707074,0.07218934626505467,0.06743989598824113,,,,,,,,,,,,,,,,,0.06712916479302798,0.05433681915239212,0.07228934626505468,0.05324676482821814,0.04670007708491442,0.042248543121707074,0.07218934626505467,0.06743989598824113,0.06712916479302798,0.05433681915239212,0.07228934626505468,0.0548412930937337,0.04670007708491442,0.042248543121707074,0.07218934626505467,0.06743989598824113,,,,,,,,,,,,,,,,,0.06712916479302798,0.05433681915239212,0.07228934626505468,0.05481564077965433,0.04670007708491442,0.042248543121707074,0.07218934626505467,0.06743989598824113,0.06712916479302798,0.05433681915239212,0.07228934626505468,0.05269984917786123,0.04670007708491442,0.042248543121707074,0.07218934626505467,0.06743989598824113,,,,,,,,,,,,,,,,,0.06712916479302798,0.05433681915239212,0.07228934626505468,0.05277321486866292,0.04670007708491442,0.042248543121707074,0.07218934626505467,0.06743989598824113
2009-08,0.006221336741738451,0.007574979777328989,0.009831425649713177,0.004420232044130867,0.00895122674883307,0.007185255527021687,0.009831425649713177,0.008901439378455596,,,,,,,,,,,,,,,,,0.006221336741738451,0.007574979777328989,0.009831425649713177,0.004463067674314088,0.00895122674883307,0.007185255527021687,0.009831425649713177,0.008901439378455596,0.006221336741738451,0.007574979777328989,0.009831425649713177,0.004593174905597355,0.00895122674883307,0.007185255527021687,0.009831425649713177,0.008901439378455596,,,,,,,,,,,,,,,,,0.006221336741738451,0.007574979777328989,0.009831425649713177,0.004532108592399661,0.00895122674883307,0.007185255527021687,0.009831425649713177,0.008901439378455596,0.006221336741738451,0.007574979777328989,0.009831425649713177,0.004430960826962859,0.00895122674883307,0.007185255527021687,0.009831425649713177,0.008901439378455596,,,,,,,,,,,,,,,,,0.006221336741738451,0.007574979777328989,0.009831425649713177,0.004431995284074111,0.00895122674883307,0.007185255527021687,0.009831425649713177,0.008901439378455596
2009-09,0.061703194923678414,0.0529176646820782,0.06258690606959094,0.05198550538379752,0.042049556952207426,0.034716292840569124,0.06258690606959094,0.06216324694912226,,,,,,,,,,,,,,,,,0.061703194923678414,0.0529176646820782,0.06258690606959094,0.05236485642381219,0.042049556952207426,0.034716292840569124,0.06258690606959094,0.06216324694912226,0.061703194923678414,0.0529176646820782,0.06258690606959094,0.05352158088221105,0.042049556952207426,0.034716292840569124,0.06258690606959094,0.06216324694912226,,,,,,,,,,,,,,,,,0.061703194923678414,0.0529176646820782,0.06258690606959094,0.053562904009721544,0.042049556952207426,0.034716292840569124,0.06258690606959094,0.06216324694912226,0.061703194923678414,0.0529176646820782,0.06258690606959094,0.05199936598246898,0.042049556952207426,0.034716292840569124,0.06258690606959094,0.06216324694912226,,,,,,,,,,,,,,,,,0.061703194923678414,0.0529176646820782,0.06258690606959094,0.05202886696914905,0.042049556952207426,0.034716292840569124,0.06258690606959094,0.06216324694912226
2009-10,-0.004676047887470707,-0.004610531801925451,-0.004581174621256401,0.004228001901223153,-0.0033018569678725396,-0.0020513512412715807,-0.004581174621256401,-0.00040028034177398496,,,,,,,,,,,,,,,,,-0.004676047887470707,-0.004610531801925451,-0.004581174621256401,0.004095618469526258,-0.0033018569678725396,-0.0020513512412715807,-0.004581174621256401,-0.00040028034177398496,-0.00048518087171888576,0.0025803278906408817,-0.004581174621256401,0.0037562213224564727,-0.0033018569678725396,-0.0020513512412715807,-0.004581174621256401,-0.00040028034177398496,,,,,,,,,,,,,,,,,-0.00048518087171888576,0.0025803278906408817,-0.004581174621256401,0.00390854018059267,-0.0033018569678725396,-0.0020513512412715807,-0.004581174621256401,-0.00040028034177398496,-0.00048518087171888576,0.0025803278906408817,-0.004581174621256401,0.004212208845042142,-0.0033018569678725396,-0.0020513512412715807,-0.004581174621256401,-0.00040028034177398496,,,,,,,,,,,,,,,,,-0.00048518087171888576,0.0025803278906408817,-0.004581174621256401,0.004188429722139079,-0.0033018569678725396,-0.0020513512412715807,-0.004581174621256401,-0.00040028034177398496
2009-11,0.06914001568257679,0.07495059638834367,0.07495059638834367,0.06944651224713225,0.053038871658703524,0.05675483346850135,0.07495059638834367,0.0802416625744053,,,,,,,,,,,,,,,,,0.06914001568257679,0.07495059638834367,0.07495059638834367,0.06968150313785315,0.053038871658703524,0.05675483346850135,0.07495059638834367,0.0802416625744053,0.07443099739291709,0.07253920242657086,0.07495059638834367,0.07051219278895589,0.053038871658703524,0.05675483346850135,0.07495059638834367,0.0802416625744053,,,,,,,,,,,,,,,,,0.07443099739291709,0.07253920242657086,0.07495059638834367,0.07071189543391387,0.053038871658703524,0.05675483346850135,0.07495059638834367,0.0802416625744053,0.06912955477247437,0.07492009631807807,0.07495059638834367,0.06945284254739084,0.053038871658703524,0.05675483346850135,0.07495059638834367,0.0802416625744053,,,,,,,,,,,,,,,,,0.06912955477247437,0.07492009631807807,0.07495059638834367,0.06944260612910778,0.053038871658703524,0.05675483346850135,0.07495059638834367,0.0802416625744053
2009-12,0.004139423592192857,0.016160973351286276,0.04036717773340315,0.016162383545621502,0.006607664655668328,0.03258273651529716,0.04036717773340315,0.02912662765337354,,,,,,,,,,,,,,,,,0.004139423592192857,0.016160973351286276,0.04036717773340315,0.016604022167464743,0.006607664655668328,0.03258273651529716,0.04036717773340315,0.02912662765337354,0.028773512426697456,0.01618926850208649,0.04036717773340315,0.01770670108414029,0.006607664655668328,0.03258273651529716,0.04036717773340315,0.02912662765337354,,,,,,,,,,,,,,,,,0.028773512426697456,0.01618926850208649,0.04036717773340315,0.017467719522399935,0.006607664655668328,0.03258273651529716,0.04036717773340315,0.02912662765337354,0.04001421265096125,0.04036717773340315,0.04036717773340315,0.01617135787192509,0.006607664655668328,0.03258273651529716,0.04036717773340315,0.02912662765337354,,,,,,,,,,,,,,,,,0.04001421265096125,0.04036717773340315,0.04036717773340315,0.016269814412010707,0.006607664655668328,0.03258273651529716,0.04036717773340315,0.02912662765337354
2010-01,-0.048006962918075824,-0.04966655399363842,-0.06995884055340085,-0.046064342174715445,-0.032496137796101096,-0.05732785661436839,-0.06995884055340085,-0.06422197554485365,,,,,,,,,,,,,,,,,-0.048006962918075824,-0.04966655399363842,-0.06995884055340085,-0.046589278727810615,-0.032496137796101096,-0.05732785661436839,-0.06995884055340085,-0.06422197554485365,-0.05905909150508386,-0.04966655399363842,-0.06995884055340085,-0.048037895365012524,-0.032496137796101096,-0.05732785661436839,-0.06995884055340085,-0.06422197554485365,,,,,,,,,,,,,,,,,-0.05905909150508386,-0.04966655399363842,-0.06995884055340085,-0.04803339823252297,-0.032496137796101096,-0.05732785661436839,-0.06995884055340085,-0.06422197554485365,-0.0480589513742616,-0.04969488862329847,-0.06995884055340085,-0.04606253845626143,-0.032496137796101096,-0.05732785661436839,-0.06995884055340085,-0.06422197554485365,,,,,,,,,,,,,,,,,-0.0480589513742616,-0.04969488862329847,-0.06995884055340085,-0.046147689160799636,-0.032496137796101096,-0.05732785661436839,-0.06995884055340085,-0.06422197554485365
2010-02,0.03358335914858429,0.03037259243866039,0.03603029193997909,0.030283135559274116,0.02294324465736258,0.028565465520109044,0.03603029193997909,0.03570153276692454,,,,,,,,,,,,,,,,,0.03358335914858429,0.03037259243866039,0.03603029193997909,0.030442834720291526,0.02294324465736258,0.028565465520109044,0.03603029193997909,0.03570153276692454,0.03397107250287635,0.03037259243866039,0.03603029193997909,0.03091262428000695,0.02294324465736258,0.028565465520109044,0.03603029193997909,0.03570153276692454,,,,,,,,,,,,,,,,,0.03397107250287635,0.03037259243866039,0.03603029193997909,0.030955792481491606,0.02294324465736258,0.028565465520109044,0.03603029193997909,0.03570153276692454,0.03358335914858429,0.03037259243866039,0.03603029193997909,0.030281985944954026,0.02294324465736258,0.028565465520109044,0.03603029193997909,0.03570153276692454,,,,,,,,,,,,,,,,,0.03358335914858429,0.03037259243866039,0.03603029193997909,0.030300635336316113,0.02294324465736258,0.028565465520109044,0.03603029193997909,0.03570153276692454
2010-03,0.038168124551035014,0.046771860680274745,0.06833417969100997,0.042647386395829344,0.0367725052034903,0.06537300699071298,0.06833417969100997,0.06106209356373337,,,,,,,,,,,,,,,,,0.038168124551035014,0.046771860680274745,0.06833417969100997,0.04314675105505066,0.0367725052034903,0.06537300699071298,0.06833417969100997,0.06106209356373337,0.038123319334626184,0.046771860680274745,0.06833417969100997,0.044520653870449095,0.0367725052034903,0.06537300699071298,0.06833417969100997,0.06106209356373337,,,,,,,,,,,,,,,,,0.038123319334626184,0.046771860680274745,0.06833417969100997,0.04438779623174487,0.0367725052034903,0.06537300699071298,0.06833417969100997,0.06106209356373337,0.038168124551035014,0.046771860680274745,0.06833417969100997,0.042662983547968554,0.0367725052034903,0.06537300699071298,0.06833417969100997,0.06106209356373337,,,,,,,,,,,,,,,,,0.038168124551035014,0.046771860680274745,0.06833417969100997,0.04274045571399921,0.0367725052034903,0.06537300699071298,0.06833417969100997,0.06106209356373337
2010-04,0.027507317317730783,0.016883814110280806,0.010871481336155453,0.019536669070182054,0.013131485776013184,0.010661159940032167,0.010871481336155453,0.015667152675140572,,,,,,,,,,,,,,,,,0.027507317317730783,0.016883814110280806,0.010871481336155453,0.019455233573307307,0.013131485776013184,0.010661159940032167,0.010871481336155453,0.015667152675140572,0.027507317317730783,0.016883814110280806,0.010871481336155453,0.019301354204708982,0.013131485776013184,0.010661159940032167,0.010871481336155453,0.015667152675140572,,,,,,,,,,,,,,,,,0.027507317317730783,0.016883814110280806,0.010871481336155453,0.01944494725452246,0.013131485776013184,0.010661159940032167,0.010871481336155453,0.015667152675140572,0.027507317317730783,0.016883814110280806,0.010871481336155453,0.019530637937531747,0.013131485776013184,0.010661159940032167,0.010871481336155453,0.015667152675140572,,,,,,,,,,,,,,,,,0.027507317317730783,0.016883814110280806,0.010871481336155453,0.01950103504619939,0.013131485776013184,0.010661159940032167,0.010871481336155453,0.015667152675140572
2010-05,-0.034543276514621093,-0.037949202404168624,-0.061721150160293226,-0.034124428849202394,-0.02529979873002002,-0.061723786559667135,-0.061721150160293226,-0.05249814546296908,,,,,,,,,,,,,,,,,-0.034543276514621093,-0.037949202404168624,-0.061721150160293226,-0.034810084248875446,-0.02529979873002002,-0.061723786559667135,-0.061721150160293226,-0.05249814546296908,-0.034543276514621093,-0.037949202404168624,-0.061721150160293226,-0.03665298602911306,-0.02529979873002002,-0.061723786559667135,-0.061721150160293226,-0.05249814546296908,,,,,,,,,,,,,,,,,-0.034543276514621093,-0.037949202404168624,-0.061721150160293226,-0.03662248287573947,-0.02529979873002002,-0.061723786559667135,-0.061721150160293226,-0.05249814546296908,-0.034543276514621093,-0.037949202404168624,-0.061721150160293226,-0.0341159327253707,-0.02529979873002002,-0.061723786559667135,-0.061721150160293226,-0.05249814546296908,,,,,,,,,,,,,,,,,-0.034543276514621093,-0.037949202404168624,-0.061721150160293226,-0.03424133622871797,-0.02529979873002002,-0.061723786559667135,-0.061721150160293226,-0.05249814546296908
2010-06,-0.018604978495443104,-0.02879140600244666,-0.04707311153410976,-0.024278141874179,-0.016052858515448434,-0.040792590560729425,-0.04707311153410976,-0.04001135757589415,,,,,,,,,,,,,,,,,-0.018604978495443104,-0.02879140600244666,-0.04707311153410976,-0.024639838769242063,-0.016052858515448434,-0.040792590560729425,-0.04707311153410976,-0.04001135757589415,-0.018604978495443104,-0.02879140600244666,-0.04707311153410976,-0.02558653016074531,-0.016052858515448434,-0.040792590560729425,-0.04707311153410976,-0.04001135757589415,,,,,,,,,,,,,,,,,-0.018604978495443104,-0.02879140600244666,-0.04707311153410976,-0.025458983552024996,-0.016052858515448434,-0.040792590560729425,-0.04707311153410976,-0.04001135757589415,-0.018604978495443104,-0.02879140600244666,-0.04707311153410976,-0.024284397806350493,-0.016052858515448434,-0.040792590560729425,-0.04707311153410976,-0.04001135757589415,,,,,,,,,,,,,,,,,-0.018604978495443104,-0.02879140600244666,-0.04707311153410976,-0.024354198970291323,-0.016052858515448434,-0.040792590560729425,-0.04707311153410976,-0.04001135757589415
2010-07,0.028130247957146123,0.03743404648144011,0.06396458399043814,0.03242387072934353,0.04201555841394801,0.052987055104100046,0.0018388604596997094,0.05248034772798021,,,,,,,,,,,,,,,,,0.028130247957146123,0.03743404648144011,0.06396458399043814,0.03315321305492563,0.04201555841394801,0.052987055104100046,0.0018388604596997094,0.05248034772798021,0.028130247957146123,0.03743404648144011,0.06396458399043814,0.0350970516388824,0.04201555841394801,0.052987055104100046,0.0018388604596997094,0.05248034772798021,,,,,,,,,,,,,,,,,0.028130247957146123,0.03743404648144011,0.06396458399043814,0.034973447485991176,0.04201555841394801,0.052987055104100046,0.0018388604596997094,0.05248034772798021,0.028130247957146123,0.03743404648144011,0.06396458399043814,0.03242446258006904,0.04201555841394801,0.052987055104100046,0.0018388604596997094,0.05248034772798021,,,,,,,,,,,,,,,,,0.028130247957146123,0.03743404648144011,0.06396458399043814,0.03255950900946045,0.04201555841394801,0.052987055104100046,0.0018388604596997094,0.05248034772798021
2010-08,-0.024079287184392763,-0.025623541390087514,-0.025595331424864698,-0.005821828500310537,-0.0019347577459982882,-0.020982901359410937,-0.025695331424864697,-0.017330654985565252,,,,,,,,,,,,,,,,,-0.024079287184392763,-0.025623541390087514,-0.025595331424864698,-0.006195268698321067,-0.0019347577459982882,-0.020982901359410937,-0.025695331424864697,-0.017330654985565252,0.000540632891880094,-0.009000950622652151,-0.025595331424864698,-0.007137027643314606,-0.0019347577459982882,-0.020982901359410937,-0.025695331424864697,-0.017330654985565252,,,,,,,,,,,,,,,,,0.000540632891880094,-0.009000950622652151,-0.025595331424864698,-0.00700868089963516,-0.0019347577459982882,-0.020982901359410937,-0.025695331424864697,-0.017330654985565252,0.000540632891880094,-0.009000950622652151,-0.025595331424864698,-0.005820853545448917,-0.0019347577459982882,-0.020982901359410937,-0.025695331424864697,-0.017330654985565252,,,,,,,,,,,,,,,,,0.000540632891880094,-0.009000950622652151,-0.025595331424864698,-0.005903986942392357,-0.0019347577459982882,-0.020982901359410937,-0.025695331424864697,-0.017330654985565252
2010-09,0.12241139057852174,0.1319486568630035,0.1319486568630035,0.09043367265695659,0.07915586684415578,0.1076592647167632,0.001086770079571131,0.12352859258844062,,,,,,,,,,,,,,,,,0.12241139057852174,0.1319486568630035,0.1319486568630035,0.09136458346819527,0.07915586684415578,0.1076592647167632,0.001086770079571131,0.12352859258844062,0.09485546365528255,0.09970424069460325,0.1319486568630035,0.09399703695500677,0.07915586684415578,0.1076592647167632,0.001086770079571131,0.12352859258844062,,,,,,,,,,,,,,,,,0.09485546365528255,0.09970424069460325,0.1319486568630035,0.0939846937653555,0.07915586684415578,0.1076592647167632,0.001086770079571131,0.12352859258844062,0.12235554366130712,0.13191748458149535,0.1319486568630035,0.09044348565202885,0.07915586684415578,0.1076592647167632,0.001086770079571131,0.12352859258844062,,,,,,,,,,,,,,,,,0.12235554366130712,0.13191748458149535,0.1319486568630035,0.09057484862036004,0.07915586684415578,0.1076592647167632,0.001086770079571131,0.12352859258844062
2010-10,0.04360587012543933,0.04641133599086156,0.04641133599086156,0.035976369416491356,0.027815602701223633,0.03298838294252099,0.046311335990861555,0.04545179778044834,,,,,,,,,,,,,,,,,0.04360587012543933,0.04641133599086156,0.04641133599086156,0.0362560292661443,0.027815602701223633,0.03298838294252099,0.046311335990861555,0.04545179778044834,0.04062667866858971,0.038338441716259726,0.04641133599086156,0.03707539877581903,0.027815602701223633,0.03298838294252099,0.046311335990861555,0.04545179778044834,,,,,,,,,,,,,,,,,0.04062667866858971,0.038338441716259726,0.04641133599086156,0.037129042998950694,0.027815602701223633,0.03298838294252099,0.046311335990861555,0.04545179778044834,0.04360587012543933,0.04641133599086156,0.04641133599086156,0.03597680339825378,0.027815602701223633,0.03298838294252099,0.046311335990861555,0.04545179778044834,,,,,,,,,,,,,,,,,0.04360587012543933,0.04641133599086156,0.04641133599086156,0.03600965725603492,0.027815602701223633,0.03298838294252099,0.046311335990861555,0.04545179778044834
2010-11,0.021932624149598772,0.02578648283765217,0.02578648283765217,0.020790270680108518,0.011878011873112111,0.017328681962811208,0.02578648283765217,0.025319049817475126,,,,,,,,,,,,,,,,,0.021932624149598772,0.02578648283765217,0.02578648283765217,0.020799114911461084,0.011878011873112111,0.017328681962811208,0.02578648283765217,0.025319049817475126,0.021877699635670215,0.025757026935599767,0.02578648283765217,0.02082854308471219,0.011878011873112111,0.017328681962811208,0.02578648283765217,0.025319049817475126,,,,,,,,,,,,,,,,,0.021877699635670215,0.025757026935599767,0.02578648283765217,0.020789493451614016,0.011878011873112111,0.017328681962811208,0.02578648283765217,0.025319049817475126,0.021932624149598772,0.02578648283765217,0.02578648283765217,0.020796714927613192,0.011878011873112111,0.017328681962811208,0.02578648283765217,0.025319049817475126,,,,,,,,,,,,,,,,,0.021932624149598772,0.02578648283765217,0.02578648283765217,0.0207951514948042,0.011878011873112111,0.017328681962811208,0.02578648283765217,0.025319049817475126
2010-12,0.044233650001146804,0.037517285213385564,0.04876819211165406,0.03579976830747657,0.015536325734064235,0.0347370459958248,0.04876819211165406,0.046328197256710356,,,,,,,,,,,,,,,,,0.044233650001146804,0.037517285213385564,0.04876819211165406,0.036175003810476156,0.015536325734064235,0.0347370459958248,0.04876819211165406,0.046328197256710356,0.04668360383321153,0.04876819211165406,0.04876819211165406,0.03722714600049661,0.015536325734064235,0.0347370459958248,0.04876819211165406,0.046328197256710356,,,,,,,,,,,,,,,,,0.04668360383321153,0.04876819211165406,0.04876819211165406,0.0373138474281614,0.015536325734064235,0.0347370459958248,0.04876819211165406,0.046328197256710356,0.04668360383321153,0.04876819211165406,0.04876819211165406,0.03578905412214402,0.015536325734064235,0.0347370459958248,0.04876819211165406,0.046328197256710356,,,,,,,,,,,,,,,,,0.04668360383321153,0.04876819211165406,0.04876819211165406,0.03584817581363694,0.015536325734064235,0.0347370459958248,0.04876819211165406,0.046328197256710356
2011-01,-0.005494836178976721,-0.010043165012262312,-0.0009559746402910685,-0.010707686955199313,-0.0006609285643535009,-0.0003179101235231107,-0.0009559746402910685,-0.00724034917827766,,,,,,,,,,,,,,,,,-0.005494836178976721,-0.010043165012262312,-0.0009559746402910685,-0.010506185452797934,-0.0006609285643535009,-0.0003179101235231107,-0.0009559746402910685,-0.00724034917827766,0.0007894729275777484,-0.0009559746402910685,-0.0009559746402910685,-0.010051551020928704,-0.0006609285643535009,-0.0003179101235231107,-0.0009559746402910685,-0.00724034917827766,,,,,,,,,,,,,,,,,0.0007894729275777484,-0.0009559746402910685,-0.0009559746402910685,-0.010143346694540346,-0.0006609285643535009,-0.0003179101235231107,-0.0009559746402910685,-0.00724034917827766,0.0007894729275777484,-0.0009559746402910685,-0.0009559746402910685,-0.010715485048457839,-0.0006609285643535009,-0.0003179101235231107,-0.0009559746402910685,-0.00724034917827766,,,,,,,,,,,,,,,,,0.0007894729275777484,-0.0009559746402910685,-0.0009559746402910685,-0.010655050749372301,-0.0006609285643535009,-0.0003179101235231107,-0.0009559746402910685,-0.00724034917827766
2011-02,0.021899378699810318,0.03627855557063468,0.03923436763619237,0.03548982235445544,0.02270707873235292,0.03118645225327123,0.03923436763619237,0.04130867397647451,,,,,,,,,0.02191040731259385,0.036249542083667256,0.03923436763619237,0.03577556272411557,0.022667096564669805,0.031174971311403652,0.03923436763619237,0.041299243675998284,0.021899378699810318,0.03627855557063468,0.03923436763619237,0.03564919843582538,0.02270707873235292,0.03118645225327123,0.03923436763619237,0.04130867397647451,0.03674608627451051,0.03923436763619237,0.03923436763619237,0.036170603261996434,0.02270707873235292,0.03118645225327123,0.03923436763619237,0.04130867397647451,,,,,,,,,0.03672640027157521,0.03923436763619237,0.03923436763619237,0.036773341716940765,0.022667096564669805,0.031174971311403652,0.03923436763619237,0.041299243675998284,0.03674608627451051,0.03923436763619237,0.03923436763619237,0.03628207083760589,0.02270707873235292,0.03118645225327123,0.03923436763619237,0.04130867397647451,0.03881096231431642,0.036249542083667256,0.03923436763619237,0.03548929829109814,0.02270707873235292,0.03118645225327123,0.03923436763619237,0.04130867397647451,,,,,,,,,0.03879127631138112,0.036249542083667256,0.03923436763619237,0.03554503853333211,0.022667096564669805,0.031174971311403652,0.03923436763619237,0.041299243675998284,0.03881096231431642,0.036249542083667256,0.03923436763619237,0.0354943395153356,0.02270707873235292,0.03118645225327123,0.03923436763619237,0.04130867397647451
2011-03,0.004223469644812726,0.01154758073441175,0.013351829000636473,0.010604452552429384,0.007392061571648661,0.01042390053331105,0.013351829000636473,0.013614604856134197,,,,,,,,,0.004223469644812726,0.01154758073441175,0.013351829000636473,0.01077328677241762,0.007392061571648661,0.01042390053331105,0.013351829000636473,0.013614604856134197,0.004223469644812726,0.01154758073441175,0.013351829000636473,0.010687743552684481,0.007392061571648661,0.01042390053331105,0.013351829000636473,0.013614604856134197,0.012311652397936105,0.011518466543047274,0.013351829000636473,0.010937578231396993,0.007392061571648661,0.01042390053331105,0.013351829000636473,0.013614604856134197,,,,,,,,,0.012311652397936105,0.011518466543047274,0.013351829000636473,0.011274234118092691,0.007392061571648661,0.01042390053331105,0.013351829000636473,0.013614604856134197,0.012311652397936105,0.011518466543047274,0.013351829000636473,0.010982563854458888,0.007392061571648661,0.01042390053331105,0.013351829000636473,0.013614604856134197,0.004102756957928046,0.01154758073441175,0.013351829000636473,0.010601626374035767,0.007392061571648661,0.01042390053331105,0.013351829000636473,0.013614604856134197,,,,,,,,,0.004102756957928046,0.01154758073441175,0.013351829000636473,0.010665170703928922,0.007392061571648661,0.01042390053331105,0.013351829000636473,0.013614604856134197,0.004102756957928046,0.01154758073441175,0.013351829000636473,0.010610714394886785,0.007392061571648661,0.01042390053331105,0.013351829000636473,0.013614604856134197
2011-04,0.02374937659332345,0.03520842062589407,0.029986234523932787,0.034368209924498995,0.02535582715827683,0.02570086343556009,0.029986234523932787,0.035932242701459984,,,,,,,,,0.02374937659332345,0.03520842062589407,0.029986234523932787,0.0346291288663262,0.02535582715827683,0.02570086343556009,0.029986234523932787,0.035932242701459984,0.02374937659332345,0.03520842062589407,0.029986234523932787,0.03442539629755352,0.02535582715827683,0.02570086343556009,0.029986234523932787,0.035932242701459984,0.03453089586931733,0.03520842062589407,0.029986234523932787,0.03471735507760297,0.02535582715827683,0.02570086343556009,0.029986234523932787,0.035932242701459984,,,,,,,,,0.03453089586931733,0.03520842062589407,0.029986234523932787,0.035024541006974295,0.02535582715827683,0.02570086343556009,0.029986234523932787,0.035932242701459984,0.03453089586931733,0.03520842062589407,0.029986234523932787,0.03492486062926522,0.02535582715827683,0.02570086343556009,0.029986234523932787,0.035932242701459984,0.02374937659332345,0.03520842062589407,0.029986234523932787,0.03436488415810674,0.02535582715827683,0.02570086343556009,0.029986234523932787,0.035932242701459984,,,,,,,,,0.02374937659332345,0.03520842062589407,0.029986234523932787,0.03436575633744425,0.02535582715827683,0.02570086343556009,0.029986234523932787,0.035932242701459984,0.02374937659332345,0.03520842062589407,0.029986234523932787,0.034340782318278765,0.02535582715827683,0.02570086343556009,0.029986234523932787,0.035932242701459984
2011-05,-0.0026475852287422413,-0.010479768155039487,-0.011909825079601921,-0.009871979991504815,0.0028767236591577395,-0.009214184595909147,-0.011909825079601921,-0.01251104768377877,,,,,,,,,-0.0026475852287422413,-0.010479768155039487,-0.011909825079601921,-0.010068451026629266,0.0028767236591577395,-0.009214184595909147,-0.011909825079601921,-0.01251104768377877,-0.0026475852287422413,-0.010479768155039487,-0.011909825079601921,-0.009955300555756936,0.0028767236591577395,-0.009214184595909147,-0.011909825079601921,-0.01251104768377877,-0.011187162674296506,-0.010479768155039487,-0.011909825079601921,-0.010201092941355176,0.0028767236591577395,-0.009214184595909147,-0.011909825079601921,-0.01251104768377877,,,,,,,,,-0.011187162674296506,-0.010479768155039487,-0.011909825079601921,-0.010552651443955773,0.0028767236591577395,-0.009214184595909147,-0.011909825079601921,-0.01251104768377877,-0.011187162674296506,-0.010479768155039487,-0.011909825079601921,-0.010280682496079347,0.0028767236591577395,-0.009214184595909147,-0.011909825079601921,-0.01251104768377877,-0.0026475852287422413,-0.010479768155039487,-0.011909825079601921,-0.00986347145756519,0.0028767236591577395,-0.009214184595909147,-0.011909825079601921,-0.01251104768377877,,,,,,,,,-0.0026475852287422413,-0.010479768155039487,-0.011909825079601921,-0.009919281150811733,0.0028767236591577395,-0.009214184595909147,-0.011909825079601921,-0.01251104768377877,-0.0026475852287422413,-0.010479768155039487,-0.011909825079601921,-0.009875121333914341,0.0028767236591577395,-0.009214184595909147,-0.011909825079601921,-0.01251104768377877
2011-06,-0.007221732514938932,-0.0036560573395809774,0.0,-0.005595543102280113,-0.0020189355098403795,-1.353762000799487e-05,0.0,-0.0024325590284099423,,,,,,,,,-0.007221732514938932,-0.0036560573395809774,0.0,-0.00555597324833616,-0.0020189355098403795,-1.353762000799487e-05,0.0,-0.0024325590284099423,-0.007221732514938932,-0.0036560573395809774,0.0,-0.005524802371937803,-0.0020189355098403795,-1.353762000799487e-05,0.0,-0.0024325590284099423,-0.007345203146144223,-0.0036560573395809774,0.0,-0.0053463247292868344,-0.0020189355098403795,-1.353762000799487e-05,0.0,-0.0024325590284099423,,,,,,,,,-0.007345203146144223,-0.0036560573395809774,0.0,-0.0051154785003803115,-0.0020189355098403795,-1.353762000799487e-05,0.0,-0.0024325590284099423,-0.007345203146144223,-0.0036560573395809774,0.0,-0.005436522099690579,-0.0020189355098403795,-1.353762000799487e-05,0.0,-0.0024325590284099423,-0.007221732514938932,-0.0036560573395809774,0.0,-0.005586426367775205,-0.0020189355098403795,-1.353762000799487e-05,0.0,-0.0024325590284099423,,,,,,,,,-0.007221732514938932,-0.0036560573395809774,0.0,-0.005502569659122224,-0.0020189355098403795,-1.353762000799487e-05,0.0,-0.0024325590284099423,-0.007221732514938932,-0.0036560573395809774,0.0,-0.005573163250259966,-0.0020189355098403795,-1.353762000799487e-05,0.0,-0.0024325590284099423
2011-07,0.020445992459222424,0.013992932836884376,0.0013393223002018395,0.016290999065390784,0.013481871215010792,0.0013317985619486817,0.0013393223002018395,0.009622974231599876,,,,,,,,,0.020445992459222424,0.013992932836884376,0.0013393223002018395,0.01616641422065308,0.013481871215010792,0.0013317985619486817,0.0013393223002018395,0.009622974231599876,0.020445992459222424,0.013992932836884376,0.0013393223002018395,0.01609571244974874,0.013481871215010792,0.0013317985619486817,0.0013393223002018395,0.009622974231599876,0.020445992459222424,0.013992932836884376,0.0013393223002018395,0.01566795786234695,0.013481871215010792,0.0013317985619486817,0.0013393223002018395,0.009622974231599876,,,,,,,,,0.020445992459222424,0.013992932836884376,0.0013393223002018395,0.015021706251235068,0.013481871215010792,0.0013317985619486817,0.0013393223002018395,0.009622974231599876,0.020445992459222424,0.013992932836884376,0.0013393223002018395,0.01589539202894677,0.013481871215010792,0.0013317985619486817,0.0013393223002018395,0.009622974231599876,0.020445992459222424,0.013992932836884376,0.0013393223002018395,0.016281549454563404,0.013481871215010792,0.0013317985619486817,0.0013393223002018395,0.009622974231599876,,,,,,,,,0.020445992459222424,0.013992932836884376,0.0013393223002018395,0.016053504265332197,0.013481871215010792,0.0013317985619486817,0.0013393223002018395,0.009622974231599876,0.020445992459222424,0.013992932836884376,0.0013393223002018395,0.016224208168057874,0.013481871215010792,0.0013317985619486817,0.0013393223002018395,0.009622974231599876
2011-08,0.01783142421044547,-0.021018190772027736,-0.05706635233456436,-0.015062001891125202,-0.015634989716880182,-0.05706635233456436,-0.05706635233456436,-0.039085511605844475,,,,,,,,,0.01783142421044547,-0.021018190772027736,-0.05706635233456436,-0.015965643394745214,-0.015634989716880182,-0.05706635233456436,-0.05706635233456436,-0.039085511605844475,0.01783142421044547,-0.021018190772027736,-0.05706635233456436,-0.015813999796614495,-0.015634989716880182,-0.05706635233456436,-0.05706635233456436,-0.039085511605844475,0.01783142421044547,-0.021018190772027736,-0.05706635233456436,-0.0177084759708126,-0.015634989716880182,-0.05706635233456436,-0.05706635233456436,-0.039085511605844475,,,,,,,,,0.01783142421044547,-0.021018190772027736,-0.05706635233456436,-0.02042059822504276,-0.015634989716880182,-0.05706635233456436,-0.05706635233456436,-0.039085511605844475,0.01783142421044547,-0.021018190772027736,-0.05706635233456436,-0.017352888971094948,-0.015634989716880182,-0.05706635233456436,-0.05706635233456436,-0.039085511605844475,0.01783142421044547,-0.021018190772027736,-0.05706635233456436,-0.015073345585540106,-0.015634989716880182,-0.05706635233456436,-0.05706635233456436,-0.039085511605844475,,,,,,,,,0.01783142421044547,-0.021018190772027736,-0.05706635233456436,-0.015827944188063544,-0.015634989716880182,-0.05706635233456436,-0.05706635233456436,-0.039085511605844475,0.01783142421044547,-0.021018190772027736,-0.05706635233456436,-0.015237726445359855,-0.015634989716880182,-0.05706635233456436,-0.05706635233456436,-0.039085511605844475
2011-09,-0.032742700124077005,-0.06308427749015925,-0.0661940322188842,-0.06310969130866424,-0.03077066803791767,-0.06316259106279501,-0.001115709581123181,-0.07063866041125567,,,,,,,,,-0.032742700124077005,-0.06308427749015925,-0.0661940322188842,-0.06390681399384204,-0.03077066803791767,-0.06316259106279501,-0.001115709581123181,-0.07063866041125567,-0.032742700124077005,-0.06308427749015925,-0.0661940322188842,-0.06345348499900555,-0.03077066803791767,-0.06316259106279501,-0.001115709581123181,-0.07063866041125567,-0.032742700124077005,-0.06308427749015925,-0.0661940322188842,-0.06454560479586478,-0.03077066803791767,-0.06316259106279501,-0.001115709581123181,-0.07063866041125567,,,,,,,,,-0.032742700124077005,-0.06308427749015925,-0.0661940322188842,-0.06598797539309728,-0.03077066803791767,-0.06316259106279501,-0.001115709581123181,-0.07063866041125567,-0.032742700124077005,-0.06308427749015925,-0.0661940322188842,-0.06485421235148012,-0.03077066803791767,-0.06316259106279501,-0.001115709581123181,-0.07063866041125567,-0.032742700124077005,-0.06308427749015925,-0.0661940322188842,-0.06309259092091207,-0.03077066803791767,-0.06316259106279501,-0.001115709581123181,-0.07063866041125567,,,,,,,,,-0.032742700124077005,-0.06308427749015925,-0.0661940322188842,-0.0633256292939129,-0.03077066803791767,-0.06316259106279501,-0.001115709581123181,-0.07063866041125567,-0.032742700124077005,-0.06308427749015925,-0.0661940322188842,-0.0631160106825799,-0.03077066803791767,-0.06316259106279501,-0.001115709581123181,-0.07063866041125567
2011-10,0.036239683185832816,0.08754004289580962,0.11240506365085334,0.08483945635729584,0.06229455012036127,0.11240009652611016,0.00034314627383613683,0.10703531450353054,,,,,,,,,0.036239683185832816,0.08754004289580962,0.11240506365085334,0.0861148209798436,0.06229455012036127,0.11240009652611016,0.00034314627383613683,0.10703531450353054,0.036239683185832816,0.08754004289580962,0.11240506365085334,0.08562002154648893,0.06229455012036127,0.11240009652611016,0.00034314627383613683,0.10703531450353054,0.036239683185832816,0.08754004289580962,0.11240506365085334,0.0878623398233336,0.06229455012036127,0.11240009652611016,0.00034314627383613683,0.10703531450353054,,,,,,,,,0.036239683185832816,0.08754004289580962,0.11240506365085334,0.09085449337159365,0.06229455012036127,0.11240009652611016,0.00034314627383613683,0.10703531450353054,0.036239683185832816,0.08754004289580962,0.11240506365085334,0.08790437522441494,0.06229455012036127,0.11240009652611016,0.00034314627383613683,0.10703531450353054,0.036239683185832816,0.08754004289580962,0.11240506365085334,0.08484713714692438,0.06229455012036127,0.11240009652611016,0.00034314627383613683,0.10703531450353054,,,,,,,,,0.036239683185832816,0.08754004289580962,0.11240506365085334,0.08553097381693488,0.06229455012036127,0.11240009652611016,0.00034314627383613683,0.10703531450353054,0.036239683185832816,0.08754004289580962,0.11240506365085334,0.08494850013255127,0.06229455012036127,0.11240009652611016,0.00034314627383613683,0.10703531450353054
2011-11,0.008158269578943486,0.0006551054369647266,-0.0027310716183031047,0.0005502314095685196,0.0006781453591036041,-0.0024731799251348718,-0.0028310716183031046,-0.0007911315771381648,,,,,,,,,0.008158269578943486,0.0006551054369647266,-0.0027310716183031047,0.00034547218859620185,0.0006781453591036041,-0.0024731799251348718,-0.0028310716183031046,-0.0007911315771381648,0.008158269578943486,0.0006551054369647266,-0.0027310716183031047,0.0004129636876952972,0.0006781453591036041,-0.0024731799251348718,-0.0028310716183031046,-0.0007911315771381648,0.008158269578943486,0.0006551054369647266,-0.0027310716183031047,4.2691587305486004e-05,0.0006781453591036041,-0.0024731799251348718,-0.0028310716183031046,-0.0007911315771381648,,,,,,,,,0.008158269578943486,0.0006551054369647266,-0.0027310716183031047,-0.0004733332882341749,0.0006781453591036041,-0.0024731799251348718,-0.0028310716183031046,-0.0007911315771381648,0.008158269578943486,0.0006551054369647266,-0.0027310716183031047,5.878957602872901e-05,0.0006781453591036041,-0.0024731799251348718,-0.0028310716183031046,-0.0007911315771381648,0.008158269578943486,0.0006551054369647266,-0.0027310716183031047,0.0005502651079988911,0.0006781453591036041,-0.0024731799251348718,-0.0028310716183031046,-0.0007911315771381648,,,,,,,,,0.008158269578943486,0.0006551054369647266,-0.0027310716183031047,0.00042414238634890856,0.0006781453591036041,-0.0024731799251348718,-0.0028310716183031046,-0.0007911315771381648,0.008158269578943486,0.0006551054369647266,-0.0027310716183031047,0.0005259410904104796,0.0006781453591036041,-0.0024731799251348718,-0.0028310716183031046,-0.0007911315771381648
2011-12,-0.02647563076246151,-0.026251757289958388,-0.014765525596719176,-0.023779437847853697,-0.0009088947114569509,-0.013510665385955158,-0.014765525596719176,-0.02395158175318441,,,,,,,,,-0.02647563076246151,-0.026251757289958388,-0.014765525596719176,-0.023682158696352772,-0.0009088947114569509,-0.013510665385955158,-0.014765525596719176,-0.02395158175318441,-0.02647563076246151,-0.026251757289958388,-0.014765525596719176,-0.023598980150244083,-0.0009088947114569509,-0.013510665385955158,-0.014765525596719176,-0.02395158175318441,-0.02647563076246151,-0.026251757289958388,-0.014765525596719176,-0.023247832185642848,-0.0009088947114569509,-0.013510665385955158,-0.014765525596719176,-0.02395158175318441,,,,,,,,,-0.02647563076246151,-0.026251757289958388,-0.014765525596719176,-0.022659656161373797,-0.0009088947114569509,-0.013510665385955158,-0.014765525596719176,-0.02395158175318441,-0.02647563076246151,-0.026251757289958388,-0.014765525596719176,-0.023478650225442804,-0.0009088947114569509,-0.013510665385955158,-0.014765525596719176,-0.02395158175318441,-0.02647563076246151,-0.026251757289958388,-0.014765525596719176,-0.023776407973041872,-0.0009088947114569509,-0.013510665385955158,-0.014765525596719176,-0.02395158175318441,,,,,,,,,-0.02647563076246151,-0.026251757289958388,-0.014765525596719176,-0.023560011087375175,-0.0009088947114569509,-0.013510665385955158,-0.014765525596719176,-0.02395158175318441,-0.02647563076246151,-0.026251757289958388,-0.014765525596719176,-0.023710658200467735,-0.0009088947114569509,-0.013510665385955158,-0.014765525596719176,-0.02395158175318441
2012-01,0.05598761999989591,0.06070338244378738,0.06073255674884881,0.058032348869660785,0.03988688500998287,0.05741986145598036,0.0007282667657506515,0.06605393497026178,,,,,,,,,0.05598761999989591,0.06070338244378738,0.06073255674884881,0.05845761519627895,0.03988688500998287,0.05741986145598036,0.0007282667657506515,0.06605393497026178,0.05598761999989591,0.06070338244378738,0.06073255674884881,0.05820301990589617,0.03988688500998287,0.05741986145598036,0.0007282667657506515,0.06605393497026178,0.04079940334996868,0.059728600614830644,0.06073255674884881,0.0588389260904638,0.03988688500998287,0.05741986145598036,0.0007282667657506515,0.06605393497026178,,,,,,,,,0.04079940334996868,0.059728600614830644,0.06073255674884881,0.05956964868594544,0.03988688500998287,0.05741986145598036,0.0007282667657506515,0.06605393497026178,0.04079940334996868,0.059728600614830644,0.06073255674884881,0.059025563014387813,0.03988688500998287,0.05741986145598036,0.0007282667657506515,0.06605393497026178,0.04079940334996868,0.059728600614830644,0.06073255674884881,0.05803744506911748,0.03988688500998287,0.05741986145598036,0.0007282667657506515,0.06605393497026178,,,,,,,,,0.04079940334996868,0.059728600614830644,0.06073255674884881,0.058143462057921286,0.03988688500998287,0.05741986145598036,0.0007282667657506515,0.06605393497026178,0.04079940334996868,0.059728600614830644,0.06073255674884881,0.05802156877201425,0.03988688500998287,0.05741986145598036,0.0007282667657506515,0.06605393497026178
2012-02,0.044231298529815104,0.0347781771521745,0.05638096296354567,0.031116637705124975,0.029427728952826623,0.05001744023895202,0.056280962963545664,0.047777439291730346,,,,,,,,,0.044231298529815104,0.0347781771521745,0.05638096296354567,0.03183028115113,0.029427728952826623,0.05001744023895202,0.056280962963545664,0.047777439291730346,0.044231298529815104,0.0347781771521745,0.05638096296354567,0.0316208147509463,0.029427728952826623,0.05001744023895202,0.056280962963545664,0.047777439291730346,0.0048078698767259785,0.03480657589738946,0.05638096296354567,0.032950725481131864,0.029427728952826623,0.05001744023895202,0.056280962963545664,0.047777439291730346,,,,,,,,,0.0048078698767259785,0.03480657589738946,0.05638096296354567,0.03482596067135524,0.029427728952826623,0.05001744023895202,0.056280962963545664,0.047777439291730346,0.0048078698767259785,0.03480657589738946,0.05638096296354567,0.03284472547075382,0.029427728952826623,0.05001744023895202,0.056280962963545664,0.047777439291730346,0.05271280379984304,0.056351029170389116,0.05638096296354567,0.031117246903670157,0.029427728952826623,0.05001744023895202,0.056280962963545664,0.047777439291730346,,,,,,,,,0.05271280379984304,0.056351029170389116,0.05638096296354567,0.031591793854074623,0.029427728952826623,0.05001744023895202,0.056280962963545664,0.047777439291730346,0.05271280379984304,0.056351029170389116,0.05638096296354567,0.031214071730053944,0.029427728952826623,0.05001744023895202,0.056280962963545664,0.047777439291730346
2012-03,0.031816835517749394,0.02773207179369443,0.042614922028908264,0.022570317215729857,0.01920261882152701,0.03689824498448542,0.042614922028908264,0.03703185680766373,,,,,,,,,0.031816835517749394,0.02773207179369443,0.042614922028908264,0.022988085545671378,0.01920261882152701,0.03689824498448542,0.042614922028908264,0.03703185680766373,0.031816835517749394,0.02773207179369443,0.042614922028908264,0.022895971728119874,0.01920261882152701,0.03689824498448542,0.042614922028908264,0.03703185680766373,0.006663214525410986,0.02773207179369443,0.042614922028908264,0.02377944979206703,0.01920261882152701,0.03689824498448542,0.042614922028908264,0.03703185680766373,,,,,,,,,0.006663214525410986,0.02773207179369443,0.042614922028908264,0.02496733078500976,0.01920261882152701,0.03689824498448542,0.042614922028908264,0.03703185680766373,0.006663214525410986,0.02773207179369443,0.042614922028908264,0.023656154434522313,0.01920261882152701,0.03689824498448542,0.042614922028908264,0.03703185680766373,0.0373997095897152,0.042614922028908264,0.042614922028908264,0.022583214874639733,0.01920261882152701,0.03689824498448542,0.042614922028908264,0.03703185680766373,,,,,,,,,0.0373997095897152,0.042614922028908264,0.042614922028908264,0.02290162847352178,0.01920261882152701,0.03689824498448542,0.042614922028908264,0.03703185680766373,0.0373997095897152,0.042614922028908264,0.042614922028908264,0.022636202263475343,0.01920261882152701,0.03689824498448542,0.042614922028908264,0.03703185680766373
2012-04,0.005411987383355235,0.004732842842340616,0.004761829255322203,0.003231890457993448,0.012892152717585575,0.0043570194613254684,0.004761829255322203,0.004137129390779774,,,,,,,,,0.005411987383355235,0.004732842842340616,0.004761829255322203,0.003300202573481205,0.012892152717585575,0.0043570194613254684,0.004761829255322203,0.004137129390779774,0.005411987383355235,0.004732842842340616,0.004761829255322203,0.0032846633019171833,0.012892152717585575,0.0043570194613254684,0.004761829255322203,0.004137129390779774,0.004674385187361831,0.003412752769322629,0.004761829255322203,0.0034374758578152404,0.012892152717585575,0.0043570194613254684,0.004761829255322203,0.004137129390779774,,,,,,,,,0.004674385187361831,0.003412752769322629,0.004761829255322203,0.0036301942732126983,0.012892152717585575,0.0043570194613254684,0.004761829255322203,0.004137129390779774,0.004674385187361831,0.003412752769322629,0.004761829255322203,0.0034179030049486117,0.012892152717585575,0.0043570194613254684,0.004761829255322203,0.004137129390779774,0.005421447696141194,0.004761829255322203,0.004761829255322203,0.0032358049054484446,0.012892152717585575,0.0043570194613254684,0.004761829255322203,0.004137129390779774,,,,,,,,,0.005421447696141194,0.004761829255322203,0.004761829255322203,0.0032870973858375456,0.012892152717585575,0.0043570194613254684,0.004761829255322203,0.004137129390779774,0.005421447696141194,0.004761829255322203,0.004761829255322203,0.003241449762126595,0.012892152717585575,0.0043570194613254684,0.004761829255322203,0.004137129390779774
2012-05,-0.0721781679288337,-0.0766191869913897,-0.0766191869913897,-0.0592345395692025,-0.03449381141062519,-0.06563819636591069,-0.0766191869913897,-0.07529535825061676,,,,,,,,,-0.0721781679288337,-0.0766191869913897,-0.0766191869913897,-0.06016598166343874,-0.03449381141062519,-0.06563819636591069,-0.0766191869913897,-0.07529535825061676,-0.0721781679288337,-0.0766191869913897,-0.0766191869913897,-0.059745889352672506,-0.03449381141062519,-0.06563819636591069,-0.0766191869913897,-0.07529535825061676,-0.07085435822312859,-0.06305509456344364,-0.0766191869913897,-0.061236706251751635,-0.03449381141062519,-0.06563819636591069,-0.0766191869913897,-0.07529535825061676,,,,,,,,,-0.07085435822312859,-0.06305509456344364,-0.0766191869913897,-0.06324787713163516,-0.03449381141062519,-0.06563819636591069,-0.0766191869913897,-0.07529535825061676,-0.07085435822312859,-0.06305509456344364,-0.0766191869913897,-0.06138324956034114,-0.03449381141062519,-0.06563819636591069,-0.0766191869913897,-0.07529535825061676,-0.0721781679288337,-0.0766191869913897,-0.0766191869913897,-0.05922706756061505,-0.03449381141062519,-0.06563819636591069,-0.0766191869913897,-0.07529535825061676,,,,,,,,,-0.0721781679288337,-0.0766191869913897,-0.0766191869913897,-0.059647558838088865,-0.03449381141062519,-0.06563819636591069,-0.0766191869913897,-0.07529535825061676,-0.0721781679288337,-0.0766191869913897,-0.0766191869913897,-0.0592912066763873,-0.03449381141062519,-0.06563819636591069,-0.0766191869913897,-0.07529535825061676
2012-06,0.01928380900737776,0.016253266349739004,0.016253266349739004,0.01665978642738868,0.008092221074323669,0.01228736062319745,0.016253266349739004,0.01698238640681575,,,,,,,,,0.01928380900737776,0.016253266349739004,0.016253266349739004,0.01695895903943126,0.008092221074323669,0.01228736062319745,0.016253266349739004,0.01698238640681575,0.01928380900737776,0.016253266349739004,0.016253266349739004,0.016811615863416132,0.008092221074323669,0.01228736062319745,0.016253266349739004,0.01698238640681575,0.020013007202849025,0.01476241374968554,0.016253266349739004,0.017281012394478452,0.008092221074323669,0.01228736062319745,0.016253266349739004,0.01698238640681575,,,,,,,,,0.020013007202849025,0.01476241374968554,0.016253266349739004,0.017889943247834942,0.008092221074323669,0.01228736062319745,0.016253266349739004,0.01698238640681575,0.020013007202849025,0.01476241374968554,0.016253266349739004,0.01735177096438471,0.008092221074323669,0.01228736062319745,0.016253266349739004,0.01698238640681575,0.01928380900737776,0.016253266349739004,0.016253266349739004,0.01665894789114085,0.008092221074323669,0.01228736062319745,0.016253266349739004,0.01698238640681575,,,,,,,,,0.01928380900737776,0.016253266349739004,0.016253266349739004,0.016777022508015386,0.008092221074323669,0.01228736062319745,0.016253266349739004,0.01698238640681575,0.01928380900737776,0.016253266349739004,0.016253266349739004,0.016670807316277347,0.008092221074323669,0.01228736062319745,0.016253266349739004,0.01698238640681575
2012-07,-0.006553886860932362,-0.008417439872479116,-0.008417439872479116,-0.0013758326336716967,0.0005536355370397491,-0.0059677709541102915,-0.008417439872479116,-0.006738075627965917,,,,,,,,,-0.006553886860932362,-0.008417439872479116,-0.008417439872479116,-0.0014727674740170897,0.0005536355370397491,-0.0059677709541102915,-0.008417439872479116,-0.006738075627965917,-0.006553886860932362,-0.008417439872479116,-0.008417439872479116,-0.00147736638838027,0.0005536355370397491,-0.0059677709541102915,-0.008417439872479116,-0.006738075627965917,-0.006563906804770906,-0.00844733710171356,-0.008417439872479116,-0.0017745726629765871,0.0005536355370397491,-0.0059677709541102915,-0.008417439872479116,-0.006738075627965917,,,,,,,,,-0.006563906804770906,-0.00844733710171356,-0.008417439872479116,-0.0021268547105227514,0.0005536355370397491,-0.0059677709541102915,-0.008417439872479116,-0.006738075627965917,-0.006563906804770906,-0.00844733710171356,-0.008417439872479116,-0.0016937213727119434,0.0005536355370397491,-0.0059677709541102915,-0.008417439872479116,-0.006738075627965917,-0.006553886860932362,-0.008417439872479116,-0.008417439872479116,-0.0013900779707368863,0.0005536355370397491,-0.0059677709541102915,-0.008417439872479116,-0.006738075627965917,,,,,,,,,-0.006553886860932362,-0.008417439872479116,-0.008417439872479116,-0.0014984938668519757,0.0005536355370397491,-0.0059677709541102915,-0.008417439872479116,-0.006738075627965917,-0.006553886860932362,-0.008417439872479116,-0.008417439872479116,-0.0013983416609420413,0.0005536355370397491,-0.0059677709541102915,-0.008417439872479116,-0.006738075627965917
2012-08,0.030276479609086686,0.032258077313816136,0.032258077313816136,0.0292367752618539,0.018885156537467737,0.024767932441335426,0.032258077313816136,0.033971727259729884,,,,,,,,,0.030276479609086686,0.032258077313816136,0.032258077313816136,0.029560798467503153,0.018885156537467737,0.024767932441335426,0.032258077313816136,0.033971727259729884,0.030276479609086686,0.032258077313816136,0.032258077313816136,0.029381042381985883,0.018885156537467737,0.024767932441335426,0.032258077313816136,0.033971727259729884,0.030276479609086686,0.032258077313816136,0.032258077313816136,0.02984011012119581,0.018885156537467737,0.024767932441335426,0.032258077313816136,0.033971727259729884,,,,,,,,,0.030276479609086686,0.032258077313816136,0.032258077313816136,0.030439789921206977,0.018885156537467737,0.024767932441335426,0.032258077313816136,0.033971727259729884,0.030276479609086686,0.032258077313816136,0.032258077313816136,0.02995650040535446,0.018885156537467737,0.024767932441335426,0.032258077313816136,0.033971727259729884,0.030276479609086686,0.032258077313816136,0.032258077313816136,0.0292315978926975,0.018885156537467737,0.024767932441335426,0.032258077313816136,0.033971727259729884,,,,,,,,,0.030276479609086686,0.032258077313816136,0.032258077313816136,0.029332346276147885,0.018885156537467737,0.024767932441335426,0.032258077313816136,0.033971727259729884,0.030276479609086686,0.032258077313816136,0.032258077313816136,0.029240698988964572,0.018885156537467737,0.024767932441335426,0.032258077313816136,0.033971727259729884
2012-09,0.02162791064201552,0.02139200638384143,0.020558897309570723,0.02026559565172089,0.010941469538299494,0.01675622798697266,0.020558897309570723,0.02317342113216554,,,,,,,,,0.02162791064201552,0.02139200638384143,0.020558897309570723,0.02042815177905518,0.010941469538299494,0.01675622798697266,0.020558897309570723,0.02317342113216554,0.02162791064201552,0.02139200638384143,0.020558897309570723,0.020329193015098328,0.010941469538299494,0.01675622798697266,0.020558897309570723,0.02317342113216554,0.019023237644966495,0.020558897309570723,0.020558897309570723,0.020586274810468663,0.010941469538299494,0.01675622798697266,0.020558897309570723,0.02317342113216554,,,,,,,,,0.019023237644966495,0.020558897309570723,0.020558897309570723,0.02086051199660228,0.010941469538299494,0.01675622798697266,0.020558897309570723,0.02317342113216554,0.019023237644966495,0.020558897309570723,0.020558897309570723,0.020660184313395426,0.010941469538299494,0.01675622798697266,0.020558897309570723,0.02317342113216554,0.019023237644966495,0.020558897309570723,0.020558897309570723,0.020270807872781342,0.010941469538299494,0.01675622798697266,0.020558897309570723,0.02317342113216554,,,,,,,,,0.019023237644966495,0.020558897309570723,0.020558897309570723,0.020308875764184452,0.010941469538299494,0.01675622798697266,0.020558897309570723,0.02317342113216554,0.019023237644966495,0.020558897309570723,0.020558897309570723,0.02025888268243857,0.010941469538299494,0.01675622798697266,0.020558897309570723,0.02317342113216554
2012-10,-0.04206773811668236,-0.039490883899074083,-0.04995942731841152,-0.03573512721832076,-0.031560049722005316,-0.04609431033059468,-0.04995942731841152,-0.04790745625906487,,,,,,,,,-0.04206773811668236,-0.039490883899074083,-0.04995942731841152,-0.036140612772728654,-0.031560049722005316,-0.04609431033059468,-0.04995942731841152,-0.04790745625906487,-0.04206773811668236,-0.039490883899074083,-0.04995942731841152,-0.035987656578845006,-0.031560049722005316,-0.04609431033059468,-0.04995942731841152,-0.04790745625906487,-0.044119643310630445,-0.04995942731841152,-0.04995942731841152,-0.03670605716431637,-0.031560049722005316,-0.04609431033059468,-0.04995942731841152,-0.04790745625906487,,,,,,,,,-0.044119643310630445,-0.04995942731841152,-0.04995942731841152,-0.03767035582729556,-0.031560049722005316,-0.04609431033059468,-0.04995942731841152,-0.04790745625906487,-0.044119643310630445,-0.04995942731841152,-0.04995942731841152,-0.036711022528040566,-0.031560049722005316,-0.04609431033059468,-0.04995942731841152,-0.04790745625906487,-0.04207744226042343,-0.039520200448955205,-0.04995942731841152,-0.035737455542561455,-0.031560049722005316,-0.04609431033059468,-0.04995942731841152,-0.04790745625906487,,,,,,,,,-0.04207744226042343,-0.039520200448955205,-0.04995942731841152,-0.035960806686136215,-0.031560049722005316,-0.04609431033059468,-0.04995942731841152,-0.04790745625906487,-0.04207744226042343,-0.039520200448955205,-0.04995942731841152,-0.035772084128552886,-0.031560049722005316,-0.04609431033059468,-0.04995942731841152,-0.04790745625906487
2012-11,0.02445549486027895,0.020707412252637114,0.030534258855343444,0.01857019954152723,0.02223579541541728,0.030526018990875554,0.00013670425424771047,0.027013097905919565,,,,,,,,,0.02445549486027895,0.020707412252637114,0.030534258855343444,0.018885707853488493,0.02223579541541728,0.030526018990875554,0.00013670425424771047,0.027013097905919565,0.02445549486027895,0.020707412252637114,0.030534258855343444,0.018793187990380572,0.02223579541541728,0.030526018990875554,0.00013670425424771047,0.027013097905919565,0.02797654845941917,0.030534258855343444,0.030534258855343444,0.019391598347761514,0.02223579541541728,0.030526018990875554,0.00013670425424771047,0.027013097905919565,,,,,,,,,0.02797654845941917,0.030534258855343444,0.030534258855343444,0.020220801018744627,0.02223579541541728,0.030526018990875554,0.00013670425424771047,0.027013097905919565,0.02797654845941917,0.030534258855343444,0.030534258855343444,0.019344185132052927,0.02223579541541728,0.030526018990875554,0.00013670425424771047,0.027013097905919565,0.02445549486027895,0.020707412252637114,0.030534258855343444,0.018572537525581922,0.02223579541541728,0.030526018990875554,0.00013670425424771047,0.027013097905919565,,,,,,,,,0.02445549486027895,0.020707412252637114,0.030534258855343444,0.01878231458399123,0.02223579541541728,0.030526018990875554,0.00013670425424771047,0.027013097905919565,0.02445549486027895,0.020707412252637114,0.030534258855343444,0.018612208950828716,0.02223579541541728,0.030526018990875554,0.00013670425424771047,0.027013097905919565
2012-12,-0.00297101861790452,-0.005305324167022011,-0.002430872221455105,-0.005088037568720498,-0.005220573797095961,-0.002430872221455105,-0.0025308722214551047,-0.004615072596937555,,,,,,,,,-0.00297101861790452,-0.005305324167022011,-0.002430872221455105,-0.005017437354156671,-0.005220573797095961,-0.002430872221455105,-0.0025308722214551047,-0.004615072596937555,-0.00297101861790452,-0.005305324167022011,-0.002430872221455105,-0.0050170462138150245,-0.005220573797095961,-0.002430872221455105,-0.0025308722214551047,-0.004615072596937555,-0.00298080145128423,-0.005334650295811252,-0.002430872221455105,-0.004846908204597712,-0.005220573797095961,-0.002430872221455105,-0.0025308722214551047,-0.004615072596937555,,,,,,,,,-0.00298080145128423,-0.005334650295811252,-0.002430872221455105,-0.00459862966720566,-0.005220573797095961,-0.002430872221455105,-0.0025308722214551047,-0.004615072596937555,-0.00298080145128423,-0.005334650295811252,-0.002430872221455105,-0.004898520378534271,-0.005220573797095961,-0.002430872221455105,-0.0025308722214551047,-0.004615072596937555,-0.00297101861790452,-0.005305324167022011,-0.002430872221455105,-0.005086123672489675,-0.005220573797095961,-0.002430872221455105,-0.0025308722214551047,-0.004615072596937555,,,,,,,,,-0.00297101861790452,-0.005305324167022011,-0.002430872221455105,-0.0050105987061622136,-0.005220573797095961,-0.002430872221455105,-0.0025308722214551047,-0.004615072596937555,-0.00297101861790452,-0.005305324167022011,-0.002430872221455105,-0.0050686080490902,-0.005220573797095961,-0.002430872221455105,-0.0025308722214551047,-0.004615072596937555
2013-01,0.007487768824313478,0.028897097241118885,0.04234119401353542,0.025166878085265947,0.02023196955044127,0.04234119401353542,1.868985820573385e-05,0.037600762286715085,,,,,,,,,0.007487768824313478,0.028897097241118885,0.04234119401353542,0.02563570326710132,0.02023196955044127,0.04234119401353542,1.868985820573385e-05,0.037600762286715085,0.007487768824313478,0.028897097241118885,0.04234119401353542,0.02549220295672975,0.02023196955044127,0.04234119401353542,1.868985820573385e-05,0.037600762286715085,0.03370910968769673,0.028897097241118885,0.04234119401353542,0.026374362884273993,0.02023196955044127,0.04234119401353542,1.868985820573385e-05,0.037600762286715085,,,,,,,,,0.03370910968769673,0.028897097241118885,0.04234119401353542,0.02758853612604305,0.02023196955044127,0.04234119401353542,1.868985820573385e-05,0.037600762286715085,0.03370910968769673,0.028897097241118885,0.04234119401353542,0.026315493851173502,0.02023196955044127,0.04234119401353542,1.868985820573385e-05,0.037600762286715085,0.03370910968769673,0.028897097241118885,0.04234119401353542,0.02517061880864114,0.02023196955044127,0.04234119401353542,1.868985820573385e-05,0.037600762286715085,,,,,,,,,0.03370910968769673,0.028897097241118885,0.04234119401353542,0.025474128139029308,0.02023196955044127,0.04234119401353542,1.868985820573385e-05,0.037600762286715085,0.03370910968769673,0.028897097241118885,0.04234119401353542,0.025226081654981244,0.02023196955044127,0.04234119401353542,1.868985820573385e-05,0.037600762286715085
2013-02,-0.006893862784575118,-0.011164734033590527,-0.005177233452981267,-0.010306595255981515,0.001422452682834495,-0.005177233452981267,-0.005277233452981267,-0.009746768107104887,,,,,,,,,-0.006893862784575118,-0.011164734033590527,-0.005177233452981267,-0.01039101269671905,0.001422452682834495,-0.005177233452981267,-0.005277233452981267,-0.009746768107104887,-0.006893862784575118,-0.011164734033590527,-0.005177233452981267,-0.010275405809682833,0.001422452682834495,-0.005177233452981267,-0.005277233452981267,-0.009746768107104887,-0.00829687406574755,-0.011164734033590527,-0.005177233452981267,-0.010261563847297568,0.001422452682834495,-0.005177233452981267,-0.005277233452981267,-0.009746768107104887,,,,,,,,,-0.00829687406574755,-0.011164734033590527,-0.005177233452981267,-0.01021343175298741,0.001422452682834495,-0.005177233452981267,-0.005277233452981267,-0.009746768107104887,-0.00829687406574755,-0.011164734033590527,-0.005177233452981267,-0.010426138536320692,0.001422452682834495,-0.005177233452981267,-0.005277233452981267,-0.009746768107104887,-0.007017142275684962,-0.011164734033590527,-0.005177233452981267,-0.010297644613343955,0.001422452682834495,-0.005177233452981267,-0.005277233452981267,-0.009746768107104887,,,,,,,,,-0.007017142275684962,-0.011164734033590527,-0.005177233452981267,-0.010230909191850513,0.001422452682834495,-0.005177233452981267,-0.005277233452981267,-0.009746768107104887,-0.007017142275684962,-0.011164734033590527,-0.005177233452981267,-0.010276566492666867,0.001422452682834495,-0.005177233452981267,-0.005277233452981267,-0.009746768107104887
2013-03,0.01102816075524644,0.019690033183602396,0.026027855573731662,0.018848321986585106,0.016763532866932853,0.026027855573731662,0.026027855573731662,0.0243723651715771,,,,,,,,,0.01102816075524644,0.019690033183602396,0.026027855573731662,0.019052683903964928,0.016763532866932853,0.026027855573731662,0.026027855573731662,0.0243723651715771,0.01102816075524644,0.019690033183602396,0.026027855573731662,0.018989354553229622,0.016763532866932853,0.026027855573731662,0.026027855573731662,0.0243723651715771,0.022641557325190978,0.019690033183602396,0.026027855573731662,0.019385372979778638,0.016763532866932853,0.026027855573731662,0.026027855573731662,0.0243723651715771,,,,,,,,,0.022641557325190978,0.019690033183602396,0.026027855573731662,0.01991216983724294,0.016763532866932853,0.026027855573731662,0.026027855573731662,0.0243723651715771,0.022641557325190978,0.019690033183602396,0.026027855573731662,0.019360749045595208,0.016763532866932853,0.026027855573731662,0.026027855573731662,0.0243723651715771,0.01102816075524644,0.019690033183602396,0.026027855573731662,0.018852469893924563,0.016763532866932853,0.026027855573731662,0.026027855573731662,0.0243723651715771,,,,,,,,,0.01102816075524644,0.019690033183602396,0.026027855573731662,0.01898353957253207,0.016763532866932853,0.026027855573731662,0.026027855573731662,0.0243723651715771,0.01102816075524644,0.019690033183602396,0.026027855573731662,0.01887237916434776,0.016763532866932853,0.026027855573731662,0.026027855573731662,0.0243723651715771
2013-04,-0.017357035385269993,0.002431046596217245,0.01953128326843423,-0.0011299994291912058,0.017819307919588568,0.01953128326843423,0.01953128326843423,0.01001569621941222,,,,,,,,,-0.017357035385269993,0.002431046596217245,0.01953128326843423,-0.0006901089426085749,0.017819307919588568,0.01953128326843423,0.01953128326843423,0.01001569621941222,-0.017357035385269993,0.002431046596217245,0.01953128326843423,-0.0007412210412015259,0.017819307919588568,0.01953128326843423,0.01953128326843423,0.01001569621941222,0.010180341210583083,0.002431046596217245,0.01953128326843423,0.00024641730409298953,0.017819307919588568,0.01953128326843423,0.01953128326843423,0.01001569621941222,,,,,,,,,0.010180341210583083,0.002431046596217245,0.01953128326843423,0.001633890173177052,0.017819307919588568,0.01953128326843423,0.01953128326843423,0.01001569621941222,0.010180341210583083,0.002431046596217245,0.01953128326843423,2.820368821239499e-05,0.017819307919588568,0.01953128326843423,0.01953128326843423,0.01001569621941222,-0.017357035385269993,0.002431046596217245,0.01953128326843423,-0.001117688017414137,0.017819307919588568,0.01953128326843423,0.01953128326843423,0.01001569621941222,,,,,,,,,-0.017357035385269993,0.002431046596217245,0.01953128326843423,-0.0007199466389851121,0.017819307919588568,0.01953128326843423,0.01953128326843423,0.01001569621941222,-0.017357035385269993,0.002431046596217245,0.01953128326843423,-0.0010365046174769348,0.017819307919588568,0.01953128326843423,0.01953128326843423,0.01001569621941222
2013-05,0.02245712225939151,0.027940523708379652,0.027969329625654682,0.0048478170455822514,0.00436155298666129,0.027969329625654682,0.027969329625654682,0.01897276341961383,,,,,,,,,0.02245712225939151,0.027940523708379652,0.027969329625654682,0.005128902741720885,0.00436155298666129,0.027969329625654682,0.027969329625654682,0.01897276341961383,0.02245712225939151,0.027940523708379652,0.027969329625654682,0.00513759944960938,0.00436155298666129,0.027969329625654682,0.027969329625654682,0.01897276341961383,0.01359438436639037,0.010078537133254274,0.027969329625654682,0.005833350659707467,0.00436155298666129,0.027969329625654682,0.027969329625654682,0.01897276341961383,,,,,,,,,0.01359438436639037,0.010078537133254274,0.027969329625654682,0.006843002308636853,0.00436155298666129,0.027969329625654682,0.027969329625654682,0.01897276341961383,0.01359438436639037,0.010078537133254274,0.027969329625654682,0.0056137594813787375,0.00436155298666129,0.027969329625654682,0.027969329625654682,0.01897276341961383,-0.0052142369335137955,0.010078537133254274,0.027969329625654682,0.004857132018092985,0.00436155298666129,0.027969329625654682,0.027969329625654682,0.01897276341961383,,,,,,,,,-0.0052142369335137955,0.010078537133254274,0.027969329625654682,0.005167414750510572,0.00436155298666129,0.027969329625654682,0.027969329625654682,0.01897276341961383,-0.0052142369335137955,0.010078537133254274,0.027969329625654682,0.004927909557593635,0.00436155298666129,0.027969329625654682,0.027969329625654682,0.01897276341961383
2013-06,-0.03452508558271314,-0.03581174434845687,-0.02720833085150498,-0.03790441696065517,-0.026511192544494504,-0.02720833085150498,-0.02720833085150498,-0.03554713173305623,,,,,,,,,-0.03452508558271314,-0.03581174434845687,-0.02720833085150498,-0.03794763959213533,-0.026511192544494504,-0.02720833085150498,-0.02720833085150498,-0.03554713173305623,-0.03452508558271314,-0.03581174434845687,-0.02720833085150498,-0.0378169902451375,-0.026511192544494504,-0.02720833085150498,-0.02720833085150498,-0.03554713173305623,-0.034515662178403676,-0.03578298412374388,-0.02720833085150498,-0.03773244173739404,-0.026511192544494504,-0.02720833085150498,-0.02720833085150498,-0.03554713173305623,,,,,,,,,-0.034515662178403676,-0.03578298412374388,-0.02720833085150498,-0.03749474837680382,-0.026511192544494504,-0.02720833085150498,-0.02720833085150498,-0.03554713173305623,-0.034515662178403676,-0.03578298412374388,-0.02720833085150498,-0.037953932416278126,-0.026511192544494504,-0.02720833085150498,-0.02720833085150498,-0.03554713173305623,-0.02631125086278672,-0.027237091076217964,-0.02720833085150498,-0.03790419694435362,-0.026511192544494504,-0.02720833085150498,-0.02720833085150498,-0.03554713173305623,,,,,,,,,-0.02631125086278672,-0.027237091076217964,-0.02720833085150498,-0.03777257048749562,-0.026511192544494504,-0.02720833085150498,-0.02720833085150498,-0.03554713173305623,-0.02631125086278672,-0.027237091076217964,-0.02720833085150498,-0.037850191183466345,-0.026511192544494504,-0.02720833085150498,-0.02720833085150498,-0.03554713173305623
2013-07,0.06055094578355779,0.05537193048358738,0.06283505898104491,0.05312399633921045,0.03629038833654457,0.06283505898104491,0.06283505898104491,0.06398088030952027,,,,,,,,,0.06055094578355779,0.05537193048358738,0.06283505898104491,0.05369925417772169,0.03629038833654457,0.06283505898104491,0.06283505898104491,0.06398088030952027,0.06055094578355779,0.05537193048358738,0.06283505898104491,0.0534346262597885,0.03629038833654457,0.06283505898104491,0.06283505898104491,0.06398088030952027,0.06055094578355779,0.05537193048358738,0.06283505898104491,0.05440424429995605,0.03629038833654457,0.06283505898104491,0.06283505898104491,0.06398088030952027,,,,,,,,,0.06055094578355779,0.05537193048358738,0.06283505898104491,0.055630243373780176,0.03629038833654457,0.06283505898104491,0.06283505898104491,0.06398088030952027,0.06055094578355779,0.05537193048358738,0.06283505898104491,0.05450268296865286,0.03629038833654457,0.06283505898104491,0.06283505898104491,0.06398088030952027,0.0605419080902314,0.05534363555455375,0.06283505898104491,0.053130621425414956,0.03629038833654457,0.06283505898104491,0.06283505898104491,0.06398088030952027,,,,,,,,,0.0605419080902314,0.05534363555455375,0.06283505898104491,0.053382497490854997,0.03629038833654457,0.06283505898104491,0.06283505898104491,0.06398088030952027,0.0605419080902314,0.05534363555455375,0.06283505898104491,0.0531503079921971,0.03629038833654457,0.06283505898104491,0.06283505898104491,0.06398088030952027
2013-08,0.009626277909346304,-0.003190281996289464,-0.015500914484304573,-0.000731636254314509,-0.014992199246953107,-0.015500914484304573,-0.015500914484304573,-0.008746171602670457,,,,,,,,,0.009626277909346304,-0.003190281996289464,-0.015500914484304573,-0.001016018237863253,-0.014992199246953107,-0.015500914484304573,-0.015500914484304573,-0.008746171602670457,0.009626277909346304,-0.003190281996289464,-0.015500914484304573,-0.0009935076653154247,-0.014992199246953107,-0.015500914484304573,-0.015500914484304573,-0.008746171602670457,-0.008468807782571468,-0.003190281996289464,-0.015500914484304573,-0.001653441688640995,-0.014992199246953107,-0.015500914484304573,-0.015500914484304573,-0.008746171602670457,,,,,,,,,-0.008468807782571468,-0.003190281996289464,-0.015500914484304573,-0.002581693797889233,-0.014992199246953107,-0.015500914484304573,-0.015500914484304573,-0.008746171602670457,-0.008468807782571468,-0.003190281996289464,-0.015500914484304573,-0.0014917733507334616,-0.014992199246953107,-0.015500914484304573,-0.015500914484304573,-0.008746171602670457,-0.008468807782571468,-0.003190281996289464,-0.015500914484304573,-0.000740961919177726,-0.014992199246953107,-0.015500914484304573,-0.015500914484304573,-0.008746171602670457,,,,,,,,,-0.008468807782571468,-0.003190281996289464,-0.015500914484304573,-0.001012321016160886,-0.014992199246953107,-0.015500914484304573,-0.015500914484304573,-0.008746171602670457,-0.008468807782571468,-0.003190281996289464,-0.015500914484304573,-0.0007967256587333226,-0.014992199246953107,-0.015500914484304573,-0.015500914484304573,-0.008746171602670457
2013-09,-0.0002282580518003724,0.03826945413515761,0.06444503688056402,0.02998473963395307,0.0460517620998135,0.06444503688056402,0.06444503688056402,0.053216081923120516,,,,,,,,,-0.0002282580518003724,0.03826945413515761,0.06444503688056402,0.030784426820560803,0.0460517620998135,0.06444503688056402,0.06444503688056402,0.053216081923120516,-0.0002282580518003724,0.03826945413515761,0.06444503688056402,0.030608432454190388,0.0460517620998135,0.06444503688056402,0.06444503688056402,0.053216081923120516,0.04755288237550327,0.03826945413515761,0.06444503688056402,0.032281548550590435,0.0460517620998135,0.06444503688056402,0.06444503688056402,0.053216081923120516,,,,,,,,,0.04755288237550327,0.03826945413515761,0.06444503688056402,0.034556545275396,0.0460517620998135,0.06444503688056402,0.06444503688056402,0.053216081923120516,0.04755288237550327,0.03826945413515761,0.06444503688056402,0.03204558697642613,0.0460517620998135,0.06444503688056402,0.06444503688056402,0.053216081923120516,0.04755288237550327,0.03826945413515761,0.06444503688056402,0.030005726208021416,0.0460517620998135,0.06444503688056402,0.06444503688056402,0.053216081923120516,,,,,,,,,0.04755288237550327,0.03826945413515761,0.06444503688056402,0.030615932380572752,0.0460517620998135,0.06444503688056402,0.06444503688056402,0.053216081923120516,0.04755288237550327,0.03826945413515761,0.06444503688056402,0.03011301317476246,0.0460517620998135,0.06444503688056402,0.06444503688056402,0.053216081923120516
2013-10,0.03334579231221699,0.0343716342249279,0.03439986953008978,0.02234842334949714,0.023750017269623124,0.03439986953008978,0.03439986953008978,0.030615659834634625,,,,,,,,,0.03334579231221699,0.0343716342249279,0.03439986953008978,0.022727537503946786,0.023750017269623124,0.03439986953008978,0.03439986953008978,0.030615659834634625,0.03334579231221699,0.0343716342249279,0.03439986953008978,0.022619023096702977,0.023750017269623124,0.03439986953008978,0.03439986953008978,0.030615659834634625,0.02969325498602374,0.0236663094501419,0.03439986953008978,0.02336486521959019,0.023750017269623124,0.03439986953008978,0.03439986953008978,0.030615659834634625,,,,,,,,,0.02969325498602374,0.0236663094501419,0.03439986953008978,0.02436887888860726,0.023750017269623124,0.03439986953008978,0.03439986953008978,0.030615659834634625,0.02969325498602374,0.0236663094501419,0.03439986953008978,0.023301905776743636,0.023750017269623124,0.03439986953008978,0.03439986953008978,0.030615659834634625,0.007822778054723482,0.0236663094501419,0.03439986953008978,0.02235586208134958,0.023750017269623124,0.03439986953008978,0.03439986953008978,0.030615659834634625,,,,,,,,,0.007822778054723482,0.0236663094501419,0.03439986953008978,0.022611222678623324,0.023750017269623124,0.03439986953008978,0.03439986953008978,0.030615659834634625,0.007822778054723482,0.0236663094501419,0.03439986953008978,0.02239777147643632,0.023750017269623124,0.03439986953008978,0.03439986953008978,0.030615659834634625
2013-11,0.021024386163355186,0.014657020657068124,0.032590737469220254,0.010680980268732723,0.016048514913323705,0.032590737469220254,0.032590737469220254,0.023820137921884622,,,,,,,,,0.021024386163355186,0.014657020657068124,0.032590737469220254,0.01110046782269361,0.016048514913323705,0.032590737469220254,0.032590737469220254,0.023820137921884622,0.021024386163355186,0.014657020657068124,0.032590737469220254,0.011042535754824381,0.016048514913323705,0.032590737469220254,0.032590737469220254,0.023820137921884622,0.02103413733441903,0.014686286800366004,0.032590737469220254,0.011957719596729506,0.016048514913323705,0.032590737469220254,0.032590737469220254,0.023820137921884622,,,,,,,,,0.02103413733441903,0.014686286800366004,0.032590737469220254,0.013253646212155698,0.016048514913323705,0.032590737469220254,0.032590737469220254,0.023820137921884622,0.02103413733441903,0.014686286800366004,0.032590737469220254,0.01176789260005611,0.016048514913323705,0.032590737469220254,0.032590737469220254,0.023820137921884622,0.02967078735835501,0.032561471325922374,0.032590737469220254,0.010689937796275422,0.016048514913323705,0.032590737469220254,0.032590737469220254,0.023820137921884622,,,,,,,,,0.02967078735835501,0.032561471325922374,0.032590737469220254,0.011056927781112202,0.016048514913323705,0.032590737469220254,0.032590737469220254,0.023820137921884622,0.02967078735835501,0.032561471325922374,0.032590737469220254,0.010766938708446382,0.016048514913323705,0.032590737469220254,0.032590737469220254,0.023820137921884622
2013-12,0.028222973260427442,0.030888825438118248,0.030917590318173538,0.012068127174187641,0.010186844887395482,0.030917590318173538,0.030917590318173538,0.02403053313747061,,,,,,,,,0.028222973260427442,0.030888825438118248,0.030917590318173538,0.012502133415672854,0.010186844887395482,0.030917590318173538,0.030917590318173538,0.02403053313747061,0.028222973260427442,0.030888825438118248,0.030917590318173538,0.012405921243557492,0.010186844887395482,0.030917590318173538,0.030917590318173538,0.02403053313747061,0.021345195483512967,0.015683144834229334,0.030917590318173538,0.013282864572714171,0.010186844887395482,0.030917590318173538,0.030917590318173538,0.02403053313747061,,,,,,,,,0.021345195483512967,0.015683144834229334,0.030917590318173538,0.014515851897121236,0.010186844887395482,0.030917590318173538,0.030917590318173538,0.02403053313747061,0.021345195483512967,0.015683144834229334,0.030917590318173538,0.01315725969736652,0.010186844887395482,0.030917590318173538,0.030917590318173538,0.02403053313747061,0.02823205987341977,0.030917590318173538,0.030917590318173538,0.012073478654230455,0.010186844887395482,0.030917590318173538,0.030917590318173538,0.02403053313747061,,,,,,,,,0.02823205987341977,0.030917590318173538,0.030917590318173538,0.012404120484381916,0.010186844887395482,0.030917590318173538,0.030917590318173538,0.02403053313747061,0.02823205987341977,0.030917590318173538,0.030917590318173538,0.012140632759469168,0.010186844887395482,0.030917590318173538,0.030917590318173538,0.02403053313747061
2014-01,-0.014784798234505018,-0.016869650317038243,-0.016869650317038243,-0.003573799596497656,0.002130396658487169,-0.016869650317038243,-0.016869650317038243,-0.01176441908295503,,,,,,,,,-0.014784798234505018,-0.016869650317038243,-0.016869650317038243,-0.003891064346421736,0.002130396658487169,-0.016869650317038243,-0.016869650317038243,-0.01176441908295503,-0.014784798234505018,-0.016869650317038243,-0.016869650317038243,-0.0038090599683531638,0.002130396658487169,-0.016869650317038243,-0.016869650317038243,-0.01176441908295503,-0.009679410624169318,-0.006379368603666759,-0.016869650317038243,-0.004399958385612081,0.002130396658487169,-0.016869650317038243,-0.016869650317038243,-0.01176441908295503,,,,,,,,,-0.009679410624169318,-0.006379368603666759,-0.016869650317038243,-0.005266917524490673,0.002130396658487169,-0.016869650317038243,-0.016869650317038243,-0.01176441908295503,-0.009679410624169318,-0.006379368603666759,-0.016869650317038243,-0.004331940999411875,0.002130396658487169,-0.016869650317038243,-0.016869650317038243,-0.01176441908295503,-0.014784798234505018,-0.016869650317038243,-0.016869650317038243,-0.0035709086804265244,0.002130396658487169,-0.016869650317038243,-0.016869650317038243,-0.01176441908295503,,,,,,,,,-0.014784798234505018,-0.016869650317038243,-0.016869650317038243,-0.0037972133324793633,0.002130396658487169,-0.016869650317038243,-0.016869650317038243,-0.01176441908295503,-0.014784798234505018,-0.016869650317038243,-0.016869650317038243,-0.0036244950171707337,0.002130396658487169,-0.016869650317038243,-0.016869650317038243,-0.01176441908295503
2014-02,0.05407182917306519,0.05751521533786241,0.05751521533786241,0.047610598653157116,0.03593769555382067,0.05751521533786241,0.05751521533786241,0.058033531613502845,,,,,,,,,0.05407182917306519,0.05751521533786241,0.05751521533786241,0.04816898732117973,0.03593769555382067,0.05751521533786241,0.05751521533786241,0.058033531613502845,0.05407182917306519,0.05751521533786241,0.05751521533786241,0.04791094526487502,0.03593769555382067,0.05751521533786241,0.05751521533786241,0.058033531613502845,0.05406149129283959,0.05748447623038934,0.05751521533786241,0.048826184082479795,0.03593769555382067,0.05751521533786241,0.05751521533786241,0.058033531613502845,,,,,,,,,0.05406149129283959,0.05748447623038934,0.05751521533786241,0.05001303741868485,0.03593769555382067,0.05751521533786241,0.05751521533786241,0.058033531613502845,0.05406149129283959,0.05748447623038934,0.05751521533786241,0.04892490171509294,0.03593769555382067,0.05751521533786241,0.05751521533786241,0.058033531613502845,0.05407182917306519,0.05751521533786241,0.05751521533786241,0.047612155976513165,0.03593769555382067,0.05751521533786241,0.05751521533786241,0.058033531613502845,,,,,,,,,0.05407182917306519,0.05751521533786241,0.05751521533786241,0.04785538634165975,0.03593769555382067,0.05751521533786241,0.05751521533786241,0.058033531613502845,0.05407182917306519,0.05751521533786241,0.05751521533786241,0.04763815769821069,0.03593769555382067,0.05751521533786241,0.05751521533786241,0.058033531613502845
2014-03,-0.04551482529122728,-0.050480727681874504,-0.050480727681874504,-0.036321604370203826,-0.032534071508821004,-0.050480727681874504,-0.050480727681874504,-0.04857484137956968,,,,,,,,,-0.04551482529122728,-0.050480727681874504,-0.050480727681874504,-0.036738961192322867,-0.032534071508821004,-0.050480727681874504,-0.050480727681874504,-0.04857484137956968,-0.04551482529122728,-0.050480727681874504,-0.050480727681874504,-0.03659420829222474,-0.032534071508821004,-0.050480727681874504,-0.050480727681874504,-0.04857484137956968,-0.04551482529122728,-0.050480727681874504,-0.050480727681874504,-0.03739270579809923,-0.032534071508821004,-0.050480727681874504,-0.050480727681874504,-0.04857484137956968,,,,,,,,,-0.04551482529122728,-0.050480727681874504,-0.050480727681874504,-0.038422497370045196,-0.032534071508821004,-0.050480727681874504,-0.050480727681874504,-0.04857484137956968,-0.04551482529122728,-0.050480727681874504,-0.050480727681874504,-0.037371789059276836,-0.032534071508821004,-0.050480727681874504,-0.050480727681874504,-0.04857484137956968,-0.04551482529122728,-0.050480727681874504,-0.050480727681874504,-0.03633230887110509,-0.032534071508821004,-0.050480727681874504,-0.050480727681874504,-0.04857484137956968,,,,,,,,,-0.04551482529122728,-0.050480727681874504,-0.050480727681874504,-0.036578866458503285,-0.032534071508821004,-0.050480727681874504,-0.050480727681874504,-0.04857484137956968,-0.04551482529122728,-0.050480727681874504,-0.050480727681874504,-0.03636165735148193,-0.032534071508821004,-0.050480727681874504,-0.050480727681874504,-0.04857484137956968
2014-04,-0.01200832876100351,-0.010425683665488066,-0.016139239623668145,-0.008854946135493964,-0.00665103787764599,-0.016139239623668145,-0.016139239623668145,-0.014032007879410044,,,,,,,,,-0.01200832876100351,-0.010425683665488066,-0.016139239623668145,-0.008977404226290144,-0.00665103787764599,-0.016139239623668145,-0.016139239623668145,-0.014032007879410044,-0.01200832876100351,-0.010425683665488066,-0.016139239623668145,-0.008960430372729568,-0.00665103787764599,-0.016139239623668145,-0.016139239623668145,-0.014032007879410044,-0.014105740796616466,-0.016139239623668145,-0.016139239623668145,-0.009243482960479818,-0.00665103787764599,-0.016139239623668145,-0.016139239623668145,-0.014032007879410044,,,,,,,,,-0.014105740796616466,-0.016139239623668145,-0.016139239623668145,-0.009621400516156661,-0.00665103787764599,-0.016139239623668145,-0.016139239623668145,-0.014032007879410044,-0.014105740796616466,-0.016139239623668145,-0.016139239623668145,-0.009187598894074916,-0.00665103787764599,-0.016139239623668145,-0.016139239623668145,-0.014032007879410044,-0.014105740796616466,-0.016139239623668145,-0.016139239623668145,-0.0088607637049601,-0.00665103787764599,-0.016139239623668145,-0.016139239623668145,-0.014032007879410044,,,,,,,,,-0.014105740796616466,-0.016139239623668145,-0.016139239623668145,-0.008967590527411601,-0.00665103787764599,-0.016139239623668145,-0.016139239623668145,-0.014032007879410044,-0.014105740796616466,-0.016139239623668145,-0.016139239623668145,-0.008878286639739639,-0.00665103787764599,-0.016139239623668145,-0.016139239623668145,-0.014032007879410044
2014-05,0.013401878057311916,0.02383511746696565,0.04020566010681237,0.020478952247115427,0.03142424715002931,0.04020566010681237,0.04020566010681237,0.03313386254264227,,,,,,,,,0.013401878057311916,0.02383511746696565,0.04020566010681237,0.020898593111953603,0.03142424715002931,0.04020566010681237,0.04020566010681237,0.03313386254264227,0.013401878057311916,0.02383511746696565,0.04020566010681237,0.020823091121725194,0.03142424715002931,0.04020566010681237,0.04020566010681237,0.03313386254264227,0.037391173348915015,0.04020566010681237,0.04020566010681237,0.021727740413733976,0.03142424715002931,0.04020566010681237,0.04020566010681237,0.03313386254264227,,,,,,,,,0.037391173348915015,0.04020566010681237,0.04020566010681237,0.022971708124685686,0.03142424715002931,0.04020566010681237,0.04020566010681237,0.03313386254264227,0.037391173348915015,0.04020566010681237,0.04020566010681237,0.02157124388618425,0.03142424715002931,0.04020566010681237,0.04020566010681237,0.03313386254264227,0.030309568151079366,0.02380552373936204,0.04020566010681237,0.020490619391560282,0.03142424715002931,0.04020566010681237,0.04020566010681237,0.03313386254264227,,,,,,,,,0.030309568151079366,0.02380552373936204,0.04020566010681237,0.020833696535268346,0.03142424715002931,0.04020566010681237,0.04020566010681237,0.03313386254264227,0.030309568151079366,0.02380552373936204,0.04020566010681237,0.020554522448541782,0.03142424715002931,0.04020566010681237,0.04020566010681237,0.03313386254264227
2014-06,0.016867219960156415,0.018882543104257774,0.013605559271882894,0.019627770738227062,0.007295731435322112,0.013605559271882894,0.013605559271882894,0.018563404966689265,,,,,,,,,0.016867219960156415,0.018882543104257774,0.013605559271882894,0.019681550199280938,0.007295731435322112,0.013605559271882894,0.013605559271882894,0.018563404966689265,0.016867219960156415,0.018882543104257774,0.013605559271882894,0.01958835121022841,0.007295731435322112,0.013605559271882894,0.013605559271882894,0.018563404966689265,0.012856351242981932,0.013605559271882894,0.013605559271882894,0.019572835187870865,0.007295731435322112,0.013605559271882894,0.013605559271882894,0.018563404966689265,,,,,,,,,0.012856351242981932,0.013605559271882894,0.013605559271882894,0.01948372791613539,0.007295731435322112,0.013605559271882894,0.013605559271882894,0.018563404966689265,0.012856351242981932,0.013605559271882894,0.013605559271882894,0.019714686861558937,0.007295731435322112,0.013605559271882894,0.013605559271882894,0.018563404966689265,0.01687996876506098,0.018882543104257774,0.013605559271882894,0.01962616604513522,0.007295731435322112,0.013605559271882894,0.013605559271882894,0.018563404966689265,,,,,,,,,0.01687996876506098,0.018882543104257774,0.013605559271882894,0.019556787525691822,0.007295731435322112,0.013605559271882894,0.013605559271882894,0.018563404966689265,0.01687996876506098,0.018882543104257774,0.013605559271882894,0.01959645088590073,0.007295731435322112,0.013605559271882894,0.013605559271882894,0.018563404966689265
2014-07,-0.015162664763539394,-0.004709743170030774,0.0012202215871457422,-0.007080509552802519,-0.0001500852887936899,0.0012202215871457422,0.0012202215871457422,-0.002533911724001563,,,,,,,,,-0.015162664763539394,-0.004709743170030774,0.0012202215871457422,-0.007147891987428247,-0.0001500852887936899,0.0012202215871457422,0.0012202215871457422,-0.002533911724001563,-0.015162664763539394,-0.004709743170030774,0.0012202215871457422,-0.007048172323751529,-0.0001500852887936899,0.0012202215871457422,0.0012202215871457422,-0.002533911724001563,-0.0013337407913003095,0.0012202215871457422,0.0012202215871457422,-0.007010598166725576,-0.0001500852887936899,0.0012202215871457422,0.0012202215871457422,-0.002533911724001563,,,,,,,,,-0.0013337407913003095,0.0012202215871457422,0.0012202215871457422,-0.006950223108758946,-0.0001500852887936899,0.0012202215871457422,0.0012202215871457422,-0.002533911724001563,-0.0013337407913003095,0.0012202215871457422,0.0012202215871457422,-0.007156934453195134,-0.0001500852887936899,0.0012202215871457422,0.0012202215871457422,-0.002533911724001563,-0.015162664763539394,-0.004709743170030774,0.0012202215871457422,-0.007070119582739774,-0.0001500852887936899,0.0012202215871457422,0.0012202215871457422,-0.002533911724001563,,,,,,,,,-0.015162664763539394,-0.004709743170030774,0.0012202215871457422,-0.007006957540799614,-0.0001500852887936899,0.0012202215871457422,0.0012202215871457422,-0.002533911724001563,-0.015162664763539394,-0.004709743170030774,0.0012202215871457422,-0.00705448263584683,-0.0001500852887936899,0.0012202215871457422,0.0012202215871457422,-0.002533911724001563
2014-08,0.030934657741610486,0.036468392731165,0.050883665523574484,0.034155249171316786,0.03805094805945456,0.050883665523574484,0.050883665523574484,0.04617586734195967,,,,,,,,,0.030934657741610486,0.036468392731165,0.050883665523574484,0.034607171814925994,0.03805094805945456,0.050883665523574484,0.050883665523574484,0.04617586734195967,0.030934657741610486,0.036468392731165,0.050883665523574484,0.0344887085824906,0.03805094805945456,0.050883665523574484,0.050883665523574484,0.04617586734195967,0.030880856386606283,0.03643892846007924,0.050883665523574484,0.035415143031547504,0.03805094805945456,0.050883665523574484,0.050883665523574484,0.04617586734195967,,,,,,,,,0.030880856386606283,0.03643892846007924,0.050883665523574484,0.036644114762391156,0.03805094805945456,0.050883665523574484,0.050883665523574484,0.04617586734195967,0.030880856386606283,0.03643892846007924,0.050883665523574484,0.03531823538703028,0.03805094805945456,0.050883665523574484,0.050883665523574484,0.04617586734195967,0.030934657741610486,0.036468392731165,0.050883665523574484,0.034168573224086805,0.03805094805945456,0.050883665523574484,0.050883665523574484,0.04617586734195967,,,,,,,,,0.030934657741610486,0.036468392731165,0.050883665523574484,0.03448747540231589,0.03805094805945456,0.050883665523574484,0.050883665523574484,0.04617586734195967,0.030934657741610486,0.036468392731165,0.050883665523574484,0.03421724392265691,0.03805094805945456,0.050883665523574484,0.050883665523574484,0.04617586734195967
2014-09,-0.03290004248183352,-0.020538248466644943,-0.015946752653207885,-0.02125903728517688,-0.01376659858710407,-0.015946752653207885,-0.015946752653207885,-0.02052881167309032,,,,,,,,,-0.03290004248183352,-0.020538248466644943,-0.015946752653207885,-0.02150136357890471,-0.01376659858710407,-0.015946752653207885,-0.015946752653207885,-0.02052881167309032,-0.03290004248183352,-0.020538248466644943,-0.015946752653207885,-0.02130799854689106,-0.01376659858710407,-0.015946752653207885,-0.015946752653207885,-0.02052881167309032,-0.03290004248183352,-0.020538248466644943,-0.015946752653207885,-0.021528681507220464,-0.01376659858710407,-0.015946752653207885,-0.015946752653207885,-0.02052881167309032,,,,,,,,,-0.03290004248183352,-0.020538248466644943,-0.015946752653207885,-0.021802143114546604,-0.01376659858710407,-0.015946752653207885,-0.015946752653207885,-0.02052881167309032,-0.03290004248183352,-0.020538248466644943,-0.015946752653207885,-0.02173106886114125,-0.01376659858710407,-0.015946752653207885,-0.015946752653207885,-0.02052881167309032,-0.03290004248183352,-0.020538248466644943,-0.015946752653207885,-0.02124698920699207,-0.01376659858710407,-0.015946752653207885,-0.015946752653207885,-0.02052881167309032,,,,,,,,,-0.03290004248183352,-0.020538248466644943,-0.015946752653207885,-0.021242775975486277,-0.01376659858710407,-0.015946752653207885,-0.015946752653207885,-0.02052881167309032,-0.03290004248183352,-0.020538248466644943,-0.015946752653207885,-0.021236258378447417,-0.01376659858710407,-0.015946752653207885,-0.015946752653207885,-0.02052881167309032
2014-10,0.008429739461525702,0.019319680826426645,0.033588793721391674,0.016064904004340755,0.026298061915890392,0.033588793721391674,0.033588793721391674,0.02717468271330317,,,,,,,,,0.008429739461525702,0.019319680826426645,0.033588793721391674,0.01639625191053883,0.026298061915890392,0.033588793721391674,0.033588793721391674,0.02717468271330317,0.008429739461525702,0.019319680826426645,0.033588793721391674,0.016359249063903906,0.026298061915890392,0.033588793721391674,0.033588793721391674,0.02717468271330317,0.008429739461525702,0.019319680826426645,0.033588793721391674,0.017136159418028356,0.026298061915890392,0.033588793721391674,0.033588793721391674,0.02717468271330317,,,,,,,,,0.008429739461525702,0.019319680826426645,0.033588793721391674,0.018185359412636503,0.026298061915890392,0.033588793721391674,0.033588793721391674,0.02717468271330317,0.008429739461525702,0.019319680826426645,0.033588793721391674,0.016967757180153795,0.026298061915890392,0.033588793721391674,0.033588793721391674,0.02717468271330317,0.008429739461525702,0.019319680826426645,0.033588793721391674,0.01608036884954469,0.026298061915890392,0.033588793721391674,0.033588793721391674,0.02717468271330317,,,,,,,,,0.008429739461525702,0.019319680826426645,0.033588793721391674,0.01638157578425239,0.026298061915890392,0.033588793721391674,0.033588793721391674,0.02717468271330317,0.008429739461525702,0.019319680826426645,0.033588793721391674,0.01613276711889466,0.026298061915890392,0.033588793721391674,0.033588793721391674,0.02717468271330317
2014-11,0.003073127514963341,0.011995699484533209,0.017958985856861398,0.008974366147073892,0.015929853592530633,0.017958985856861398,0.017958985856861398,0.01567432804973795,,,,,,,,,0.003073127514963341,0.011995699484533209,0.017958985856861398,0.00901027400497747,0.015929853592530633,0.017958985856861398,0.017958985856861398,0.01567432804973795,0.003073127514963341,0.011995699484533209,0.017958985856861398,0.009065105494083712,0.015929853592530633,0.017958985856861398,0.017958985856861398,0.01567432804973795,0.003073127514963341,0.011995699484533209,0.017958985856861398,0.009332582382069613,0.015929853592530633,0.017958985856861398,0.017958985856861398,0.01567432804973795,,,,,,,,,0.003073127514963341,0.011995699484533209,0.017958985856861398,0.009620298424651834,0.015929853592530633,0.017958985856861398,0.017958985856861398,0.01567432804973795,0.003073127514963341,0.011995699484533209,0.017958985856861398,0.009196919383710752,0.015929853592530633,0.017958985856861398,0.017958985856861398,0.01567432804973795,0.003073127514963341,0.011995699484533209,0.017958985856861398,0.0089963975541351,0.015929853592530633,0.017958985856861398,0.017958985856861398,0.01567432804973795,,,,,,,,,0.003073127514963341,0.011995699484533209,0.017958985856861398,0.009107634325683298,0.015929853592530633,0.017958985856861398,0.017958985856861398,0.01567432804973795,0.003073127514963341,0.011995699484533209,0.017958985856861398,0.009000842939556015,0.015929853592530633,0.017958985856861398,0.017958985856861398,0.01567432804973795
2014-12,-0.004537515049992081,-0.004120283869672421,-0.004090696283532758,-0.0013440265700145246,-0.0019370598416430186,-0.004090696283532758,-0.004090696283532758,-0.002370615767262336,,,,,,,,,-0.004537515049992081,-0.004120283869672421,-0.004090696283532758,-0.0015553976416944604,-0.0019370598416430186,-0.004090696283532758,-0.004090696283532758,-0.002370615767262336,-0.004537515049992081,-0.004120283869672421,-0.004090696283532758,-0.0014453967848990163,-0.0019370598416430186,-0.004090696283532758,-0.004090696283532758,-0.002370615767262336,-0.003945703499141382,-0.0013360808353328059,-0.004090696283532758,-0.0016732523472161977,-0.0019370598416430186,-0.004090696283532758,-0.004090696283532758,-0.002370615767262336,,,,,,,,,-0.003945703499141382,-0.0013360808353328059,-0.004090696283532758,-0.0020870451208140767,-0.0019370598416430186,-0.004090696283532758,-0.004090696283532758,-0.002370615767262336,-0.003945703499141382,-0.0013360808353328059,-0.004090696283532758,-0.001738171106234792,-0.0019370598416430186,-0.004090696283532758,-0.004090696283532758,-0.002370615767262336,-0.003945703499141382,-0.0013360808353328059,-0.004090696283532758,-0.001324277259571127,-0.0019370598416430186,-0.004090696283532758,-0.004090696283532758,-0.002370615767262336,,,,,,,,,-0.003945703499141382,-0.0013360808353328059,-0.004090696283532758,-0.0014010015687305297,-0.0019370598416430186,-0.004090696283532758,-0.004090696283532758,-0.002370615767262336,-0.003945703499141382,-0.0013360808353328059,-0.004090696283532758,-0.001359092963362434,-0.0019370598416430186,-0.004090696283532758,-0.004090696283532758,-0.002370615767262336
2015-01,-0.004448590519302225,-0.005724019385203061,-0.005724019385203061,0.014344617791263971,0.013774907123057607,-0.005724019385203061,-0.005724019385203061,0.0035381331163400636,,,,,,,,,-0.004448590519302225,-0.005724019385203061,-0.005724019385203061,0.01384427591471905,0.013774907123057607,-0.005724019385203061,-0.005724019385203061,0.0035381331163400636,-0.004448590519302225,-0.005724019385203061,-0.005724019385203061,0.013969406291154405,0.013774907123057607,-0.005724019385203061,-0.005724019385203061,0.0035381331163400636,0.020776154824522126,0.009969166202305516,-0.005724019385203061,0.013063577131980185,0.013774907123057607,-0.005724019385203061,-0.005724019385203061,0.0035381331163400636,,,,,,,,,0.020776154824522126,0.009969166202305516,-0.005724019385203061,0.011683449023630546,0.013774907123057607,-0.005724019385203061,-0.005724019385203061,0.0035381331163400636,0.020776154824522126,0.009969166202305516,-0.005724019385203061,0.013177770551637524,0.013774907123057607,-0.005724019385203061,-0.005724019385203061,0.0035381331163400636,-0.00450179260394084,-0.005754212495084175,-0.005724019385203061,0.014355565364240286,0.013774907123057607,-0.005724019385203061,-0.005724019385203061,0.0035381331163400636,,,,,,,,,-0.00450179260394084,-0.005754212495084175,-0.005724019385203061,0.013992527218861883,0.013774907123057607,-0.005724019385203061,-0.005724019385203061,0.0035381331163400636,-0.00450179260394084,-0.005754212495084175,-0.005724019385203061,0.014259092885673608,0.013774907123057607,-0.005724019385203061,-0.005724019385203061,0.0035381331163400636
2015-02,0.06103919932851345,0.06534261417684784,0.06534261417684784,0.03177672675005467,0.02931743256510766,0.06534261417684784,0.06534261417684784,0.052902302595802995,,,,,,,,,0.06103919932851345,0.06534261417684784,0.06534261417684784,0.03260830382860706,0.02931743256510766,0.06534261417684784,0.06534261417684784,0.052902302595802995,0.06103919932851345,0.06534261417684784,0.06534261417684784,0.03240330033017614,0.02931743256510766,0.06534261417684784,0.06534261417684784,0.052902302595802995,0.022662387177376193,0.03644469783795981,0.06534261417684784,0.03402623608552489,0.02931743256510766,0.06534261417684784,0.06534261417684784,0.052902302595802995,,,,,,,,,0.022662387177376193,0.03644469783795981,0.06534261417684784,0.036327516450791485,0.02931743256510766,0.06534261417684784,0.06534261417684784,0.052902302595802995,0.022662387177376193,0.03644469783795981,0.06534261417684784,0.033826531551487515,0.02931743256510766,0.06534261417684784,0.06534261417684784,0.052902302595802995,0.06103919932851345,0.06534261417684784,0.06534261417684784,0.0317812406577165,0.02931743256510766,0.06534261417684784,0.06534261417684784,0.052902302595802995,,,,,,,,,0.06103919932851345,0.06534261417684784,0.06534261417684784,0.032387078304265175,0.02931743256510766,0.06534261417684784,0.06534261417684784,0.052902302595802995,0.06103919932851345,0.06534261417684784,0.06534261417684784,0.03190818257732497,0.02931743256510766,0.06534261417684784,0.06534261417684784,0.052902302595802995
2015-03,-0.013918711948442585,-0.012341464320616726,-0.013509981482421995,-0.012053037088173544,-0.00468383926580315,-0.013509981482421995,-0.013509981482421995,-0.01431225042438898,,,,,,,,,-0.013918711948442585,-0.012341464320616726,-0.013509981482421995,-0.012312476420540057,-0.00468383926580315,-0.013509981482421995,-0.013509981482421995,-0.01431225042438898,-0.013918711948442585,-0.012341464320616726,-0.013509981482421995,-0.01216516121658999,-0.00468383926580315,-0.013509981482421995,-0.013509981482421995,-0.01431225042438898,-0.013159913726251507,-0.01353802984140133,-0.013509981482421995,-0.012498555238017083,-0.00468383926580315,-0.013509981482421995,-0.013509981482421995,-0.01431225042438898,,,,,,,,,-0.013159913726251507,-0.01353802984140133,-0.013509981482421995,-0.012968948421760523,-0.00468383926580315,-0.013509981482421995,-0.013509981482421995,-0.01431225042438898,-0.013159913726251507,-0.01353802984140133,-0.013509981482421995,-0.012599379846461579,-0.00468383926580315,-0.013509981482421995,-0.013509981482421995,-0.01431225042438898,-0.013918711948442585,-0.012341464320616726,-0.013509981482421995,-0.012042986986782566,-0.00468383926580315,-0.013509981482421995,-0.013509981482421995,-0.01431225042438898,,,,,,,,,-0.013918711948442585,-0.012341464320616726,-0.013509981482421995,-0.012119456281021113,-0.00468383926580315,-0.013509981482421995,-0.013509981482421995,-0.01431225042438898,-0.013918711948442585,-0.012341464320616726,-0.013509981482421995,-0.012057620907017922,-0.00468383926580315,-0.013509981482421995,-0.013509981482421995,-0.01431225042438898
2015-04,0.005305623710295294,0.0038229988288297125,0.005752000152291492,0.0030263619282747925,0.0009185616857190866,0.005752000152291492,0.005752000152291492,0.005009559609376522,,,,,,,,,0.005305623710295294,0.0038229988288297125,0.005752000152291492,0.003294794079056609,0.0009185616857190866,0.005752000152291492,0.005752000152291492,0.005009559609376522,0.005305623710295294,0.0038229988288297125,0.005752000152291492,0.003156464648795389,0.0009185616857190866,0.005752000152291492,0.005752000152291492,0.005009559609376522,0.006048084622089627,0.005752000152291492,0.005752000152291492,0.0035028346180987387,0.0009185616857190866,0.005752000152291492,0.005752000152291492,0.005009559609376522,,,,,,,,,0.006048084622089627,0.005752000152291492,0.005752000152291492,0.004031742248558875,0.0009185616857190866,0.005752000152291492,0.005752000152291492,0.005009559609376522,0.006048084622089627,0.005752000152291492,0.005752000152291492,0.003580603388314665,0.0009185616857190866,0.005752000152291492,0.005752000152291492,0.005009559609376522,0.005305623710295294,0.0038229988288297125,0.005752000152291492,0.003012324915766542,0.0009185616857190866,0.005752000152291492,0.005752000152291492,0.005009559609376522,,,,,,,,,0.005305623710295294,0.0038229988288297125,0.005752000152291492,0.0031108565026346925,0.0009185616857190866,0.005752000152291492,0.005752000152291492,0.005009559609376522,0.005305623710295294,0.0038229988288297125,0.005752000152291492,0.003040259400792529,0.0009185616857190866,0.005752000152291492,0.005752000152291492,0.005009559609376522
2015-05,0.023132696196631344,0.020338909984965146,0.027777662281697646,0.01888179116179254,0.015000891519436997,0.027777662281697646,0.027777662281697646,0.025555039978580184,,,,,,,,,0.023132696196631344,0.020338909984965146,0.027777662281697646,0.01903064033316477,0.015000891519436997,0.027777662281697646,0.027777662281697646,0.025555039978580184,0.023132696196631344,0.020338909984965146,0.027777662281697646,0.01901599032890265,0.015000891519436997,0.027777662281697646,0.027777662281697646,0.025555039978580184,0.02535533623422916,0.027777662281697646,0.027777662281697646,0.019396535997060472,0.015000891519436997,0.027777662281697646,0.027777662281697646,0.025555039978580184,,,,,,,,,0.02535533623422916,0.027777662281697646,0.027777662281697646,0.019873394992798252,0.015000891519436997,0.027777662281697646,0.027777662281697646,0.025555039978580184,0.02535533623422916,0.027777662281697646,0.027777662281697646,0.019316011960145395,0.015000891519436997,0.027777662281697646,0.027777662281697646,0.025555039978580184,0.023132696196631344,0.020338909984965146,0.027777662281697646,0.018894510026299195,0.015000891519436997,0.027777662281697646,0.027777662281697646,0.025555039978580184,,,,,,,,,0.023132696196631344,0.020338909984965146,0.027777662281697646,0.01903210205305868,0.015000891519436997,0.027777662281697646,0.027777662281697646,0.025555039978580184,0.023132696196631344,0.020338909984965146,0.027777662281697646,0.018910183076109265,0.015000891519436997,0.027777662281697646,0.027777662281697646,0.025555039978580184
2015-06,-0.011882842674372562,-0.009646143218129108,-0.010598687065087709,-0.01113731667593932,-0.012883565732024932,-0.010598687065087709,-0.010598687065087709,-0.011055223527482227,,,,,,,,,-0.011882842674372562,-0.009646143218129108,-0.010598687065087709,-0.01116573636392102,-0.012883565732024932,-0.010598687065087709,-0.010598687065087709,-0.011055223527482227,-0.011882842674372562,-0.009646143218129108,-0.010598687065087709,-0.011157438621385251,-0.012883565732024932,-0.010598687065087709,-0.010598687065087709,-0.011055223527482227,-0.01189271336440985,-0.00967563289438009,-0.010598687065087709,-0.011239074460524884,-0.012883565732024932,-0.010598687065087709,-0.010598687065087709,-0.011055223527482227,,,,,,,,,-0.01189271336440985,-0.00967563289438009,-0.010598687065087709,-0.011313540441836481,-0.012883565732024932,-0.010598687065087709,-0.010598687065087709,-0.011055223527482227,-0.01189271336440985,-0.00967563289438009,-0.010598687065087709,-0.01123371175427223,-0.012883565732024932,-0.010598687065087709,-0.010598687065087709,-0.011055223527482227,-0.011882842674372562,-0.009646143218129108,-0.010598687065087709,-0.011143075372646933,-0.012883565732024932,-0.010598687065087709,-0.010598687065087709,-0.011055223527482227,,,,,,,,,-0.011882842674372562,-0.009646143218129108,-0.010598687065087709,-0.0111616366563717,-0.012883565732024932,-0.010598687065087709,-0.010598687065087709,-0.011055223527482227,-0.011882842674372562,-0.009646143218129108,-0.010598687065087709,-0.011138137756597161,-0.012883565732024932,-0.010598687065087709,-0.010598687065087709,-0.011055223527482227
2015-07,0.028665903837010263,0.021442193455226986,0.04472388924738957,0.01434198193610483,0.03290756451248563,0.04472388924738957,0.04472388924738957,0.03363047253352729,,,,,,,,,0.028665903837010263,0.021442193455226986,0.04472388924738957,0.014762186982113295,0.03290756451248563,0.04472388924738957,0.04472388924738957,0.03363047253352729,0.028665903837010263,0.021442193455226986,0.04472388924738957,0.014785849302125164,0.03290756451248563,0.04472388924738957,0.04472388924738957,0.03363047253352729,0.028665903837010263,0.021442193455226986,0.04472388924738957,0.015953425592803213,0.03290756451248563,0.04472388924738957,0.04472388924738957,0.03363047253352729,,,,,,,,,0.028665903837010263,0.021442193455226986,0.04472388924738957,0.017493179452974166,0.03290756451248563,0.04472388924738957,0.04472388924738957,0.03363047253352729,0.028665903837010263,0.021442193455226986,0.04472388924738957,0.015600397436057695,0.03290756451248563,0.04472388924738957,0.04472388924738957,0.03363047253352729,0.028665903837010263,0.021442193455226986,0.04472388924738957,0.014378488306215477,0.03290756451248563,0.04472388924738957,0.04472388924738957,0.03363047253352729,,,,,,,,,0.028665903837010263,0.021442193455226986,0.04472388924738957,0.014855275116492341,0.03290756451248563,0.04472388924738957,0.04472388924738957,0.03363047253352729,0.028665903837010263,0.021442193455226986,0.04472388924738957,0.014455027419477356,0.03290756451248563,0.04472388924738957,0.04472388924738957,0.03363047253352729
2015-08,-0.04806106606501311,-0.03847791866339458,-0.06280421618232945,-0.033798552549950255,-0.037366838110375014,-0.06280421618232945,-0.06280421618232945,-0.05281752768226307,,,,,,,,,-0.04806106606501311,-0.03847791866339458,-0.06280421618232945,-0.034449878435882944,-0.037366838110375014,-0.06280421618232945,-0.06280421618232945,-0.05281752768226307,-0.04806106606501311,-0.03847791866339458,-0.06280421618232945,-0.03430984674272044,-0.037366838110375014,-0.06280421618232945,-0.06280421618232945,-0.05281752768226307,-0.04806106606501311,-0.03847791866339458,-0.06280421618232945,-0.035656054447552266,-0.037366838110375014,-0.06280421618232945,-0.06280421618232945,-0.05281752768226307,,,,,,,,,-0.04806106606501311,-0.03847791866339458,-0.06280421618232945,-0.03751913283350943,-0.037366838110375014,-0.06280421618232945,-0.06280421618232945,-0.05281752768226307,-0.04806106606501311,-0.03847791866339458,-0.06280421618232945,-0.03545825154275708,-0.037366838110375014,-0.06280421618232945,-0.06280421618232945,-0.05281752768226307,-0.04806106606501311,-0.03847791866339458,-0.06280421618232945,-0.03381141516635009,-0.037366838110375014,-0.06280421618232945,-0.06280421618232945,-0.05281752768226307,,,,,,,,,-0.04806106606501311,-0.03847791866339458,-0.06280421618232945,-0.03431320839515122,-0.037366838110375014,-0.06280421618232945,-0.06280421618232945,-0.05281752768226307,-0.04806106606501311,-0.03847791866339458,-0.06280421618232945,-0.033906993386630564,-0.037366838110375014,-0.06280421618232945,-0.06280421618232945,-0.05281752768226307
2015-09,-0.013612170822287415,-0.030789504741845924,-0.0407549958865856,-0.030506032294750837,-0.018137460653629176,-0.0407549958865856,0.0028498097788300816,-0.03848158397054527,,,,,,,,,-0.013612170822287415,-0.030789504741845924,-0.0407549958865856,-0.030955475731020154,-0.018137460653629176,-0.0407549958865856,0.0028498097788300816,-0.03848158397054527,-0.013612170822287415,-0.030789504741845924,-0.0407549958865856,-0.030783656990773012,-0.018137460653629176,-0.0407549958865856,0.0028498097788300816,-0.03848158397054527,-0.03739656185935559,-0.030789504741845924,-0.0407549958865856,-0.031570632631533764,-0.018137460653629176,-0.0407549958865856,0.0028498097788300816,-0.03848158397054527,,,,,,,,,-0.03739656185935559,-0.030789504741845924,-0.0407549958865856,-0.03263273175573699,-0.018137460653629176,-0.0407549958865856,0.0028498097788300816,-0.03848158397054527,-0.03739656185935559,-0.030789504741845924,-0.0407549958865856,-0.031580770342154334,-0.018137460653629176,-0.0407549958865856,0.0028498097788300816,-0.03848158397054527,-0.03739656185935559,-0.030789504741845924,-0.0407549958865856,-0.030507383975736376,-0.018137460653629176,-0.0407549958865856,0.0028498097788300816,-0.03848158397054527,,,,,,,,,-0.03739656185935559,-0.030789504741845924,-0.0407549958865856,-0.030751931918308065,-0.018137460653629176,-0.0407549958865856,0.0028498097788300816,-0.03848158397054527,-0.03739656185935559,-0.030789504741845924,-0.0407549958865856,-0.030546490911104125,-0.018137460653629176,-0.0407549958865856,0.0028498097788300816,-0.03848158397054527
2015-10,0.024442334029053624,0.053511825245885214,0.07185628937057897,0.050574748835953795,0.040564544181049475,0.07185628937057897,-0.0014126864038376263,0.06695381122819473,,,,,,,,,0.024442334029053624,0.053511825245885214,0.07185628937057897,0.05125462199506113,0.040564544181049475,0.07185628937057897,-0.0014126864038376263,0.06695381122819473,0.024442334029053624,0.053511825245885214,0.07185628937057897,0.05103748548327236,0.040564544181049475,0.07185628937057897,-0.0014126864038376263,0.06695381122819473,0.06299879253823447,0.053511825245885214,0.07185628937057897,0.052350246760105364,0.040564544181049475,0.07185628937057897,-0.0014126864038376263,0.06695381122819473,,,,,,,,,0.06299879253823447,0.053511825245885214,0.07185628937057897,0.054083547752391985,0.040564544181049475,0.07185628937057897,-0.0014126864038376263,0.06695381122819473,0.06299879253823447,0.053511825245885214,0.07185628937057897,0.052280632883289546,0.040564544181049475,0.07185628937057897,-0.0014126864038376263,0.06695381122819473,0.024318911542398652,0.053511825245885214,0.07185628937057897,0.05058939789662908,0.040564544181049475,0.07185628937057897,-0.0014126864038376263,0.06695381122819473,,,,,,,,,0.024318911542398652,0.053511825245885214,0.07185628937057897,0.05101661078699459,0.040564544181049475,0.07185628937057897,-0.0014126864038376263,0.06695381122819473,0.024318911542398652,0.053511825245885214,0.07185628937057897,0.05065102965559311,0.040564544181049475,0.07185628937057897,-0.0014126864038376263,0.06695381122819473
2015-11,-0.008089674110324211,-0.002136614858566504,0.011971557208119155,-0.005939221385994082,0.005470137784927793,0.011971557208119155,0.011871557208119155,0.0040219251368141876,,,,,,,,,-0.008089674110324211,-0.002136614858566504,0.011971557208119155,-0.00587673355063538,0.005470137784927793,0.011971557208119155,0.011871557208119155,0.0040219251368141876,-0.008089674110324211,-0.002136614858566504,0.011971557208119155,-0.005768651826661864,0.005470137784927793,0.011971557208119155,0.011871557208119155,0.0040219251368141876,0.0003281710802900173,-0.002136614858566504,0.011971557208119155,-0.005393272595461964,0.005470137784927793,0.011971557208119155,0.011871557208119155,0.0040219251368141876,,,,,,,,,0.0003281710802900173,-0.002136614858566504,0.011971557208119155,-0.004853578809607587,0.005470137784927793,0.011971557208119155,0.011871557208119155,0.0040219251368141876,0.0003281710802900173,-0.002136614858566504,0.011971557208119155,-0.005649839287963888,0.005470137784927793,0.011971557208119155,0.011871557208119155,0.0040219251368141876,-0.008089674110324211,-0.002136614858566504,0.011971557208119155,-0.00592246124242368,0.005470137784927793,0.011971557208119155,0.011871557208119155,0.0040219251368141876,,,,,,,,,-0.008089674110324211,-0.002136614858566504,0.011971557208119155,-0.005710175729664558,0.005470137784927793,0.011971557208119155,0.011871557208119155,0.0040219251368141876,-0.008089674110324211,-0.002136614858566504,0.011971557208119155,-0.0058750804671051805,0.005470137784927793,0.011971557208119155,0.011871557208119155,0.0040219251368141876
2015-12,-0.007298499653061882,-0.007680701827719884,-0.009684287077533216,-0.009975303282183944,-0.007622954754292392,-0.009684287077533216,-0.009684287077533216,-0.009167904423012,,,,,,,,,-0.007298499653061882,-0.007680701827719884,-0.009684287077533216,-0.010059311387675325,-0.007622954754292392,-0.009684287077533216,-0.009684287077533216,-0.009167904423012,-0.007298499653061882,-0.007680701827719884,-0.009684287077533216,-0.010008578342366257,-0.007622954754292392,-0.009684287077533216,-0.009684287077533216,-0.009167904423012,-0.010192182752457883,-0.007680701827719884,-0.009684287077533216,-0.01007649611937791,-0.007622954754292392,-0.009684287077533216,-0.009684287077533216,-0.009167904423012,,,,,,,,,-0.010192182752457883,-0.007680701827719884,-0.009684287077533216,-0.010220229096832912,-0.007622954754292392,-0.009684287077533216,-0.009684287077533216,-0.009167904423012,-0.010192182752457883,-0.007680701827719884,-0.009684287077533216,-0.010116322077305789,-0.007622954754292392,-0.009684287077533216,-0.009684287077533216,-0.009167904423012,-0.007298499653061882,-0.007680701827719884,-0.009684287077533216,-0.009964868064976939,-0.007622954754292392,-0.009684287077533216,-0.009684287077533216,-0.009167904423012,,,,,,,,,-0.007298499653061882,-0.007680701827719884,-0.009684287077533216,-0.009986004105653885,-0.007622954754292392,-0.009684287077533216,-0.009684287077533216,-0.009167904423012,-0.007298499653061882,-0.007680701827719884,-0.009684287077533216,-0.009979097635727852,-0.007622954754292392,-0.009684287077533216,-0.009684287077533216,-0.009167904423012
2016-01,-0.005814845878674307,-0.05512396221105163,-0.09174059700089532,-0.04747584167889977,-0.04171016252974264,-0.09174059700089532,-0.09174059700089532,-0.07715558691798062,,,,,,,,,-0.005814845878674307,-0.05512396221105163,-0.09174059700089532,-0.048597881074946565,-0.04171016252974264,-0.09174059700089532,-0.09174059700089532,-0.07715558691798062,-0.005814845878674307,-0.05512396221105163,-0.09174059700089532,-0.0482999423762116,-0.04171016252974264,-0.09174059700089532,-0.09174059700089532,-0.07715558691798062,-0.005938790831607082,-0.05512396221105163,-0.09174059700089532,-0.05048124178224592,-0.04171016252974264,-0.09174059700089532,-0.09174059700089532,-0.07715558691798062,,,,,,,,,-0.005938790831607082,-0.05512396221105163,-0.09174059700089532,-0.05352255161611054,-0.04171016252974264,-0.09174059700089532,-0.09174059700089532,-0.07715558691798062,-0.005938790831607082,-0.05512396221105163,-0.09174059700089532,-0.050252203890454324,-0.04171016252974264,-0.09174059700089532,-0.09174059700089532,-0.07715558691798062,-0.005814845878674307,-0.05512396221105163,-0.09174059700089532,-0.04748616293825403,-0.04171016252974264,-0.09174059700089532,-0.09174059700089532,-0.07715558691798062,,,,,,,,,-0.005814845878674307,-0.05512396221105163,-0.09174059700089532,-0.048274321648558216,-0.04171016252974264,-0.09174059700089532,-0.09174059700089532,-0.07715558691798062,-0.005814845878674307,-0.05512396221105163,-0.09174059700089532,-0.047640043561971095,-0.04171016252974264,-0.09174059700089532,-0.09174059700089532,-0.07715558691798062
2016-02,0.018923019405422972,0.00011268720543162344,-0.023497103771005112,0.005306337704724662,-0.008157212725841223,-0.020491548114716488,0.0010190449395928059,-0.010218471919559146,,,,,,,,,0.018923019405422972,0.00011268720543162344,-0.023497103771005112,0.004912649508535464,-0.008157212725841223,-0.020491548114716488,0.0010190449395928059,-0.010218471919559146,0.018923019405422972,0.00011268720543162344,-0.023497103771005112,0.004907276455285992,-0.008157212725841223,-0.020491548114716488,0.0010190449395928059,-0.010218471919559146,0.018923019405422972,0.00011268720543162344,-0.023497103771005112,0.003984824120212597,-0.008157212725841223,-0.020491548114716488,0.0010190449395928059,-0.010218471919559146,,,,,,,,,0.018923019405422972,0.00011268720543162344,-0.023497103771005112,0.0025905048874260515,-0.008157212725841223,-0.020491548114716488,0.0010190449395928059,-0.010218471919559146,0.018923019405422972,0.00011268720543162344,-0.023497103771005112,0.0042776579795415345,-0.008157212725841223,-0.020491548114716488,0.0010190449395928059,-0.010218471919559146,0.018923019405422972,0.00011268720543162344,-0.023497103771005112,0.005301818300538756,-0.008157212725841223,-0.020491548114716488,0.0010190449395928059,-0.010218471919559146,,,,,,,,,0.018923019405422972,0.00011268720543162344,-0.023497103771005112,0.00487590322763351,-0.008157212725841223,-0.020491548114716488,0.0010190449395928059,-0.010218471919559146,0.018923019405422972,0.00011268720543162344,-0.023497103771005112,0.005193055708602616,-0.008157212725841223,-0.020491548114716488,0.0010190449395928059,-0.010218471919559146
2016-03,0.0049880429965356386,0.0385343273571829,0.056562397866845915,0.03384802111558121,0.03367213865207418,0.054332565705926684,0.0013775373609616892,0.05006206449161462,,,,,,,,,0.0049880429965356386,0.0385343273571829,0.056562397866845915,0.03461818817293178,0.03367213865207418,0.054332565705926684,0.0013775373609616892,0.05006206449161462,0.0049880429965356386,0.0385343273571829,0.056562397866845915,0.03435961323410874,0.03367213865207418,0.054332565705926684,0.0013775373609616892,0.05006206449161462,0.0049880429965356386,0.0385343273571829,0.056562397866845915,0.035761568887989675,0.03367213865207418,0.054332565705926684,0.0013775373609616892,0.05006206449161462,,,,,,,,,0.0049880429965356386,0.0385343273571829,0.056562397866845915,0.03768833315575686,0.03367213865207418,0.054332565705926684,0.0013775373609616892,0.05006206449161462,0.0049880429965356386,0.0385343273571829,0.056562397866845915,0.035709548953118654,0.03367213865207418,0.054332565705926684,0.0013775373609616892,0.05006206449161462,0.0049880429965356386,0.0385343273571829,0.056562397866845915,0.03385105811309636,0.03367213865207418,0.054332565705926684,0.0013775373609616892,0.05006206449161462,,,,,,,,,0.0049880429965356386,0.0385343273571829,0.056562397866845915,0.03431881428281879,0.03367213865207418,0.054332565705926684,0.0013775373609616892,0.05006206449161462,0.0049880429965356386,0.0385343273571829,0.056562397866845915,0.033935280827534775,0.03367213865207418,0.054332565705926684,0.0013775373609616892,0.05006206449161462
2016-04,0.006334848429885487,-0.000564774094520368,-0.011830697780462862,0.004620156527001294,-0.007724359838610752,-0.01049273894462253,0.00036477881727736694,-0.00553937666597614,,,,,,,,,0.006334848429885487,-0.000564774094520368,-0.011830697780462862,0.004582443737883353,-0.007724359838610752,-0.01049273894462253,0.00036477881727736694,-0.00553937666597614,0.006334848429885487,-0.000564774094520368,-0.011830697780462862,0.004472994737466726,-0.007724359838610752,-0.01049273894462253,0.00036477881727736694,-0.00553937666597614,0.006334848429885487,-0.000564774094520368,-0.011830697780462862,0.004119417554850318,-0.007724359838610752,-0.01049273894462253,0.00036477881727736694,-0.00553937666597614,,,,,,,,,0.006334848429885487,-0.000564774094520368,-0.011830697780462862,0.0036628356797260993,-0.007724359838610752,-0.01049273894462253,0.00036477881727736694,-0.00553937666597614,0.006334848429885487,-0.000564774094520368,-0.011830697780462862,0.004362100498621436,-0.007724359838610752,-0.01049273894462253,0.00036477881727736694,-0.00553937666597614,0.006334848429885487,-0.000564774094520368,-0.011830697780462862,0.0045968888643635915,-0.007724359838610752,-0.01049273894462253,0.00036477881727736694,-0.00553937666597614,,,,,,,,,0.006334848429885487,-0.000564774094520368,-0.011830697780462862,0.004409557494165151,-0.007724359838610752,-0.01049273894462253,0.00036477881727736694,-0.00553937666597614,0.006334848429885487,-0.000564774094520368,-0.011830697780462862,0.004565923085002623,-0.007724359838610752,-0.01049273894462253,0.00036477881727736694,-0.00553937666597614
2016-05,-0.0022309298156298757,0.011146138278522939,0.029332413221675235,0.008824817665150761,0.017202359367829507,0.025954773086944088,-0.0011887785151357688,0.02026030577324992,,,,,,,,,-0.0022309298156298757,0.011146138278522939,0.029332413221675235,0.009137962300893313,0.017202359367829507,0.025954773086944088,-0.0011887785151357688,0.02026030577324992,-0.0022309298156298757,0.011146138278522939,0.029332413221675235,0.009123902843278799,0.017202359367829507,0.025954773086944088,-0.0011887785151357688,0.02026030577324992,-0.0022309298156298757,0.011146138278522939,0.029332413221675235,0.009836057158388877,0.017202359367829507,0.025954773086944088,-0.0011887785151357688,0.02026030577324992,,,,,,,,,-0.0022309298156298757,0.011146138278522939,0.029332413221675235,0.010890496870680444,0.017202359367829507,0.025954773086944088,-0.0011887785151357688,0.02026030577324992,-0.0022309298156298757,0.011146138278522939,0.029332413221675235,0.00963840213662937,0.017202359367829507,0.025954773086944088,-0.0011887785151357688,0.02026030577324992,-0.0022309298156298757,0.011146138278522939,0.029332413221675235,0.008829189433870902,0.017202359367829507,0.025954773086944088,-0.0011887785151357688,0.02026030577324992,,,,,,,,,-0.0022309298156298757,0.011146138278522939,0.029332413221675235,0.00914298778949998,0.017202359367829507,0.025954773086944088,-0.0011887785151357688,0.02026030577324992,-0.0022309298156298757,0.011146138278522939,0.029332413221675235,0.008905139943043943,0.017202359367829507,0.025954773086944088,-0.0011887785151357688,0.02026030577324992
2016-06,0.018339493038430202,-0.002130545164239413,-0.02355331326731025,0.003783342327690247,-0.0017821934287949193,-0.02023102567831382,-0.02365331326731025,-0.0122292802864603,,,,,,,,,0.018339493038430202,-0.002130545164239413,-0.02355331326731025,0.003383385621499017,-0.0017821934287949193,-0.02023102567831382,-0.02365331326731025,-0.0122292802864603,0.018339493038430202,-0.002130545164239413,-0.02355331326731025,0.003388596225215226,-0.0017821934287949193,-0.02023102567831382,-0.02365331326731025,-0.0122292802864603,0.018339493038430202,-0.002130545164239413,-0.02355331326731025,0.0024176691041589435,-0.0017821934287949193,-0.02023102567831382,-0.02365331326731025,-0.0122292802864603,,,,,,,,,0.018339493038430202,-0.002130545164239413,-0.02355331326731025,0.0010334631591484963,-0.0017821934287949193,-0.02023102567831382,-0.02365331326731025,-0.0122292802864603,0.018339493038430202,-0.002130545164239413,-0.02355331326731025,0.002696354117915333,-0.0017821934287949193,-0.02023102567831382,-0.02365331326731025,-0.0122292802864603,0.018339493038430202,-0.002130545164239413,-0.02355331326731025,0.0037690129747651787,-0.0017821934287949193,-0.02023102567831382,-0.02365331326731025,-0.0122292802864603,,,,,,,,,0.018339493038430202,-0.002130545164239413,-0.02355331326731025,0.003351495399548282,-0.0017821934287949193,-0.02023102567831382,-0.02365331326731025,-0.0122292802864603,0.018339493038430202,-0.002130545164239413,-0.02355331326731025,0.003678941091036107,-0.0017821934287949193,-0.02023102567831382,-0.02365331326731025,-0.0122292802864603
2016-07,0.03230778214847386,0.039385150590618936,0.05211430336277778,0.03493584249321515,0.03225296373124948,0.045898284905666886,-0.0005689528540483546,0.04888649720467873,,,,,,,,,0.03230778214847386,0.039385150590618936,0.05211430336277778,0.03539640912754154,0.03225296373124948,0.045898284905666886,-0.0005689528540483546,0.04888649720467873,0.03230778214847386,0.039385150590618936,0.05211430336277778,0.03527796353599804,0.03225296373124948,0.045898284905666886,-0.0005689528540483546,0.04888649720467873,0.01647756351360743,0.039385150590618936,0.05211430336277778,0.03628743538433556,0.03225296373124948,0.045898284905666886,-0.0005689528540483546,0.04888649720467873,,,,,,,,,0.01647756351360743,0.039385150590618936,0.05211430336277778,0.03754596229628488,0.03225296373124948,0.045898284905666886,-0.0005689528540483546,0.04888649720467873,0.01647756351360743,0.039385150590618936,0.05211430336277778,0.0361819673384538,0.03225296373124948,0.045898284905666886,-0.0005689528540483546,0.04888649720467873,0.03230778214847386,0.039385150590618936,0.05211430336277778,0.03496187640630291,0.03225296373124948,0.045898284905666886,-0.0005689528540483546,0.04888649720467873,,,,,,,,,0.03230778214847386,0.039385150590618936,0.05211430336277778,0.03528912185173641,0.03225296373124948,0.045898284905666886,-0.0005689528540483546,0.04888649720467873,0.03230778214847386,0.039385150590618936,0.05211430336277778,0.034993496574814355,0.03225296373124948,0.045898284905666886,-0.0005689528540483546,0.04888649720467873
2016-08,-0.009598793752785594,-0.008009495918720922,-0.003962436663806801,-0.006424391931525928,-0.006424063138976576,-0.0037515850081270585,-0.004062436663806801,-0.0068227864223403545,,,,,,,,,-0.009598793752785594,-0.008009495918720922,-0.003962436663806801,-0.006354677526736594,-0.006424063138976576,-0.0037515850081270585,-0.004062436663806801,-0.0068227864223403545,-0.009598793752785594,-0.008009495918720922,-0.003962436663806801,-0.006353076661532497,-0.006424063138976576,-0.0037515850081270585,-0.004062436663806801,-0.0068227864223403545,-0.00861823566333804,-0.008009495918720922,-0.003962436663806801,-0.006205205413658429,-0.006424063138976576,-0.0037515850081270585,-0.004062436663806801,-0.0068227864223403545,,,,,,,,,-0.00861823566333804,-0.008009495918720922,-0.003962436663806801,-0.0059561489698589706,-0.006424063138976576,-0.0037515850081270585,-0.004062436663806801,-0.0068227864223403545,-0.00861823566333804,-0.008009495918720922,-0.003962436663806801,-0.00625771121516375,-0.006424063138976576,-0.0037515850081270585,-0.004062436663806801,-0.0068227864223403545,-0.009598793752785594,-0.008009495918720922,-0.003962436663806801,-0.006426875272225322,-0.006424063138976576,-0.0037515850081270585,-0.004062436663806801,-0.0068227864223403545,,,,,,,,,-0.009598793752785594,-0.008009495918720922,-0.003962436663806801,-0.0063503440330487625,-0.006424063138976576,-0.0037515850081270585,-0.004062436663806801,-0.0068227864223403545,-0.009598793752785594,-0.008009495918720922,-0.003962436663806801,-0.00640223567323754,-0.006424063138976576,-0.0037515850081270585,-0.004062436663806801,-0.0068227864223403545
2016-09,0.015345234977626757,0.01588370583692459,0.015913420316146176,0.012175523629339883,0.0104975214048779,0.014985517457135559,0.015913420316146176,0.015011032620540356,,,,,,,,,0.015345234977626757,0.01588370583692459,0.015913420316146176,0.012373541659584509,0.0104975214048779,0.014985517457135559,0.015913420316146176,0.015011032620540356,0.015345234977626757,0.01588370583692459,0.015913420316146176,0.012284645823029598,0.0104975214048779,0.014985517457135559,0.015913420316146176,0.015011032620540356,0.004960178699352473,0.012367067514401883,0.015913420316146176,0.012581119315095774,0.0104975214048779,0.014985517457135559,0.015913420316146176,0.015011032620540356,,,,,,,,,0.004960178699352473,0.012367067514401883,0.015913420316146176,0.013010161886312335,0.0104975214048779,0.014985517457135559,0.015913420316146176,0.015011032620540356,0.004960178699352473,0.012367067514401883,0.015913420316146176,0.012612252965569382,0.0104975214048779,0.014985517457135559,0.015913420316146176,0.015011032620540356,0.014051059042747324,0.012367067514401883,0.015913420316146176,0.012169719090610914,0.0104975214048779,0.014985517457135559,0.015913420316146176,0.015011032620540356,,,,,,,,,0.014051059042747324,0.012367067514401883,0.015913420316146176,0.012259965361504008,0.0104975214048779,0.014985517457135559,0.015913420316146176,0.015011032620540356,0.014051059042747324,0.012367067514401883,0.015913420316146176,0.01219004714917048,0.0104975214048779,0.014985517457135559,0.015913420316146176,0.015011032620540356
2016-10,-0.018654672177776475,-0.015484686270634072,-0.01566415011152622,-0.01407888919839335,-0.015377684141572302,-0.015301422074530257,-0.01566415011152622,-0.0170427346758748,,,,,,,,,-0.018654672177776475,-0.015484686270634072,-0.01566415011152622,-0.014296608542136173,-0.015377684141572302,-0.015301422074530257,-0.01566415011152622,-0.0170427346758748,-0.018654672177776475,-0.015484686270634072,-0.01566415011152622,-0.014184154060747916,-0.015377684141572302,-0.015301422074530257,-0.01566415011152622,-0.0170427346758748,-0.005427152184500216,-0.015454931451060892,-0.01566415011152622,-0.014534666640127513,-0.015377684141572302,-0.015301422074530257,-0.01566415011152622,-0.0170427346758748,,,,,,,,,-0.005427152184500216,-0.015454931451060892,-0.01566415011152622,-0.014962033658525567,-0.015377684141572302,-0.015301422074530257,-0.01566415011152622,-0.0170427346758748,-0.005427152184500216,-0.015454931451060892,-0.01566415011152622,-0.01459565928343526,-0.015377684141572302,-0.015301422074530257,-0.01566415011152622,-0.0170427346758748,-0.015136292583932317,-0.0156939049310994,-0.01566415011152622,-0.014081520950117091,-0.015377684141572302,-0.015301422074530257,-0.01566415011152622,-0.0170427346758748,,,,,,,,,-0.015136292583932317,-0.0156939049310994,-0.01566415011152622,-0.014160117004991302,-0.015377684141572302,-0.015301422074530257,-0.01566415011152622,-0.0170427346758748,-0.015136292583932317,-0.0156939049310994,-0.01566415011152622,-0.014082496699075017,-0.015377684141572302,-0.015301422074530257,-0.01566415011152622,-0.0170427346758748
2016-11,-0.021715901494489414,-0.010057843241603097,0.00454636369979311,-0.010378977693899515,-0.014180864291804048,0.004543913052303947,0.00454636369979311,-0.0042649695258189175,,,,,,,,,-0.021715901494489414,-0.010057843241603097,0.00454636369979311,-0.01023548194148732,-0.014180864291804048,0.004543913052303947,0.00454636369979311,-0.0042649695258189175,-0.021715901494489414,-0.010057843241603097,0.00454636369979311,-0.010188741768271711,-0.014180864291804048,0.004543913052303947,0.00454636369979311,-0.0042649695258189175,-0.014637400686683318,-0.010057843241603097,0.00454636369979311,-0.00981150727210562,-0.014180864291804048,0.004543913052303947,0.00454636369979311,-0.0042649695258189175,,,,,,,,,-0.014637400686683318,-0.010057843241603097,0.00454636369979311,-0.009169662412303737,-0.014180864291804048,0.004543913052303947,0.00454636369979311,-0.0042649695258189175,-0.014637400686683318,-0.010057843241603097,0.00454636369979311,-0.010003963849166039,-0.014180864291804048,0.004543913052303947,0.00454636369979311,-0.0042649695258189175,-0.021770108795734135,-0.010087401923412767,0.00454636369979311,-0.010381575911972904,-0.014180864291804048,0.004543913052303947,0.00454636369979311,-0.0042649695258189175,,,,,,,,,-0.021770108795734135,-0.010087401923412767,0.00454636369979311,-0.010165153556749977,-0.014180864291804048,0.004543913052303947,0.00454636369979311,-0.0042649695258189175,-0.021770108795734135,-0.010087401923412767,0.00454636369979311,-0.01031252786071157,-0.014180864291804048,0.004543913052303947,0.00454636369979311,-0.0042649695258189175
2016-12,-0.0003744798890985976,-0.0009018262335435586,0.0026617596396409926,0.0006866714604833951,0.0011217482763239337,0.0026617596396409926,0.0026617596396409926,0.000479799002361011,,,,,,,,,-0.0003744798890985976,-0.0009018262335435586,0.0026617596396409926,0.0007819678287503412,0.0011217482763239337,0.0026617596396409926,0.0026617596396409926,0.000479799002361011,-0.0003744798890985976,-0.0009018262335435586,0.0026617596396409926,0.0007521869306453661,0.0011217482763239337,0.0026617596396409926,0.0026617596396409926,0.000479799002361011,-0.002309740224935442,-0.0009018262335435586,0.0026617596396409926,0.0008855470650667707,0.0011217482763239337,0.0026617596396409926,0.0026617596396409926,0.000479799002361011,,,,,,,,,-0.002309740224935442,-0.0009018262335435586,0.0026617596396409926,0.0011310647120441207,0.0011217482763239337,0.0026617596396409926,0.0026617596396409926,0.000479799002361011,-0.002309740224935442,-0.0009018262335435586,0.0026617596396409926,0.0008764293362631834,0.0011217482763239337,0.0026617596396409926,0.0026617596396409926,0.000479799002361011,-0.0003744798890985976,-0.0009018262335435586,0.0026617596396409926,0.0006783925994767666,0.0011217482763239337,0.0026617596396409926,0.0026617596396409926,0.000479799002361011,,,,,,,,,-0.0003744798890985976,-0.0009018262335435586,0.0026617596396409926,0.0007398785485748775,0.0011217482763239337,0.0026617596396409926,0.0026617596396409926,0.000479799002361011,-0.0003744798890985976,-0.0009018262335435586,0.0026617596396409926,0.000703250271718641,0.0011217482763239337,0.0026617596396409926,0.0026617596396409926,0.000479799002361011
2017-01,0.04714737018073034,0.04680495954262467,0.055023699387689584,0.042447952843153273,0.03389178036661522,0.055023699387689584,0.055023699387689584,0.05494034901102219,,,,,,,,,0.04714737018073034,0.04680495954262467,0.055023699387689584,0.04296285333275839,0.03389178036661522,0.055023699387689584,0.055023699387689584,0.05494034901102219,0.04714737018073034,0.04680495954262467,0.055023699387689584,0.04275376714442745,0.03389178036661522,0.055023699387689584,0.055023699387689584,0.05494034901102219,0.04700822136260512,0.04680495954262467,0.055023699387689584,0.04369537780858419,0.03389178036661522,0.055023699387689584,0.055023699387689584,0.05494034901102219,,,,,,,,,0.04700822136260512,0.04680495954262467,0.055023699387689584,0.04487503555201702,0.03389178036661522,0.055023699387689584,0.055023699387689584,0.05494034901102219,0.04700822136260512,0.04680495954262467,0.055023699387689584,0.0437285353804343,0.03389178036661522,0.055023699387689584,0.055023699387689584,0.05494034901102219,0.04714737018073034,0.04680495954262467,0.055023699387689584,0.04246092821813372,0.03389178036661522,0.055023699387689584,0.055023699387689584,0.05494034901102219,,,,,,,,,0.04714737018073034,0.04680495954262467,0.055023699387689584,0.04272365541598596,0.03389178036661522,0.055023699387689584,0.055023699387689584,0.05494034901102219,0.04714737018073034,0.04680495954262467,0.055023699387689584,0.0424819082745128,0.03389178036661522,0.055023699387689584,0.055023699387689584,0.05494034901102219
2017-02,0.02952064465586954,0.028417411809625974,0.03369438377522349,0.028059534321987226,0.023109809709048905,0.03369438377522349,0.03369438377522349,0.03350970698206164,,,,,,,,,0.02952064465586954,0.028417411809625974,0.03369438377522349,0.028275557441815875,0.023109809709048905,0.03369438377522349,0.03369438377522349,0.03350970698206164,0.02952064465586954,0.028417411809625974,0.03369438377522349,0.0281938447007597,0.023109809709048905,0.03369438377522349,0.03369438377522349,0.03350970698206164,0.02952064465586954,0.028417411809625974,0.03369438377522349,0.028608052302037376,0.023109809709048905,0.03369438377522349,0.03369438377522349,0.03350970698206164,,,,,,,,,0.02952064465586954,0.028417411809625974,0.03369438377522349,0.02912073817196624,0.023109809709048905,0.03369438377522349,0.03369438377522349,0.03350970698206164,0.02952064465586954,0.028417411809625974,0.03369438377522349,0.028609958271961642,0.023109809709048905,0.03369438377522349,0.03369438377522349,0.03350970698206164,0.02952064465586954,0.028417411809625974,0.03369438377522349,0.02806714560192821,0.023109809709048905,0.03369438377522349,0.03369438377522349,0.03350970698206164,,,,,,,,,0.02952064465586954,0.028417411809625974,0.03369438377522349,0.028185389883886438,0.023109809709048905,0.03369438377522349,0.03369438377522349,0.03350970698206164,0.02952064465586954,0.028417411809625974,0.03369438377522349,0.02807568470039903,0.023109809709048905,0.03369438377522349,0.03369438377522349,0.03350970698206164
2017-03,0.01020117959822581,0.016318906959910742,0.024092876771265148,0.013137599793266284,0.01477742915347411,0.024092876771265148,0.024092876771265148,0.021255826537975964,,,,,,,,,0.01020117959822581,0.016318906959910742,0.024092876771265148,0.013372831581620292,0.01477742915347411,0.024092876771265148,0.024092876771265148,0.021255826537975964,0.01020117959822581,0.016318906959910742,0.024092876771265148,0.013325848857272088,0.01477742915347411,0.024092876771265148,0.024092876771265148,0.021255826537975964,0.01020117959822581,0.016318906959910742,0.024092876771265148,0.013854142414515538,0.01477742915347411,0.024092876771265148,0.024092876771265148,0.021255826537975964,,,,,,,,,0.01020117959822581,0.016318906959910742,0.024092876771265148,0.014537246069664054,0.01477742915347411,0.024092876771265148,0.024092876771265148,0.021255826537975964,0.01020117959822581,0.016318906959910742,0.024092876771265148,0.01377439708800602,0.01477742915347411,0.024092876771265148,0.024092876771265148,0.021255826537975964,0.01020117959822581,0.016318906959910742,0.024092876771265148,0.013149682994428216,0.01477742915347411,0.024092876771265148,0.024092876771265148,0.021255826537975964,,,,,,,,,0.01020117959822581,0.016318906959910742,0.024092876771265148,0.013335277896888773,0.01477742915347411,0.024092876771265148,0.024092876771265148,0.021255826537975964,0.01020117959822581,0.016318906959910742,0.024092876771265148,0.0131746017874728,0.01477742915347411,0.024092876771265148,0.024092876771265148,0.021255826537975964
2017-04,0.02093503687752337,0.023601082705170955,0.02961551718928801,0.020764568326342932,0.022203899124742982,0.02961551718928801,0.02961551718928801,0.02838046359962648,,,,,,,,,0.02093503687752337,0.023601082705170955,0.02961551718928801,0.021051621684066036,0.022203899124742982,0.02961551718928801,0.02961551718928801,0.02838046359962648,0.02093503687752337,0.023601082705170955,0.02961551718928801,0.02095983009018147,0.022203899124742982,0.02961551718928801,0.02961551718928801,0.02838046359962648,0.02093503687752337,0.023601082705170955,0.02961551718928801,0.021543416748104227,0.022203899124742982,0.02961551718928801,0.02961551718928801,0.02838046359962648,,,,,,,,,0.02093503687752337,0.023601082705170955,0.02961551718928801,0.02227455506440939,0.022203899124742982,0.02961551718928801,0.02961551718928801,0.02838046359962648,0.02093503687752337,0.023601082705170955,0.02961551718928801,0.021513153965855826,0.022203899124742982,0.02961551718928801,0.02961551718928801,0.02838046359962648,0.02093503687752337,0.023601082705170955,0.02961551718928801,0.02077666030887791,0.022203899124742982,0.02961551718928801,0.02961551718928801,0.02838046359962648,,,,,,,,,0.02093503687752337,0.023601082705170955,0.02961551718928801,0.02095647432986831,0.022203899124742982,0.02961551718928801,0.02961551718928801,0.02838046359962648,0.02093503687752337,0.023601082705170955,0.02961551718928801,0.02079354329054542,0.022203899124742982,0.02961551718928801,0.02961551718928801,0.02838046359962648
2017-05,0.033213852170369845,0.042261817517064135,0.060483677506633526,0.036407117593072906,0.03959673961887642,0.060483677506633526,0.060483677506633526,0.05431100371044863,,,,,,,,,0.033213852170369845,0.042261817517064135,0.060483677506633526,0.037065626452121754,0.03959673961887642,0.060483677506633526,0.060483677506633526,0.05431100371044863,0.033213852170369845,0.042261817517064135,0.060483677506633526,0.03687748757970318,0.03959673961887642,0.060483677506633526,0.060483677506633526,0.05431100371044863,0.033213852170369845,0.042261817517064135,0.060483677506633526,0.03818862828557747,0.03959673961887642,0.060483677506633526,0.060483677506633526,0.05431100371044863,,,,,,,,,0.033213852170369845,0.042261817517064135,0.060483677506633526,0.03993338644642344,0.03959673961887642,0.060483677506633526,0.060483677506633526,0.05431100371044863,0.033213852170369845,0.042261817517064135,0.060483677506633526,0.0380780418792988,0.03959673961887642,0.060483677506633526,0.060483677506633526,0.05431100371044863,0.033213852170369845,0.042261817517064135,0.060483677506633526,0.03642307760643757,0.03959673961887642,0.060483677506633526,0.060483677506633526,0.05431100371044863,,,,,,,,,0.033213852170369845,0.042261817517064135,0.060483677506633526,0.03686689221497384,0.03959673961887642,0.060483677506633526,0.060483677506633526,0.05431100371044863,0.033213852170369845,0.042261817517064135,0.060483677506633526,0.03649137793556947,0.03959673961887642,0.060483677506633526,0.060483677506633526,0.05431100371044863
2017-06,-0.010023021829865161,-0.007432749346105791,-0.0058301530157649495,-0.008098062554336266,-0.005537322337118207,-0.0058301530157649495,-0.0058301530157649495,-0.007403199401766232,,,,,,,,,-0.010023021829865161,-0.007432749346105791,-0.0058301530157649495,-0.00805162329272057,-0.005537322337118207,-0.0058301530157649495,-0.0058301530157649495,-0.007403199401766232,-0.010023021829865161,-0.007432749346105791,-0.0058301530157649495,-0.008050397823728633,-0.005537322337118207,-0.0058301530157649495,-0.0058301530157649495,-0.007403199401766232,-0.010023021829865161,-0.007432749346105791,-0.0058301530157649495,-0.007939381768083287,-0.005537322337118207,-0.0058301530157649495,-0.0058301530157649495,-0.007403199401766232,,,,,,,,,-0.010023021829865161,-0.007432749346105791,-0.0058301530157649495,-0.007773141790400928,-0.005537322337118207,-0.0058301530157649495,-0.0058301530157649495,-0.007403199401766232,-0.010023021829865161,-0.007432749346105791,-0.0058301530157649495,-0.0079751195275013,-0.005537322337118207,-0.0058301530157649495,-0.0058301530157649495,-0.007403199401766232,-0.010023021829865161,-0.007432749346105791,-0.0058301530157649495,-0.008097253649708612,-0.005537322337118207,-0.0058301530157649495,-0.0058301530157649495,-0.007403199401766232,,,,,,,,,-0.010023021829865161,-0.007432749346105791,-0.0058301530157649495,-0.008046227424675883,-0.005537322337118207,-0.0058301530157649495,-0.0058301530157649495,-0.007403199401766232,-0.010023021829865161,-0.007432749346105791,-0.0058301530157649495,-0.008084545850634534,-0.005537322337118207,-0.0058301530157649495,-0.0058301530157649495,-0.007403199401766232
2017-07,0.025845906093902245,0.02391662078837329,0.02881168837962722,0.02179063360153419,0.018786212380177584,0.02881168837962722,0.02881168837962722,0.028243547129380993,,,,,,,,,0.025845906093902245,0.02391662078837329,0.02881168837962722,0.022153771793671048,0.018786212380177584,0.02881168837962722,0.02881168837962722,0.028243547129380993,0.025845906093902245,0.02391662078837329,0.02881168837962722,0.021991321483901264,0.018786212380177584,0.02881168837962722,0.02881168837962722,0.028243547129380993,0.025845906093902245,0.02391662078837329,0.02881168837962722,0.022576110481872597,0.018786212380177584,0.02881168837962722,0.02881168837962722,0.028243547129380993,,,,,,,,,0.025845906093902245,0.02391662078837329,0.02881168837962722,0.023364140350243017,0.018786212380177584,0.02881168837962722,0.02881168837962722,0.028243547129380993,0.025845906093902245,0.02391662078837329,0.02881168837962722,0.022630610549401967,0.018786212380177584,0.02881168837962722,0.02881168837962722,0.028243547129380993,0.025845906093902245,0.02391662078837329,0.02881168837962722,0.021788065626076103,0.018786212380177584,0.02881168837962722,0.02881168837962722,0.028243547129380993,,,,,,,,,0.025845906093902245,0.02391662078837329,0.02881168837962722,0.021953785149726734,0.018786212380177584,0.02881168837962722,0.02881168837962722,0.028243547129380993,0.025845906093902245,0.02391662078837329,0.02881168837962722,0.021813220054119297,0.018786212380177584,0.02881168837962722,0.02881168837962722,0.028243547129380993
2017-08,0.014285305220452876,0.01583175944051663,0.015861424811072444,0.017237771743343042,0.015346513286276866,0.015861424811072444,0.015861424811072444,0.01847399012548217,,,,,,,,,0.014285305220452876,0.01583175944051663,0.015861424811072444,0.01729128230639373,0.015346513286276866,0.015861424811072444,0.015861424811072444,0.01847399012548217,0.014285305220452876,0.01583175944051663,0.015861424811072444,0.01723700077884324,0.015346513286276866,0.015861424811072444,0.015861424811072444,0.01847399012548217,0.021584390865181272,0.01770426300583958,0.015861424811072444,0.017295591380941364,0.015346513286276866,0.015861424811072444,0.015861424811072444,0.01847399012548217,,,,,,,,,0.021584390865181272,0.01770426300583958,0.015861424811072444,0.017321171964725608,0.015346513286276866,0.015861424811072444,0.015861424811072444,0.01847399012548217,0.021584390865181272,0.01770426300583958,0.015861424811072444,0.01736169826839016,0.015346513286276866,0.015861424811072444,0.015861424811072444,0.01847399012548217,0.021584390865181272,0.01770426300583958,0.015861424811072444,0.017240310518070828,0.015346513286276866,0.015861424811072444,0.015861424811072444,0.01847399012548217,,,,,,,,,0.021584390865181272,0.01770426300583958,0.015861424811072444,0.017223272687661887,0.015346513286276866,0.015861424811072444,0.015861424811072444,0.01847399012548217,0.021584390865181272,0.01770426300583958,0.015861424811072444,0.01722403049631092,0.015346513286276866,0.015861424811072444,0.015861424811072444,0.01847399012548217
2017-09,0.009822172087408584,0.010246413891207284,0.010246413891207284,0.0012462533251926342,0.00038165125812095234,0.010246413891207284,0.010246413891207284,0.005851649822863944,,,,,,,,,0.009822172087408584,0.010246413891207284,0.010246413891207284,0.0014307776580063539,0.00038165125812095234,0.010246413891207284,0.010246413891207284,0.005851649822863944,0.009822172087408584,0.010246413891207284,0.010246413891207284,0.0014012916498460475,0.00038165125812095234,0.010246413891207284,0.010246413891207284,0.005851649822863944,-0.0028815466751725503,0.0018369688034762018,0.010246413891207284,0.0017683909788251833,0.00038165125812095234,0.010246413891207284,0.010246413891207284,0.005851649822863944,,,,,,,,,-0.0028815466751725503,0.0018369688034762018,0.010246413891207284,0.0023268771975500538,0.00038165125812095234,0.010246413891207284,0.010246413891207284,0.005851649822863944,-0.0028815466751725503,0.0018369688034762018,0.010246413891207284,0.0016937270532594978,0.00038165125812095234,0.010246413891207284,0.010246413891207284,0.005851649822863944,0.009766863635376466,0.01021628711365514,0.010246413891207284,0.00124419888141299,0.00038165125812095234,0.010246413891207284,0.010246413891207284,0.005851649822863944,,,,,,,,,0.009766863635376466,0.01021628711365514,0.010246413891207284,0.0014006026394026482,0.00038165125812095234,0.010246413891207284,0.010246413891207284,0.005851649822863944,0.009766863635376466,0.01021628711365514,0.010246413891207284,0.0012852411660199715,0.00038165125812095234,0.010246413891207284,0.010246413891207284,0.005851649822863944
2017-10,0.046674956979607454,0.05176687358792709,0.05176687358792709,0.03169179562508408,0.03030359326764829,0.05176687358792709,0.05176687358792709,0.04584131165316828,,,,,,,,,0.046674956979607454,0.05176687358792709,0.05176687358792709,0.03216681812097027,0.03030359326764829,0.05176687358792709,0.05176687358792709,0.04584131165316828,0.046674956979607454,0.05176687358792709,0.05176687358792709,0.03203409656163079,0.03030359326764829,0.05176687358792709,0.05176687358792709,0.04584131165316828,0.028290028673654932,0.03497663757397629,0.05176687358792709,0.03293958344350193,0.03030359326764829,0.05176687358792709,0.05176687358792709,0.04584131165316828,,,,,,,,,0.028290028673654932,0.03497663757397629,0.05176687358792709,0.03420763135396948,0.03030359326764829,0.05176687358792709,0.05176687358792709,0.04584131165316828,0.028290028673654932,0.03497663757397629,0.05176687358792709,0.03285566946340281,0.03030359326764829,0.05176687358792709,0.05176687358792709,0.04584131165316828,0.046674956979607454,0.05176687358792709,0.05176687358792709,0.031694395114883075,0.03030359326764829,0.05176687358792709,0.05176687358792709,0.04584131165316828,,,,,,,,,0.046674956979607454,0.05176687358792709,0.05176687358792709,0.03201923315840116,0.03030359326764829,0.05176687358792709,0.05176687358792709,0.04584131165316828,0.046674956979607454,0.05176687358792709,0.05176687358792709,0.03175889738926785,0.03030359326764829,0.05176687358792709,0.05176687358792709,0.04584131165316828
2017-11,0.024400062756351752,0.027520742982401147,0.027520742982401147,0.016346895941834912,0.015394215189868186,0.027520742982401147,0.027520742982401147,0.025124502798963024,,,,,,,,,0.024400062756351752,0.027520742982401147,0.027520742982401147,0.0166733943919356,0.015394215189868186,0.027520742982401147,0.027520742982401147,0.025124502798963024,0.024400062756351752,0.027520742982401147,0.027520742982401147,0.016563814298578377,0.015394215189868186,0.027520742982401147,0.027520742982401147,0.025124502798963024,0.024346173235285363,0.027491878539169585,0.027520742982401147,0.017171137477827707,0.015394215189868186,0.027520742982401147,0.027520742982401147,0.025124502798963024,,,,,,,,,0.024346173235285363,0.027491878539169585,0.027520742982401147,0.017987930399547967,0.015394215189868186,0.027520742982401147,0.027520742982401147,0.025124502798963024,0.024346173235285363,0.027491878539169585,0.027520742982401147,0.01714853270224028,0.015394215189868186,0.027520742982401147,0.027520742982401147,0.025124502798963024,0.024400062756351752,0.027520742982401147,0.027520742982401147,0.016350775189571638,0.015394215189868186,0.027520742982401147,0.027520742982401147,0.025124502798963024,,,,,,,,,0.024400062756351752,0.027520742982401147,0.027520742982401147,0.016548944648830787,0.015394215189868186,0.027520742982401147,0.027520742982401147,0.025124502798963024,0.024400062756351752,0.027520742982401147,0.027520742982401147,0.016382514868544917,0.015394215189868186,0.027520742982401147,0.027520742982401147,0.025124502798963024
2017-12,0.0007085202113554974,0.0005148114448558783,0.0005148114448558783,0.004298780394950248,0.001047281854255762,0.0005148114448558783,0.0005148114448558783,0.002568820286217898,,,,,,,,,0.0007085202113554974,0.0005148114448558783,0.0005148114448558783,0.004301647301289632,0.001047281854255762,0.0005148114448558783,0.0005148114448558783,0.002568820286217898,0.0007085202113554974,0.0005148114448558783,0.0005148114448558783,0.0042622664814172175,0.001047281854255762,0.0005148114448558783,0.0005148114448558783,0.002568820286217898,0.0007085202113554974,0.0005148114448558783,0.0005148114448558783,0.004184941857699768,0.001047281854255762,0.0005148114448558783,0.0005148114448558783,0.002568820286217898,,,,,,,,,0.0007085202113554974,0.0005148114448558783,0.0005148114448558783,0.004078066077325886,0.001047281854255762,0.0005148114448558783,0.0005148114448558783,0.002568820286217898,0.0007085202113554974,0.0005148114448558783,0.0005148114448558783,0.00426003670748412,0.001047281854255762,0.0005148114448558783,0.0005148114448558783,0.002568820286217898,0.0007085202113554974,0.0005148114448558783,0.0005148114448558783,0.004292940762541679,0.001047281854255762,0.0005148114448558783,0.0005148114448558783,0.002568820286217898,,,,,,,,,0.0007085202113554974,0.0005148114448558783,0.0005148114448558783,0.00424285189885931,0.001047281854255762,0.0005148114448558783,0.0005148114448558783,0.002568820286217898,0.0007085202113554974,0.0005148114448558783,0.0005148114448558783,0.004282622113169277,0.001047281854255762,0.0005148114448558783,0.0005148114448558783,0.002568820286217898
2018-01,0.0655335468549912,0.07358225145876346,0.09884160739252912,0.0646982187200235,0.05070398382958297,0.09884160739252912,0.09884160739252912,0.09219219953046452,,,,,,,,,0.0655335468549912,0.07358225145876346,0.09884160739252912,0.06572561665611948,0.05070398382958297,0.09884160739252912,0.09884160739252912,0.09219219953046452,0.0655335468549912,0.07358225145876346,0.09884160739252912,0.06537384908167368,0.05070398382958297,0.09884160739252912,0.09884160739252912,0.09219219953046452,0.08900328177098542,0.09884160739252912,0.09884160739252912,0.0672882966944826,0.05070398382958297,0.09884160739252912,0.09884160739252912,0.09219219953046452,,,,,,,,,0.08900328177098542,0.09884160739252912,0.09884160739252912,0.06983761884225885,0.05070398382958297,0.09884160739252912,0.09884160739252912,0.09219219953046452,0.08900328177098542,0.09884160739252912,0.09884160739252912,0.06723011045097387,0.05070398382958297,0.09884160739252912,0.09884160739252912,0.09219219953046452,0.08900328177098542,0.09884160739252912,0.09884160739252912,0.06471303781026252,0.05070398382958297,0.09884160739252912,0.09884160739252912,0.09219219953046452,,,,,,,,,0.08900328177098542,0.09884160739252912,0.09884160739252912,0.06532699056116073,0.05070398382958297,0.09884160739252912,0.09884160739252912,0.09219219953046452,0.08900328177098542,0.09884160739252912,0.09884160739252912,0.0648053468391589,0.05070398382958297,0.09884160739252912,0.09884160739252912,0.09219219953046452
2018-02,-0.015903922720419086,-0.01261284124636259,-0.013352005541742873,-0.012014079018078097,-0.011745165313490145,-0.013352005541742873,-0.013352005541742873,-0.014093343107017845,,,,,,,,,-0.015903922720419086,-0.01261284124636259,-0.013352005541742873,-0.012197166949065332,-0.011745165313490145,-0.013352005541742873,-0.013352005541742873,-0.014093343107017845,-0.015903922720419086,-0.01261284124636259,-0.013352005541742873,-0.012097739514353932,-0.011745165313490145,-0.013352005541742873,-0.013352005541742873,-0.014093343107017845,-0.012885786471682424,-0.013352005541742873,-0.013352005541742873,-0.012357746331455099,-0.011745165313490145,-0.013352005541742873,-0.013352005541742873,-0.014093343107017845,,,,,,,,,-0.012885786471682424,-0.013352005541742873,-0.013352005541742873,-0.012702976475557223,-0.011745165313490145,-0.013352005541742873,-0.013352005541742873,-0.014093343107017845,-0.012885786471682424,-0.013352005541742873,-0.013352005541742873,-0.012419461422166407,-0.011745165313490145,-0.013352005541742873,-0.013352005541742873,-0.014093343107017845,-0.01595754398541119,-0.012641196281047632,-0.013352005541742873,-0.012010681476689229,-0.011745165313490145,-0.013352005541742873,-0.013352005541742873,-0.014093343107017845,,,,,,,,,-0.01595754398541119,-0.012641196281047632,-0.013352005541742873,-0.012070555063978578,-0.011745165313490145,-0.013352005541742873,-0.013352005541742873,-0.014093343107017845,-0.01595754398541119,-0.012641196281047632,-0.013352005541742873,-0.012017644649862285,-0.011745165313490145,-0.013352005541742873,-0.013352005541742873,-0.014093343107017845
2018-03,-0.013383706814073608,-0.019289522837958633,-0.02943961715580201,-0.01670581673197069,-0.01304066779874758,-0.02943961715580201,-0.02943961715580201,-0.025863722331880664,,,,,,,,,-0.013383706814073608,-0.019289522837958633,-0.02943961715580201,-0.016990735219561136,-0.01304066779874758,-0.02943961715580201,-0.02943961715580201,-0.025863722331880664,-0.013383706814073608,-0.019289522837958633,-0.02943961715580201,-0.016929267640684927,-0.01304066779874758,-0.02943961715580201,-0.02943961715580201,-0.025863722331880664,-0.01343815825801242,-0.01931922273548672,-0.02943961715580201,-0.01754557240648205,-0.01304066779874758,-0.02943961715580201,-0.02943961715580201,-0.025863722331880664,,,,,,,,,-0.01343815825801242,-0.01931922273548672,-0.02943961715580201,-0.018359583952580784,-0.01304066779874758,-0.02943961715580201,-0.02943961715580201,-0.025863722331880664,-0.01343815825801242,-0.01931922273548672,-0.02943961715580201,-0.017458429742641907,-0.01304066779874758,-0.02943961715580201,-0.02943961715580201,-0.025863722331880664,-0.013383706814073608,-0.019289522837958633,-0.02943961715580201,-0.016716996682167085,-0.01304066779874758,-0.02943961715580201,-0.02943961715580201,-0.025863722331880664,,,,,,,,,-0.013383706814073608,-0.019289522837958633,-0.02943961715580201,-0.016935831399294367,-0.01304066779874758,-0.02943961715580201,-0.02943961715580201,-0.025863722331880664,-0.013383706814073608,-0.019289522837958633,-0.02943961715580201,-0.016750161189033365,-0.01304066779874758,-0.02943961715580201,-0.02943961715580201,-0.025863722331880664
2018-04,0.005512657944487574,0.00609291324785059,0.011252475100596238,0.006964232814059546,0.0016442279528655263,0.011252475100596238,0.011252475100596238,0.00917292267298904,,,,,,,,,0.005512657944487574,0.00609291324785059,0.011252475100596238,0.007050964790167196,0.0016442279528655263,0.011252475100596238,0.011252475100596238,0.00917292267298904,0.005512657944487574,0.00609291324785059,0.011252475100596238,0.0070300020110913,0.0016442279528655263,0.011252475100596238,0.011252475100596238,0.00917292267298904,0.005512657944487574,0.00609291324785059,0.011252475100596238,0.007173102860923784,0.0016442279528655263,0.011252475100596238,0.011252475100596238,0.00917292267298904,,,,,,,,,0.005512657944487574,0.00609291324785059,0.011252475100596238,0.007414698867135312,0.0016442279528655263,0.011252475100596238,0.011252475100596238,0.00917292267298904,0.005512657944487574,0.00609291324785059,0.011252475100596238,0.007152452552228125,0.0016442279528655263,0.011252475100596238,0.011252475100596238,0.00917292267298904,0.005512657944487574,0.00609291324785059,0.011252475100596238,0.0069593420935818735,0.0016442279528655263,0.011252475100596238,0.011252475100596238,0.00917292267298904,,,,,,,,,0.005512657944487574,0.00609291324785059,0.011252475100596238,0.007023469896177233,0.0016442279528655263,0.011252475100596238,0.011252475100596238,0.00917292267298904,0.005512657944487574,0.00609291324785059,0.011252475100596238,0.006981038421356584,0.0016442279528655263,0.011252475100596238,0.011252475100596238,0.00917292267298904
2018-05,0.02467436803321356,0.03293828590189046,0.048862974463018904,0.02972625478918689,0.03326178829192346,0.048862974463018904,0.048862974463018904,0.042780570640962245,,,,,,,,,0.02467436803321356,0.03293828590189046,0.048862974463018904,0.030111561947082158,0.03326178829192346,0.048862974463018904,0.048862974463018904,0.042780570640962245,0.02467436803321356,0.03293828590189046,0.048862974463018904,0.030025680861914223,0.03326178829192346,0.048862974463018904,0.048862974463018904,0.042780570640962245,0.02467436803321356,0.03293828590189046,0.048862974463018904,0.03080344345198736,0.03326178829192346,0.048862974463018904,0.048862974463018904,0.042780570640962245,,,,,,,,,0.02467436803321356,0.03293828590189046,0.048862974463018904,0.03189668439027825,0.03326178829192346,0.048862974463018904,0.048862974463018904,0.042780570640962245,0.02467436803321356,0.03293828590189046,0.048862974463018904,0.030692836107225993,0.03326178829192346,0.048862974463018904,0.048862974463018904,0.042780570640962245,0.02467436803321356,0.03293828590189046,0.048862974463018904,0.029730979448629232,0.03326178829192346,0.048862974463018904,0.048862974463018904,0.042780570640962245,,,,,,,,,0.02467436803321356,0.03293828590189046,0.048862974463018904,0.03002389044790797,0.03326178829192346,0.048862974463018904,0.048862974463018904,0.042780570640962245,0.02467436803321356,0.03293828590189046,0.048862974463018904,0.029790401438783615,0.03326178829192346,0.048862974463018904,0.048862974463018904,0.042780570640962245
2018-06,-0.004234348094430294,0.004166254943956675,0.013607034971729437,0.002150722552826452,0.008953010992866365,0.013607034971729437,0.013607034971729437,0.008630861769205675,,,,,,,,,-0.004234348094430294,0.004166254943956675,0.013607034971729437,0.002320539531345974,0.008953010992866365,0.013607034971729437,0.013607034971729437,0.008630861769205675,-0.004234348094430294,0.004166254943956675,0.013607034971729437,0.0023223506349953193,0.008953010992866365,0.013607034971729437,0.013607034971729437,0.008630861769205675,-0.004234348094430294,0.004166254943956675,0.013607034971729437,0.002745030534576541,0.008953010992866365,0.013607034971729437,0.013607034971729437,0.008630861769205675,,,,,,,,,-0.004234348094430294,0.004166254943956675,0.013607034971729437,0.003344679385856036,0.008953010992866365,0.013607034971729437,0.013607034971729437,0.008630861769205675,-0.004234348094430294,0.004166254943956675,0.013607034971729437,0.0026187526157166467,0.008953010992866365,0.013607034971729437,0.013607034971729437,0.008630861769205675,-0.004234348094430294,0.004166254943956675,0.013607034971729437,0.002157777951440142,0.008953010992866365,0.013607034971729437,0.013607034971729437,0.008630861769205675,,,,,,,,,-0.004234348094430294,0.004166254943956675,0.013607034971729437,0.00234045434000194,0.008953010992866365,0.013607034971729437,0.013607034971729437,0.008630861769205675,-0.004234348094430294,0.004166254943956675,0.013607034971729437,0.0021965839640004326,0.008953010992866365,0.013607034971729437,0.013607034971729437,0.008630861769205675
2018-07,0.00036703821595725184,0.00498773707527491,0.012059147039010343,0.004376755162418238,0.005124190060805741,0.012059147039010343,0.012059147039010343,0.00861089739564229,,,,,,,,,0.00036703821595725184,0.00498773707527491,0.012059147039010343,0.004556865408412975,0.005124190060805741,0.012059147039010343,0.012059147039010343,0.00861089739564229,0.00036703821595725184,0.00498773707527491,0.012059147039010343,0.004535071452540707,0.005124190060805741,0.012059147039010343,0.012059147039010343,0.00861089739564229,0.00036703821595725184,0.00498773707527491,0.012059147039010343,0.004951895399992198,0.005124190060805741,0.012059147039010343,0.012059147039010343,0.00861089739564229,,,,,,,,,0.00036703821595725184,0.00498773707527491,0.012059147039010343,0.005517238258422883,0.005124190060805741,0.012059147039010343,0.012059147039010343,0.00861089739564229,0.00036703821595725184,0.00498773707527491,0.012059147039010343,0.004863719004166168,0.005124190060805741,0.012059147039010343,0.012059147039010343,0.00861089739564229,0.00036703821595725184,0.00498773707527491,0.012059147039010343,0.0043845308687759784,0.005124190060805741,0.012059147039010343,0.012059147039010343,0.00861089739564229,,,,,,,,,0.00036703821595725184,0.00498773707527491,0.012059147039010343,0.0045460163138338625,0.005124190060805741,0.012059147039010343,0.012059147039010343,0.00861089739564229,0.00036703821595725184,0.00498773707527491,0.012059147039010343,0.0044131236856652135,0.005124190060805741,0.012059147039010343,0.012059147039010343,0.00861089739564229
2018-08,0.033124209378639385,0.04625591515676521,0.06991911555564556,0.040271982474705405,0.04600701454179422,0.06991911555564556,0.06991911555564556,0.06078878463620091,,,,,,,,,0.033124209378639385,0.04625591515676521,0.06991911555564556,0.04094885089205311,0.04600701454179422,0.06991911555564556,0.06991911555564556,0.06078878463620091,0.033124209378639385,0.04625591515676521,0.06991911555564556,0.040786705208992476,0.04600701454179422,0.06991911555564556,0.06991911555564556,0.06078878463620091,0.033124209378639385,0.04625591515676521,0.06991911555564556,0.04216245140234973,0.04600701454179422,0.06991911555564556,0.06991911555564556,0.06078878463620091,,,,,,,,,0.033124209378639385,0.04625591515676521,0.06991911555564556,0.0440490666884467,0.04600701454179422,0.06991911555564556,0.06991911555564556,0.06078878463620091,0.033124209378639385,0.04625591515676521,0.06991911555564556,0.04198900569487815,0.04600701454179422,0.06991911555564556,0.06991911555564556,0.06078878463620091,0.0147172299319903,0.04625591515676521,0.06991911555564556,0.04028531495999842,0.04600701454179422,0.06991911555564556,0.06991911555564556,0.06078878463620091,,,,,,,,,0.0147172299319903,0.04625591515676521,0.06991911555564556,0.0407841886844354,0.04600701454179422,0.06991911555564556,0.06991911555564556,0.06078878463620091,0.0147172299319903,0.04625591515676521,0.06991911555564556,0.040376202336847966,0.04600701454179422,0.06991911555564556,0.06991911555564556,0.06078878463620091
2018-09,0.005322040644556614,0.005264857866233224,0.009245654294069539,0.00539710602682727,0.0007258849980773153,0.009245654294069539,0.009245654294069539,0.007659579526058544,,,,,,,,,0.005322040644556614,0.005264857866233224,0.009245654294069539,0.005528960378602553,0.0007258849980773153,0.009245654294069539,0.009245654294069539,0.007659579526058544,0.005322040644556614,0.005264857866233224,0.009245654294069539,0.005480205071493845,0.0007258849980773153,0.009245654294069539,0.009245654294069539,0.007659579526058544,0.005322040644556614,0.005264857866233224,0.009245654294069539,0.0056850812082206775,0.0007258849980773153,0.009245654294069539,0.009245654294069539,0.007659579526058544,,,,,,,,,0.005322040644556614,0.005264857866233224,0.009245654294069539,0.006001955740853948,0.0007258849980773153,0.009245654294069539,0.009245654294069539,0.007659579526058544,0.005322040644556614,0.005264857866233224,0.009245654294069539,0.005685908352696093,0.0007258849980773153,0.009245654294069539,0.009245654294069539,0.007659579526058544,0.005184572168421461,0.005264857866233224,0.009245654294069539,0.005391830550730069,0.0007258849980773153,0.009245654294069539,0.009245654294069539,0.007659579526058544,,,,,,,,,0.005184572168421461,0.005264857866233224,0.009245654294069539,0.005466212040786179,0.0007258849980773153,0.009245654294069539,0.009245654294069539,0.007659579526058544,0.005184572168421461,0.005264857866233224,0.009245654294069539,0.005412867148603472,0.0007258849980773153,0.009245654294069539,0.009245654294069539,0.007659579526058544
2018-10,-0.05591435339327757,-0.06975399123129683,-0.10451811586119353,-0.06120612424522388,-0.06392357019389161,-0.10451811586119353,-0.10451811586119353,-0.09194690051060278,,,,,,,,,-0.05591435339327757,-0.06975399123129683,-0.10451811586119353,-0.062415461741685614,-0.06392357019389161,-0.10451811586119353,-0.10451811586119353,-0.09194690051060278,-0.05591435339327757,-0.06975399123129683,-0.10451811586119353,-0.06205109882444856,-0.06392357019389161,-0.10451811586119353,-0.10451811586119353,-0.09194690051060278,-0.05591435339327757,-0.06975399123129683,-0.10451811586119353,-0.06433804428861173,-0.06392357019389161,-0.10451811586119353,-0.10451811586119353,-0.09194690051060278,,,,,,,,,-0.05591435339327757,-0.06975399123129683,-0.10451811586119353,-0.0674872450449869,-0.06392357019389161,-0.10451811586119353,-0.10451811586119353,-0.09194690051060278,-0.05591435339327757,-0.06975399123129683,-0.10451811586119353,-0.0641748665480245,-0.06392357019389161,-0.10451811586119353,-0.10451811586119353,-0.09194690051060278,-0.05591435339327757,-0.06975399123129683,-0.10451811586119353,-0.06121644433172486,-0.06392357019389161,-0.10451811586119353,-0.10451811586119353,-0.09194690051060278,,,,,,,,,-0.05591435339327757,-0.06975399123129683,-0.10451811586119353,-0.06200718442138375,-0.06392357019389161,-0.10451811586119353,-0.10451811586119353,-0.09194690051060278,-0.05591435339327757,-0.06975399123129683,-0.10451811586119353,-0.06136144126226567,-0.06392357019389161,-0.10451811586119353,-0.10451811586119353,-0.09194690051060278
2018-11,-0.00485169959610566,-0.004915244275587316,-0.004882628292963043,-0.0036265569126044776,0.002388027138864531,-0.003590160337595093,0.0037097892360924314,-0.004056923317797516,,,,,,,,,-0.00485169959610566,-0.004915244275587316,-0.004882628292963043,-0.0037878793612284123,0.002388027138864531,-0.003590160337595093,0.0037097892360924314,-0.004056923317797516,-0.00485169959610566,-0.004915244275587316,-0.004882628292963043,-0.0036883452803286665,0.002388027138864531,-0.003590160337595093,0.0037097892360924314,-0.004056923317797516,-0.0069950789383402415,-0.002340955203656044,-0.004882628292963043,-0.0038160369315054753,0.002388027138864531,-0.003590160337595093,0.0037097892360924314,-0.004056923317797516,,,,,,,,,-0.0069950789383402415,-0.002340955203656044,-0.004882628292963043,-0.004085715242013682,0.002388027138864531,-0.003590160337595093,0.0037097892360924314,-0.004056923317797516,-0.0069950789383402415,-0.002340955203656044,-0.004882628292963043,-0.003896587669589518,0.002388027138864531,-0.003590160337595093,0.0037097892360924314,-0.004056923317797516,-0.0069950789383402415,-0.002340955203656044,-0.004882628292963043,-0.003606560416602618,0.002388027138864531,-0.003590160337595093,0.0037097892360924314,-0.004056923317797516,,,,,,,,,-0.0069950789383402415,-0.002340955203656044,-0.004882628292963043,-0.003644276008366905,0.002388027138864531,-0.003590160337595093,0.0037097892360924314,-0.004056923317797516,-0.0069950789383402415,-0.002340955203656044,-0.004882628292963043,-0.0036327424686443967,0.002388027138864531,-0.003590160337595093,0.0037097892360924314,-0.004056923317797516
2018-12,-0.03638989665884541,-0.051386427811771385,-0.08558458767504729,-0.04555847027074207,-0.040134190348781185,-0.07162449673142189,0.007598451141095586,-0.07208419304313954,,,,,,,,,-0.03638989665884541,-0.051386427811771385,-0.08558458767504729,-0.0465634644675168,-0.040134190348781185,-0.07162449673142189,0.007598451141095586,-0.07208419304313954,-0.03638989665884541,-0.051386427811771385,-0.08558458767504729,-0.04630329354059081,-0.040134190348781185,-0.07162449673142189,0.007598451141095586,-0.07208419304313954,-0.03633755750563958,-0.051356606329441286,-0.08558458767504729,-0.048268746445167425,-0.040134190348781185,-0.07162449673142189,0.007598451141095586,-0.07208419304313954,,,,,,,,,-0.03633755750563958,-0.051356606329441286,-0.08558458767504729,-0.05101269132974752,-0.040134190348781185,-0.07162449673142189,0.007598451141095586,-0.07208419304313954,-0.03633755750563958,-0.051356606329441286,-0.08558458767504729,-0.04805059180767138,-0.040134190348781185,-0.07162449673142189,0.007598451141095586,-0.07208419304313954,-0.03633755750563958,-0.051356606329441286,-0.08558458767504729,-0.045568197338230886,-0.040134190348781185,-0.07162449673142189,0.007598451141095586,-0.07208419304313954,,,,,,,,,-0.03633755750563958,-0.051356606329441286,-0.08558458767504729,-0.04628319985759512,-0.040134190348781185,-0.07162449673142189,0.007598451141095586,-0.07208419304313954,-0.03633755750563958,-0.051356606329441286,-0.08558458767504729,-0.0457087011467885,-0.040134190348781185,-0.07162449673142189,0.007598451141095586,-0.07208419304313954
2019-01,0.10183406020023011,0.10768691220823201,0.1077194378893842,0.0756788318734292,0.06723915451838439,0.08121221787006304,0.0025115021571036067,0.09983278260713577,,,,,,,,,0.10183406020023011,0.10768691220823201,0.1077194378893842,0.07677092785996358,0.06723915451838439,0.08121221787006304,0.0025115021571036067,0.09983278260713577,0.10183406020023011,0.10768691220823201,0.1077194378893842,0.07639314360729597,0.06723915451838439,0.08121221787006304,0.0025115021571036067,0.09983278260713577,0.0764010358925258,0.08010770307219878,0.1077194378893842,0.07838325188126649,0.06723915451838439,0.08121221787006304,0.0025115021571036067,0.09983278260713577,,,,,,,,,0.0764010358925258,0.08010770307219878,0.1077194378893842,0.08108210956437448,0.06723915451838439,0.08121221787006304,0.0025115021571036067,0.09983278260713577,0.0764010358925258,0.08010770307219878,0.1077194378893842,0.07833032511833188,0.06723915451838439,0.08121221787006304,0.0025115021571036067,0.09983278260713577,0.03428538103804126,0.08010770307219878,0.1077194378893842,0.07568666001719618,0.06723915451838439,0.08121221787006304,0.0025115021571036067,0.09983278260713577,,,,,,,,,0.03428538103804126,0.08010770307219878,0.1077194378893842,0.07633456820514395,0.06723915451838439,0.08121221787006304,0.0025115021571036067,0.09983278260713577,0.03428538103804126,0.08010770307219878,0.1077194378893842,0.07579498974437504,0.06723915451838439,0.08121221787006304,0.0025115021571036067,0.09983278260713577
2019-02,0.0481930849232827,0.05219936840826156,0.05219936840826156,0.032687193757005566,0.02921537300014692,0.03836566366302137,0.0008604191544947515,0.04636956615617002,,,,,,,,,0.0481930849232827,0.05219936840826156,0.05219936840826156,0.03319409419453383,0.02921537300014692,0.03836566366302137,0.0008604191544947515,0.04636956615617002,0.0481930849232827,0.05219936840826156,0.05219936840826156,0.03305022236112283,0.02921537300014692,0.03836566366302137,0.0008604191544947515,0.04636956615617002,0.029512174201027065,0.03575300123187837,0.05219936840826156,0.034024952741529974,0.02921537300014692,0.03836566366302137,0.0008604191544947515,0.04636956615617002,,,,,,,,,0.029512174201027065,0.03575300123187837,0.05219936840826156,0.035371301276327885,0.02921537300014692,0.03836566366302137,0.0008604191544947515,0.04636956615617002,0.029512174201027065,0.03575300123187837,0.05219936840826156,0.03393931171232401,0.02921537300014692,0.03836566366302137,0.0008604191544947515,0.04636956615617002,0.048062230634314015,0.05217115771141607,0.05219936840826156,0.032692289690016745,0.02921537300014692,0.03836566366302137,0.0008604191544947515,0.04636956615617002,,,,,,,,,0.048062230634314015,0.05217115771141607,0.05219936840826156,0.033035716251263586,0.02921537300014692,0.03836566366302137,0.0008604191544947515,0.04636956615617002,0.048062230634314015,0.05217115771141607,0.05219936840826156,0.03275640458942068,0.02921537300014692,0.03836566366302137,0.0008604191544947515,0.04636956615617002
2019-03,0.01942634318824544,0.015790000204581663,0.02467886482223225,0.014407052149866534,0.025426810945959305,0.019412505131030967,0.02457886482223225,0.02061357740700778,,,,,,,,,0.01942634318824544,0.015790000204581663,0.02467886482223225,0.014603815189073863,0.025426810945959305,0.019412505131030967,0.02457886482223225,0.02061357740700778,0.01942634318824544,0.015790000204581663,0.02467886482223225,0.014579471420186093,0.025426810945959305,0.019412505131030967,0.02457886482223225,0.02061357740700778,0.02344754545919252,0.024649976205410627,0.02467886482223225,0.015022031387145064,0.025426810945959305,0.019412505131030967,0.02457886482223225,0.02061357740700778,,,,,,,,,0.02344754545919252,0.024649976205410627,0.02467886482223225,0.015638213621311594,0.025426810945959305,0.019412505131030967,0.02457886482223225,0.02061357740700778,0.02344754545919252,0.024649976205410627,0.02467886482223225,0.014927180038889733,0.025426810945959305,0.019412505131030967,0.02457886482223225,0.02061357740700778,0.01942634318824544,0.015790000204581663,0.02467886482223225,0.014413128864366164,0.025426810945959305,0.019412505131030967,0.02457886482223225,0.02061357740700778,,,,,,,,,0.01942634318824544,0.015790000204581663,0.02467886482223225,0.014588985213413624,0.025426810945959305,0.019412505131030967,0.02457886482223225,0.02061357740700778,0.01942634318824544,0.015790000204581663,0.02467886482223225,0.014447809371074382,0.025426810945959305,0.019412505131030967,0.02457886482223225,0.02061357740700778
2019-04,0.03236902490158292,0.027320071524756843,0.040058994310153695,0.024621009523098206,0.02196114997666916,0.029617620970724724,0.040058994310153695,0.03538885218702973,,,,,,,,,0.03236902490158292,0.027320071524756843,0.040058994310153695,0.02501094625996226,0.02196114997666916,0.029617620970724724,0.040058994310153695,0.03538885218702973,0.03236902490158292,0.027320071524756843,0.040058994310153695,0.024906610295689375,0.02196114997666916,0.029617620970724724,0.040058994310153695,0.03538885218702973,0.037039076972190436,0.040058994310153695,0.040058994310153695,0.025675642737600063,0.02196114997666916,0.029617620970724724,0.040058994310153695,0.03538885218702973,,,,,,,,,0.037039076972190436,0.040058994310153695,0.040058994310153695,0.02673005135947373,0.02196114997666916,0.029617620970724724,0.040058994310153695,0.03538885218702973,0.037039076972190436,0.040058994310153695,0.040058994310153695,0.025597135349104964,0.02196114997666916,0.029617620970724724,0.040058994310153695,0.03538885218702973,0.03236902490158292,0.027320071524756843,0.040058994310153695,0.02462701750811186,0.02196114997666916,0.029617620970724724,0.040058994310153695,0.03538885218702973,,,,,,,,,0.03236902490158292,0.027320071524756843,0.040058994310153695,0.024899674318324513,0.02196114997666916,0.029617620970724724,0.040058994310153695,0.03538885218702973,0.03236902490158292,0.027320071524756843,0.040058994310153695,0.02467636667959392,0.02196114997666916,0.029617620970724724,0.040058994310153695,0.03538885218702973
2019-05,-0.03193512206907936,-0.024070368969016438,-0.03969763487581712,-0.0226533662678557,-0.011625416744823517,-0.026596976507325207,-0.03969763487581712,-0.033970847488188884,,,,,,,,,-0.03193512206907936,-0.024070368969016438,-0.03969763487581712,-0.023210103430953775,-0.011625416744823517,-0.026596976507325207,-0.03969763487581712,-0.033970847488188884,-0.03193512206907936,-0.024070368969016438,-0.03969763487581712,-0.02302483144725859,-0.011625416744823517,-0.026596976507325207,-0.03969763487581712,-0.033970847488188884,-0.03766202561612134,-0.03969763487581712,-0.03969763487581712,-0.02400831390251064,-0.011625416744823517,-0.026596976507325207,-0.03969763487581712,-0.033970847488188884,,,,,,,,,-0.03766202561612134,-0.03969763487581712,-0.03969763487581712,-0.025406420214217663,-0.011625416744823517,-0.026596976507325207,-0.03969763487581712,-0.033970847488188884,-0.03766202561612134,-0.03969763487581712,-0.03969763487581712,-0.02396872071847622,-0.011625416744823517,-0.026596976507325207,-0.03969763487581712,-0.033970847488188884,-0.03193512206907936,-0.024070368969016438,-0.03969763487581712,-0.02264909892261178,-0.011625416744823517,-0.026596976507325207,-0.03969763487581712,-0.033970847488188884,,,,,,,,,-0.03193512206907936,-0.024070368969016438,-0.03969763487581712,-0.02298991490226114,-0.011625416744823517,-0.026596976507325207,-0.03969763487581712,-0.033970847488188884,-0.03193512206907936,-0.024070368969016438,-0.03969763487581712,-0.02272075836011881,-0.011625416744823517,-0.026596976507325207,-0.03969763487581712,-0.033970847488188884
2019-06,0.07296790269468885,0.06677947432537591,0.07726403544073035,0.06387899621936428,0.05122536539461216,0.056174023915667746,0.07726403544073035,0.07754001324339482,,,,,,,,,0.07296790269468885,0.06677947432537591,0.07726403544073035,0.06454175367003238,0.05122536539461216,0.056174023915667746,0.07726403544073035,0.07754001324339482,0.07296790269468885,0.06677947432537591,0.07726403544073035,0.06425146734331368,0.05122536539461216,0.056174023915667746,0.07726403544073035,0.07754001324339482,0.07295829353697818,0.06675059527545625,0.07726403544073035,0.06539087015298617,0.05122536539461216,0.056174023915667746,0.07726403544073035,0.07754001324339482,,,,,,,,,0.07295829353697818,0.06675059527545625,0.07726403544073035,0.0668467985343826,0.05122536539461216,0.056174023915667746,0.07726403544073035,0.07754001324339482,0.07295829353697818,0.06675059527545625,0.07726403544073035,0.06547601779497837,0.05122536539461216,0.056174023915667746,0.07726403544073035,0.07754001324339482,0.07296790269468885,0.06677947432537591,0.07726403544073035,0.06388703633848605,0.05122536539461216,0.056174023915667746,0.07726403544073035,0.07754001324339482,,,,,,,,,0.07296790269468885,0.06677947432537591,0.07726403544073035,0.06419703674793503,0.05122536539461216,0.056174023915667746,0.07726403544073035,0.07754001324339482,0.07296790269468885,0.06677947432537591,0.07726403544073035,0.06391654636049977,0.05122536539461216,0.056174023915667746,0.07726403544073035,0.07754001324339482
2019-07,0.014781877411819555,0.012705717840289113,0.0182731356525645,0.012531154997326108,0.011115351509207408,0.012105198082319316,0.0182731356525645,0.016453313831329325,,,,,,,,,0.014781877411819555,0.012705717840289113,0.0182731356525645,0.01258924531508103,0.011115351509207408,0.012105198082319316,0.0182731356525645,0.016453313831329325,0.014781877411819555,0.012705717840289113,0.0182731356525645,0.012598735540828269,0.011115351509207408,0.012105198082319316,0.0182731356525645,0.016453313831329325,0.014781877411819555,0.012705717840289113,0.0182731356525645,0.012775295485754878,0.011115351509207408,0.012105198082319316,0.0182731356525645,0.016453313831329325,,,,,,,,,0.014781877411819555,0.012705717840289113,0.0182731356525645,0.013006604437788507,0.011115351509207408,0.012105198082319316,0.0182731356525645,0.016453313831329325,0.014781877411819555,0.012705717840289113,0.0182731356525645,0.01271423819484212,0.011115351509207408,0.012105198082319316,0.0182731356525645,0.016453313831329325,0.014781877411819555,0.012705717840289113,0.0182731356525645,0.01253750684396966,0.011115351509207408,0.012105198082319316,0.0182731356525645,0.016453313831329325,,,,,,,,,0.014781877411819555,0.012705717840289113,0.0182731356525645,0.012611784661076266,0.011115351509207408,0.012105198082319316,0.0182731356525645,0.016453313831329325,0.014781877411819555,0.012705717840289113,0.0182731356525645,0.012549258633077065,0.011115351509207408,0.012105198082319316,0.0182731356525645,0.016453313831329325
2019-08,0.01667688652106236,0.020106671498270435,0.010094097773312605,0.020759693084582267,0.021862500445255936,0.009351591023146748,0.010094097773312605,0.016996840321364334,,,,,,,,,0.01667688652106236,0.020106671498270435,0.010094097773312605,0.020593573412863133,0.021862500445255936,0.009351591023146748,0.010094097773312605,0.016996840321364334,0.01667688652106236,0.020106671498270435,0.010094097773312605,0.020599978728089326,0.021862500445255936,0.009351591023146748,0.010094097773312605,0.016996840321364334,0.01667688652106236,0.020106671498270435,0.010094097773312605,0.020292437734784598,0.021862500445255936,0.009351591023146748,0.010094097773312605,0.016996840321364334,,,,,,,,,0.01667688652106236,0.020106671498270435,0.010094097773312605,0.019729066915005512,0.021862500445255936,0.009351591023146748,0.010094097773312605,0.016996840321364334,0.01667688652106236,0.020106671498270435,0.010094097773312605,0.020396677362272884,0.021862500445255936,0.009351591023146748,0.010094097773312605,0.016996840321364334,0.01667688652106236,0.020106671498270435,0.010094097773312605,0.020771745956049782,0.021862500445255936,0.009351591023146748,0.010094097773312605,0.016996840321364334,,,,,,,,,0.01667688652106236,0.020106671498270435,0.010094097773312605,0.020602854078674813,0.021862500445255936,0.009351591023146748,0.010094097773312605,0.016996840321364334,0.01667688652106236,0.020106671498270435,0.010094097773312605,0.020708821934927048,0.021862500445255936,0.009351591023146748,0.010094097773312605,0.016996840321364334
2019-09,-0.01696203985091096,-0.032343142146463416,-0.03864085829161512,-0.02871281793675211,-0.027929445812469755,-0.02749319299838922,-0.03864085829161512,-0.03817216934612127,,,,,,,,,-0.01696203985091096,-0.032343142146463416,-0.03864085829161512,-0.02901027022318986,-0.027929445812469755,-0.02749319299838922,-0.03864085829161512,-0.03817216934612127,-0.01696203985091096,-0.032343142146463416,-0.03864085829161512,-0.02890207142758724,-0.027929445812469755,-0.02749319299838922,-0.03864085829161512,-0.03817216934612127,-0.033869318843220295,-0.032343142146463416,-0.03864085829161512,-0.029482371983839094,-0.027929445812469755,-0.02749319299838922,-0.03864085829161512,-0.03817216934612127,,,,,,,,,-0.033869318843220295,-0.032343142146463416,-0.03864085829161512,-0.030201110355265532,-0.027929445812469755,-0.02749319299838922,-0.03864085829161512,-0.03817216934612127,-0.033869318843220295,-0.032343142146463416,-0.03864085829161512,-0.029476514139307783,-0.027929445812469755,-0.02749319299838922,-0.03864085829161512,-0.03817216934612127,-0.033869318843220295,-0.032343142146463416,-0.03864085829161512,-0.028724093561637496,-0.027929445812469755,-0.02749319299838922,-0.03864085829161512,-0.03817216934612127,,,,,,,,,-0.033869318843220295,-0.032343142146463416,-0.03864085829161512,-0.028892721748399824,-0.027929445812469755,-0.02749319299838922,-0.03864085829161512,-0.03817216934612127,-0.033869318843220295,-0.032343142146463416,-0.03864085829161512,-0.028736833342595906,-0.027929445812469755,-0.02749319299838922,-0.03864085829161512,-0.03817216934612127
2019-10,0.005140695657717954,0.008680257430379338,0.006237171996371194,0.007878326534889811,0.004493281248160128,0.005255867039607818,0.006237171996371194,0.008176957858214646,,,,,,,,,0.005140695657717954,0.008680257430379338,0.006237171996371194,0.007946556916151218,0.004493281248160128,0.005255867039607818,0.006237171996371194,0.008176957858214646,0.005140695657717954,0.008680257430379338,0.006237171996371194,0.007884626456447013,0.004493281248160128,0.005255867039607818,0.006237171996371194,0.008176957858214646,0.007540910404181603,0.008680257430379338,0.006237171996371194,0.007939410476273362,0.004493281248160128,0.005255867039607818,0.006237171996371194,0.008176957858214646,,,,,,,,,0.007540910404181603,0.008680257430379338,0.006237171996371194,0.00799408657940142,0.004493281248160128,0.005255867039607818,0.006237171996371194,0.008176957858214646,0.007540910404181603,0.008680257430379338,0.006237171996371194,0.008010742778845677,0.004493281248160128,0.005255867039607818,0.006237171996371194,0.008176957858214646,0.005017360717905272,0.008680257430379338,0.006237171996371194,0.007875543594482594,0.004493281248160128,0.005255867039607818,0.006237171996371194,0.008176957858214646,,,,,,,,,0.005017360717905272,0.008680257430379338,0.006237171996371194,0.007864137300732479,0.004493281248160128,0.005255867039607818,0.006237171996371194,0.008176957858214646,0.005017360717905272,0.008680257430379338,0.006237171996371194,0.007867760988277787,0.004493281248160128,0.005255867039607818,0.006237171996371194,0.008176957858214646
2019-11,0.0449855898310519,0.036897396261235796,0.05968767734419034,0.031796598117783334,0.033063602728837835,0.04853838053350696,0.05968767734419034,0.050510148151803574,,,,,,,,,0.0449855898310519,0.036897396261235796,0.05968767734419034,0.0324014358824777,0.033063602728837835,0.04853838053350696,0.05968767734419034,0.050510148151803574,0.0449855898310519,0.036897396261235796,0.05968767734419034,0.03227213629268343,0.033063602728837835,0.04853838053350696,0.05968767734419034,0.050510148151803574,0.0451092774414135,0.036897396261235796,0.05968767734419034,0.03352871684536594,0.033063602728837835,0.04853838053350696,0.05968767734419034,0.050510148151803574,,,,,,,,,0.0451092774414135,0.036897396261235796,0.05968767734419034,0.03526091774092748,0.033063602728837835,0.04853838053350696,0.05968767734419034,0.050510148151803574,0.0451092774414135,0.036897396261235796,0.05968767734419034,0.03334340680236357,0.033063602728837835,0.04853838053350696,0.05968767734419034,0.050510148151803574,0.009163833831557795,0.036897396261235796,0.05968767734419034,0.031809631881863164,0.033063602728837835,0.04853838053350696,0.05968767734419034,0.050510148151803574,,,,,,,,,0.009163833831557795,0.036897396261235796,0.05968767734419034,0.03227653716731068,0.033063602728837835,0.04853838053350696,0.05968767734419034,0.050510148151803574,0.009163833831557795,0.036897396261235796,0.05968767734419034,0.03189709043917588,0.033063602728837835,0.04853838053350696,0.05968767734419034,0.050510148151803574
2019-12,0.02911071074744668,0.026316763289360768,0.02943136391069534,0.026014842161305084,0.013945082579853657,0.023776860012418577,0.02943136391069534,0.03014331916462612,,,,,,,,,0.02911071074744668,0.026316763289360768,0.02943136391069534,0.026337264126598908,0.013945082579853657,0.023776860012418577,0.02943136391069534,0.03014331916462612,0.02911071074744668,0.026316763289360768,0.02943136391069534,0.0261696029525359,0.013945082579853657,0.023776860012418577,0.02943136391069534,0.03014331916462612,0.02911071074744668,0.026316763289360768,0.02943136391069534,0.02663670443410857,0.013945082579853657,0.023776860012418577,0.02943136391069534,0.03014331916462612,,,,,,,,,0.02911071074744668,0.026316763289360768,0.02943136391069534,0.027266870477390657,0.013945082579853657,0.023776860012418577,0.02943136391069534,0.03014331916462612,0.02911071074744668,0.026316763289360768,0.02943136391069534,0.026731065727809235,0.013945082579853657,0.023776860012418577,0.02943136391069534,0.03014331916462612,0.028988341795270687,0.026316763289360768,0.02943136391069534,0.026008635395585275,0.013945082579853657,0.023776860012418577,0.02943136391069534,0.03014331916462612,,,,,,,,,0.028988341795270687,0.026316763289360768,0.02943136391069534,0.02612419573836411,0.013945082579853657,0.023776860012418577,0.02943136391069534,0.03014331916462612,0.028988341795270687,0.026316763289360768,0.02943136391069534,0.026025038633380366,0.013945082579853657,0.023776860012418577,0.02943136391069534,0.03014331916462612
2020-01,0.02500354507361702,0.03493114508985658,0.03901963799142161,0.031180889154131534,0.03727402785238301,0.03899980682584959,0.03901963799142161,0.03961726777229813,,,,,,,,,0.02500354507361702,0.03493114508985658,0.03901963799142161,0.031304707360375286,0.03727402785238301,0.03899980682584959,0.03901963799142161,0.03961726777229813,0.02500354507361702,0.03493114508985658,0.03901963799142161,0.03128997816189066,0.03727402785238301,0.03899980682584959,0.03901963799142161,0.03961726777229813,0.0352489138354371,0.03493114508985658,0.03901963799142161,0.03168340332136466,0.03727402785238301,0.03899980682584959,0.03901963799142161,0.03961726777229813,,,,,,,,,0.0352489138354371,0.03493114508985658,0.03901963799142161,0.03207152902027368,0.03727402785238301,0.03899980682584959,0.03901963799142161,0.03961726777229813,0.0352489138354371,0.03493114508985658,0.03901963799142161,0.03161836295161441,0.03727402785238301,0.03899980682584959,0.03901963799142161,0.03961726777229813,0.0352489138354371,0.03493114508985658,0.03901963799142161,0.03120758341539647,0.03727402785238301,0.03899980682584959,0.03901963799142161,0.03961726777229813,,,,,,,,,0.0352489138354371,0.03493114508985658,0.03901963799142161,0.03131746614632915,0.03727402785238301,0.03899980682584959,0.03901963799142161,0.03961726777229813,0.0352489138354371,0.03493114508985658,0.03901963799142161,0.03119454820401947,0.03727402785238301,0.03899980682584959,0.03901963799142161,0.03961726777229813
2020-02,-0.010684609018474333,-0.03778952129441479,-0.054499507417264725,-0.03521193252914857,-0.020852959979584366,-0.054499507417264725,-0.054499507417264725,-0.049685781281112056,,,,,,,,,-0.010684609018474333,-0.03778952129441479,-0.054499507417264725,-0.03587031432222351,-0.020852959979584366,-0.054499507417264725,-0.054499507417264725,-0.049685781281112056,-0.010684609018474333,-0.03778952129441479,-0.054499507417264725,-0.035629809082857365,-0.020852959979584366,-0.054499507417264725,-0.054499507417264725,-0.049685781281112056,-0.04552617448382333,-0.03778952129441479,-0.054499507417264725,-0.03677541841718449,-0.020852959979584366,-0.054499507417264725,-0.054499507417264725,-0.049685781281112056,,,,,,,,,-0.04552617448382333,-0.03778952129441479,-0.054499507417264725,-0.03836489075397802,-0.020852959979584366,-0.054499507417264725,-0.054499507417264725,-0.049685781281112056,-0.04552617448382333,-0.03778952129441479,-0.054499507417264725,-0.03676949412236207,-0.020852959979584366,-0.054499507417264725,-0.054499507417264725,-0.049685781281112056,-0.010806921265292584,-0.03778952129441479,-0.054499507417264725,-0.03520935051045606,-0.020852959979584366,-0.054499507417264725,-0.054499507417264725,-0.049685781281112056,,,,,,,,,-0.010806921265292584,-0.03778952129441479,-0.054499507417264725,-0.03558311296628436,-0.020852959979584366,-0.054499507417264725,-0.054499507417264725,-0.049685781281112056,-0.010806921265292584,-0.03778952129441479,-0.054499507417264725,-0.03527936734526317,-0.020852959979584366,-0.054499507417264725,-0.054499507417264725,-0.049685781281112056
2020-03,-0.019509536140845152,-0.06831616472755267,-0.09978217906156184,-0.06988869195620538,-0.04498070729975389,-0.09978217906156184,-0.09978217906156184,-0.09002682021438094,,,,,,,,,-0.019509536140845152,-0.06831616472755267,-0.09978217906156184,-0.0712530487991043,-0.04498070729975389,-0.09978217906156184,-0.09978217906156184,-0.09002682021438094,-0.019509536140845152,-0.06831616472755267,-0.09978217906156184,-0.0707324763075671,-0.04498070729975389,-0.09978217906156184,-0.09978217906156184,-0.09002682021438094,-0.09007728984614281,-0.06831616472755267,-0.09978217906156184,-0.07302390014967486,-0.04498070729975389,-0.09978217906156184,-0.09978217906156184,-0.09002682021438094,,,,,,,,,-0.09007728984614281,-0.06831616472755267,-0.09978217906156184,-0.07625231636903769,-0.04498070729975389,-0.09978217906156184,-0.09978217906156184,-0.09002682021438094,-0.09007728984614281,-0.06831616472755267,-0.09978217906156184,-0.07305637347846274,-0.04498070729975389,-0.09978217906156184,-0.09978217906156184,-0.09002682021438094,-0.019509536140845152,-0.06831616472755267,-0.09978217906156184,-0.06987295765199228,-0.04498070729975389,-0.09978217906156184,-0.09978217906156184,-0.09002682021438094,,,,,,,,,-0.019509536140845152,-0.06831616472755267,-0.09978217906156184,-0.0706180675211834,-0.04498070729975389,-0.09978217906156184,-0.09978217906156184,-0.09002682021438094,-0.019509536140845152,-0.06831616472755267,-0.09978217906156184,-0.07002268661720631,-0.04498070729975389,-0.09978217906156184,-0.09978217906156184,-0.09002682021438094
2020-04,0.06353046931351002,0.13691023543031183,0.17944585349646203,0.12572850467398963,0.1087651763601667,0.149707191861796,0.002626078306473756,0.1687613635609404,,,,,,,,,0.06353046931351002,0.13691023543031183,0.17944585349646203,0.12733131603421266,0.1087651763601667,0.149707191861796,0.002626078306473756,0.1687613635609404,0.06353046931351002,0.13691023543031183,0.17944585349646203,0.12682725600255357,0.1087651763601667,0.149707191861796,0.002626078306473756,0.1687613635609404,0.06340996302803574,0.13691023543031183,0.17944585349646203,0.12998523839415596,0.1087651763601667,0.149707191861796,0.002626078306473756,0.1687613635609404,,,,,,,,,0.06340996302803574,0.13691023543031183,0.17944585349646203,0.1340942750569202,0.1087651763601667,0.149707191861796,0.002626078306473756,0.1687613635609404,0.06340996302803574,0.13691023543031183,0.17944585349646203,0.12980404410170027,0.1087651763601667,0.149707191861796,0.002626078306473756,0.1687613635609404,0.06353046931351002,0.13691023543031183,0.17944585349646203,0.12577350774517787,0.1087651763601667,0.149707191861796,0.002626078306473756,0.1687613635609404,,,,,,,,,0.06353046931351002,0.13691023543031183,0.17944585349646203,0.12679060810180115,0.1087651763601667,0.149707191861796,0.002626078306473756,0.1687613635609404,0.06353046931351002,0.13691023543031183,0.17944585349646203,0.1259067195993934,0.1087651763601667,0.149707191861796,0.002626078306473756,0.1687613635609404
2020-05,0.07804253104245716,0.06731124028011747,0.09078463175998341,0.06296270854626736,0.055776755291118016,0.053944689664450575,0.09068463175998341,0.08429350744778538,,,,,,,,,0.07804253104245716,0.06731124028011747,0.09078463175998341,0.06390587785305894,0.055776755291118016,0.053944689664450575,0.09068463175998341,0.08429350744778538,0.07804253104245716,0.06731124028011747,0.09078463175998341,0.06356683350960754,0.055776755291118016,0.053944689664450575,0.09068463175998341,0.08429350744778538,0.027507273033446855,0.06731124028011747,0.09078463175998341,0.06524485938310907,0.055776755291118016,0.053944689664450575,0.09068463175998341,0.08429350744778538,,,,,,,,,0.027507273033446855,0.06731124028011747,0.09078463175998341,0.06753791478991011,0.055776755291118016,0.053944689664450575,0.09068463175998341,0.08429350744778538,0.027507273033446855,0.06731124028011747,0.09078463175998341,0.06522467947170846,0.055776755291118016,0.053944689664450575,0.09068463175998341,0.08429350744778538,0.027507273033446855,0.06731124028011747,0.09078463175998341,0.06296486875272865,0.055776755291118016,0.053944689664450575,0.09068463175998341,0.08429350744778538,,,,,,,,,0.027507273033446855,0.06731124028011747,0.09078463175998341,0.06350736838617602,0.055776755291118016,0.053944689664450575,0.09068463175998341,0.08429350744778538,0.027507273033446855,0.06731124028011747,0.09078463175998341,0.06305897048131752,0.055776755291118016,0.053944689664450575,0.09068463175998341,0.08429350744778538
2020-06,0.04966444467145201,0.04571231270017578,0.05938951407962101,0.040787403339330626,0.03580260522470881,0.03524507069277134,0.05938951407962101,0.05618772658542721,,,,,,,,,0.04966444467145201,0.04571231270017578,0.05938951407962101,0.04134526371878255,0.03580260522470881,0.03524507069277134,0.05938951407962101,0.05618772658542721,0.04966444467145201,0.04571231270017578,0.05938951407962101,0.04113961435974316,0.03580260522470881,0.03524507069277134,0.05938951407962101,0.05618772658542721,0.01965276112741407,0.04571231270017578,0.05938951407962101,0.0421340044791411,0.03580260522470881,0.03524507069277134,0.05938951407962101,0.05618772658542721,,,,,,,,,0.01965276112741407,0.04571231270017578,0.05938951407962101,0.043474951582048824,0.03580260522470881,0.03524507069277134,0.05938951407962101,0.05618772658542721,0.01965276112741407,0.04571231270017578,0.05938951407962101,0.042131615370491156,0.03580260522470881,0.03524507069277134,0.05938951407962101,0.05618772658542721,0.04954371949760867,0.04571231270017578,0.05938951407962101,0.040790481531130025,0.03580260522470881,0.03524507069277134,0.05938951407962101,0.05618772658542721,,,,,,,,,0.04954371949760867,0.04571231270017578,0.05938951407962101,0.04110427931539772,0.03580260522470881,0.03524507069277134,0.05938951407962101,0.05618772658542721,0.04954371949760867,0.04571231270017578,0.05938951407962101,0.04084076009391714,0.03580260522470881,0.03524507069277134,0.05938951407962101,0.05618772658542721
2020-07,0.09480742047659656,0.08541326024956332,0.09869717994997673,0.08189406016297822,0.0626333505239373,0.059565700309341586,0.09869717994997673,0.09961765226692265,,,,,,,,,0.09480742047659656,0.08541326024956332,0.09869717994997673,0.08286576127430485,0.0626333505239373,0.059565700309341586,0.09869717994997673,0.09961765226692265,0.09480742047659656,0.08541326024956332,0.09869717994997673,0.08243029012544006,0.0626333505239373,0.059565700309341586,0.09869717994997673,0.09961765226692265,0.044026085451140465,0.08541326024956332,0.09869717994997673,0.08407896539936545,0.0626333505239373,0.059565700309341586,0.09869717994997673,0.09961765226692265,,,,,,,,,0.044026085451140465,0.08541326024956332,0.09869717994997673,0.08618427558304803,0.0626333505239373,0.059565700309341586,0.09869717994997673,0.09961765226692265,0.044026085451140465,0.08541326024956332,0.09869717994997673,0.0842231677229332,0.0626333505239373,0.059565700309341586,0.09869717994997673,0.09961765226692265,0.09480742047659656,0.08541326024956332,0.09869717994997673,0.08190421416201663,0.0626333505239373,0.059565700309341586,0.09869717994997673,0.09961765226692265,,,,,,,,,0.09480742047659656,0.08541326024956332,0.09869717994997673,0.08234541683023167,0.0626333505239373,0.059565700309341586,0.09869717994997673,0.09961765226692265,0.09480742047659656,0.08541326024956332,0.09869717994997673,0.08194495083742122,0.0626333505239373,0.059565700309341586,0.09869717994997673,0.09961765226692265
2020-08,0.08589101408690811,0.07493656758100624,0.10779726666730416,0.0651661528951488,0.06079693509322627,0.061972226664726945,0.10779726666730416,0.09669389732774608,,,,,,,,,0.08589101408690811,0.07493656758100624,0.10779726666730416,0.06628492308712759,0.06079693509322627,0.061972226664726945,0.10779726666730416,0.09669389732774608,0.08589101408690811,0.07493656758100624,0.10779726666730416,0.06594751331804372,0.06079693509322627,0.061972226664726945,0.10779726666730416,0.09669389732774608,0.08577145106762733,0.07493656758100624,0.10779726666730416,0.06808060013252556,0.06079693509322627,0.061972226664726945,0.10779726666730416,0.09669389732774608,,,,,,,,,0.08577145106762733,0.07493656758100624,0.10779726666730416,0.07099276000544598,0.06079693509322627,0.061972226664726945,0.10779726666730416,0.09669389732774608,0.08577145106762733,0.07493656758100624,0.10779726666730416,0.06792962784477825,0.06079693509322627,0.061972226664726945,0.10779726666730416,0.09669389732774608,0.08589101408690811,0.07493656758100624,0.10779726666730416,0.06517928164060839,0.06079693509322627,0.061972226664726945,0.10779726666730416,0.09669389732774608,,,,,,,,,0.08589101408690811,0.07493656758100624,0.10779726666730416,0.06591010155585447,0.06079693509322627,0.061972226664726945,0.10779726666730416,0.09669389732774608,0.08589101408690811,0.07493656758100624,0.10779726666730416,0.06530774302076345,0.06079693509322627,0.061972226664726945,0.10779726666730416,0.09669389732774608
2020-09,-0.04000656666842834,-0.03679944416423143,-0.043626312122196365,-0.03429492678533837,-0.024867232694090285,-0.024262867015329776,-0.043626312122196365,-0.043435996437627286,,,,,,,,,-0.04000656666842834,-0.03679944416423143,-0.043626312122196365,-0.03472519266951621,-0.024867232694090285,-0.024262867015329776,-0.043626312122196365,-0.043435996437627286,-0.04000656666842834,-0.03679944416423143,-0.043626312122196365,-0.034535206568015335,-0.024867232694090285,-0.024262867015329776,-0.043626312122196365,-0.043435996437627286,-0.04000656666842834,-0.03679944416423143,-0.043626312122196365,-0.035255444267489756,-0.024867232694090285,-0.024262867015329776,-0.043626312122196365,-0.043435996437627286,,,,,,,,,-0.04000656666842834,-0.03679944416423143,-0.043626312122196365,-0.03619625460907606,-0.024867232694090285,-0.024262867015329776,-0.043626312122196365,-0.043435996437627286,-0.04000656666842834,-0.03679944416423143,-0.043626312122196365,-0.0353143212919262,-0.024867232694090285,-0.024262867015329776,-0.043626312122196365,-0.043435996437627286,-0.04000656666842834,-0.03679944416423143,-0.043626312122196365,-0.03429667261217565,-0.024867232694090285,-0.024262867015329776,-0.043626312122196365,-0.043435996437627286,,,,,,,,,-0.04000656666842834,-0.03679944416423143,-0.043626312122196365,-0.03449608561556299,-0.024867232694090285,-0.024262867015329776,-0.043626312122196365,-0.043435996437627286,-0.04000656666842834,-0.03679944416423143,-0.043626312122196365,-0.03432038937915713,-0.024867232694090285,-0.024262867015329776,-0.043626312122196365,-0.043435996437627286
2020-10,-0.0295554551712852,-0.02660815515300676,-0.03679847407971093,-0.023535360411606962,-0.027603649916090427,-0.02054296200325055,-0.03679847407971093,-0.033638065505049455,,,,,,,,,-0.0295554551712852,-0.02660815515300676,-0.03679847407971093,-0.023884673589322638,-0.027603649916090427,-0.02054296200325055,-0.03679847407971093,-0.033638065505049455,-0.0295554551712852,-0.02660815515300676,-0.03679847407971093,-0.023769796746973857,-0.027603649916090427,-0.02054296200325055,-0.03679847407971093,-0.033638065505049455,-0.0295554551712852,-0.02660815515300676,-0.03679847407971093,-0.024407884876461512,-0.027603649916090427,-0.02054296200325055,-0.03679847407971093,-0.033638065505049455,,,,,,,,,-0.0295554551712852,-0.02660815515300676,-0.03679847407971093,-0.025288953589203036,-0.027603649916090427,-0.02054296200325055,-0.03679847407971093,-0.033638065505049455,-0.0295554551712852,-0.02660815515300676,-0.03679847407971093,-0.024379692854748128,-0.027603649916090427,-0.02054296200325055,-0.03679847407971093,-0.033638065505049455,-0.0295554551712852,-0.02660815515300676,-0.03679847407971093,-0.023536515175350246,-0.027603649916090427,-0.02054296200325055,-0.03679847407971093,-0.033638065505049455,,,,,,,,,-0.0295554551712852,-0.02660815515300676,-0.03679847407971093,-0.023751948377862025,-0.027603649916090427,-0.02054296200325055,-0.03679847407971093,-0.033638065505049455,-0.0295554551712852,-0.02660815515300676,-0.03679847407971093,-0.023576283749714072,-0.027603649916090427,-0.02054296200325055,-0.03679847407971093,-0.033638065505049455
2020-11,0.08202619431476546,0.06549339575505032,0.10510564180518611,0.05762988767961343,0.06441647268849593,0.0563208646893799,0.10510564180518611,0.08918615732366501,,,,,,,,,0.08202619431476546,0.06549339575505032,0.10510564180518611,0.05896304766085926,0.06441647268849593,0.0563208646893799,0.10510564180518611,0.08918615732366501,0.08202619431476546,0.06549339575505032,0.10510564180518611,0.05856883867701207,0.06441647268849593,0.0563208646893799,0.10510564180518611,0.08918615732366501,0.08202619431476546,0.06549339575505032,0.10510564180518611,0.06104687853789138,0.06441647268849593,0.0563208646893799,0.10510564180518611,0.08918615732366501,,,,,,,,,0.08202619431476546,0.06549339575505032,0.10510564180518611,0.06454139483517252,0.06441647268849593,0.0563208646893799,0.10510564180518611,0.08918615732366501,0.08202619431476546,0.06549339575505032,0.10510564180518611,0.06085455501719809,0.06441647268849593,0.0563208646893799,0.10510564180518611,0.08918615732366501,0.08202619431476546,0.06549339575505032,0.10510564180518611,0.05763055713716057,0.06441647268849593,0.0563208646893799,0.10510564180518611,0.08918615732366501,,,,,,,,,0.08202619431476546,0.06549339575505032,0.10510564180518611,0.05851314402660258,0.06441647268849593,0.0563208646893799,0.10510564180518611,0.08918615732366501,0.08202619431476546,0.06549339575505032,0.10510564180518611,0.05781067272328237,0.06441647268849593,0.0563208646893799,0.10510564180518611,0.08918615732366501
2020-12,0.05162620849124978,0.043603480596015334,0.047178033404515984,0.042260903305356985,0.027350706296078917,0.02474259407856777,0.047178033404515984,0.0494727759184067,,,,,,,,,0.05162620849124978,0.043603480596015334,0.047178033404515984,0.04271097549121927,0.027350706296078917,0.02474259407856777,0.047178033404515984,0.0494727759184067,0.05162620849124978,0.043603480596015334,0.047178033404515984,0.042472857755967035,0.027350706296078917,0.02474259407856777,0.047178033404515984,0.0494727759184067,0.04671202751250126,0.043603480596015334,0.047178033404515984,0.043154652546503455,0.027350706296078917,0.02474259407856777,0.047178033404515984,0.0494727759184067,,,,,,,,,0.04671202751250126,0.043603480596015334,0.047178033404515984,0.04402174502735371,0.027350706296078917,0.02474259407856777,0.047178033404515984,0.0494727759184067,0.04671202751250126,0.043603480596015334,0.047178033404515984,0.04329294246315681,0.027350706296078917,0.02474259407856777,0.047178033404515984,0.0494727759184067,0.04671202751250126,0.043603480596015334,0.047178033404515984,0.0422593391027912,0.027350706296078917,0.02474259407856777,0.047178033404515984,0.0494727759184067,,,,,,,,,0.04671202751250126,0.043603480596015334,0.047178033404515984,0.0424146158218661,0.027350706296078917,0.02474259407856777,0.047178033404515984,0.0494727759184067,0.04671202751250126,0.043603480596015334,0.047178033404515984,0.04226923833938801,0.027350706296078917,0.02474259407856777,0.047178033404515984,0.0494727759184067
2021-01,-0.005917491361738868,-0.0016628194840770294,0.004484506122454324,-0.0023466318242395326,-0.001678920223237092,0.0024448813433167586,0.004484506122454324,0.000812041618326528,,,,,,,,,-0.005917491361738868,-0.0016628194840770294,0.004484506122454324,-0.0022476938010381536,-0.001678920223237092,0.0024448813433167586,0.004484506122454324,0.000812041618326528,-0.005917491361738868,-0.0016628194840770294,0.004484506122454324,-0.0022554417575310327,-0.001678920223237092,0.0024448813433167586,0.004484506122454324,0.000812041618326528,-1.4935674737166296e-05,-0.0016628194840770294,0.004484506122454324,-0.002072669965571151,-0.001678920223237092,0.0024448813433167586,0.004484506122454324,0.000812041618326528,,,,,,,,,-1.4935674737166296e-05,-0.0016628194840770294,0.004484506122454324,-0.001748905825614885,-0.001678920223237092,0.0024448813433167586,0.004484506122454324,0.000812041618326528,-1.4935674737166296e-05,-0.0016628194840770294,0.004484506122454324,-0.0021273425982998905,-0.001678920223237092,0.0024448813433167586,0.004484506122454324,0.000812041618326528,-0.005961581313694279,-0.0016628194840770294,0.004484506122454324,-0.00235279483408826,-0.001678920223237092,0.0024448813433167586,0.004484506122454324,0.000812041618326528,,,,,,,,,-0.005961581313694279,-0.0016628194840770294,0.004484506122454324,-0.002257623372524019,-0.001678920223237092,0.0024448813433167586,0.004484506122454324,0.000812041618326528,-0.005961581313694279,-0.0016628194840770294,0.004484506122454324,-0.0023188887697575366,-0.001678920223237092,0.0024448813433167586,0.004484506122454324,0.000812041618326528
2021-02,-0.0070204287507987075,-0.0006557258925276508,0.012595531919113556,-0.0018686349281040798,-0.0018964894950388065,0.006225261062805731,0.012595531919113556,0.005078767074530851,,,,,,,,,-0.0070204287507987075,-0.0006557258925276508,0.012595531919113556,-0.0015606973248135573,-0.0018964894950388065,0.006225261062805731,0.012595531919113556,0.005078767074530851,-0.0070204287507987075,-0.0006557258925276508,0.012595531919113556,-0.001636315786767624,-0.0018964894950388065,0.006225261062805731,0.012595531919113556,0.005078767074530851,0.003574522826444483,-0.0006557258925276508,0.012595531919113556,-0.0011379084395349219,-0.0018964894950388065,0.006225261062805731,0.012595531919113556,0.005078767074530851,,,,,,,,,0.003574522826444483,-0.0006557258925276508,0.012595531919113556,-0.0002836193367169957,-0.0018964894950388065,0.006225261062805731,0.012595531919113556,0.005078767074530851,0.003574522826444483,-0.0006557258925276508,0.012595531919113556,-0.0012086271787502872,-0.0018964894950388065,0.006225261062805731,0.012595531919113556,0.005078767074530851,-0.0070204287507987075,-0.0006557258925276508,0.012595531919113556,-0.0018876026510084316,-0.0018964894950388065,0.006225261062805731,0.012595531919113556,0.005078767074530851,,,,,,,,,-0.0070204287507987075,-0.0006557258925276508,0.012595531919113556,-0.0016614289109586915,-0.0018964894950388065,0.006225261062805731,0.012595531919113556,0.005078767074530851,-0.0070204287507987075,-0.0006557258925276508,0.012595531919113556,-0.0018087142236503232,-0.0018964894950388065,0.006225261062805731,0.012595531919113556,0.005078767074530851
2021-03,-0.009678752708422576,-0.010837285168269024,-0.012911322379864365,-0.007914309856316665,-0.0172903758553359,-0.00731369495706075,-0.012911322379864365,-0.012764173796754166,,,,,,,,,-0.009678752708422576,-0.010837285168269024,-0.012911322379864365,-0.00808413824822436,-0.0172903758553359,-0.00731369495706075,-0.012911322379864365,-0.012764173796754166,-0.009678752708422576,-0.010837285168269024,-0.012911322379864365,-0.008011077267910232,-0.0172903758553359,-0.00731369495706075,-0.012911322379864365,-0.012764173796754166,-0.009720032223866831,-0.010837285168269024,-0.012911322379864365,-0.008300666249803051,-0.0172903758553359,-0.00731369495706075,-0.012911322379864365,-0.012764173796754166,,,,,,,,,-0.009720032223866831,-0.010837285168269024,-0.012911322379864365,-0.008677740665830018,-0.0172903758553359,-0.00731369495706075,-0.012911322379864365,-0.012764173796754166,-0.009720032223866831,-0.010837285168269024,-0.012911322379864365,-0.008320083744136281,-0.0172903758553359,-0.00731369495706075,-0.012911322379864365,-0.012764173796754166,-0.009678752708422576,-0.010837285168269024,-0.012911322379864365,-0.00791552499484355,-0.0172903758553359,-0.00731369495706075,-0.012911322379864365,-0.012764173796754166,,,,,,,,,-0.009678752708422576,-0.010837285168269024,-0.012911322379864365,-0.007996819010335846,-0.0172903758553359,-0.00731369495706075,-0.012911322379864365,-0.012764173796754166,-0.009678752708422576,-0.010837285168269024,-0.012911322379864365,-0.007925062161052062,-0.0172903758553359,-0.00731369495706075,-0.012911322379864365,-0.012764173796754166
2021-04,0.048140497404126126,0.04730286975548889,0.059818131250851,0.04337726566864871,0.03989557102881049,0.03824527533926022,0.059818131250851,0.05739969344014091,,,,,,,,,0.048140497404126126,0.04730286975548889,0.059818131250851,0.044006305885446295,0.03989557102881049,0.03824527533926022,0.059818131250851,0.05739969344014091,0.048140497404126126,0.04730286975548889,0.059818131250851,0.04374486479436767,0.03989557102881049,0.03824527533926022,0.059818131250851,0.05739969344014091,0.048140497404126126,0.04730286975548889,0.059818131250851,0.04478810288971584,0.03989557102881049,0.03824527533926022,0.059818131250851,0.05739969344014091,,,,,,,,,0.048140497404126126,0.04730286975548889,0.059818131250851,0.04621256672524777,0.03989557102881049,0.03824527533926022,0.059818131250851,0.05739969344014091,0.048140497404126126,0.04730286975548889,0.059818131250851,0.0448438592779453,0.03989557102881049,0.03824527533926022,0.059818131250851,0.05739969344014091,0.048140497404126126,0.04730286975548889,0.059818131250851,0.043373323833578635,0.03989557102881049,0.03824527533926022,0.059818131250851,0.05739969344014091,,,,,,,,,0.048140497404126126,0.04730286975548889,0.059818131250851,0.04368749307217021,0.03989557102881049,0.03824527533926022,0.059818131250851,0.05739969344014091,0.048140497404126126,0.04730286975548889,0.059818131250851,0.04342631614615706,0.03989557102881049,0.03824527533926022,0.059818131250851,0.05739969344014091
2021-05,0.017713836335664583,0.0023356992514121278,-0.013244963052286396,0.005292609442487651,-0.006248686470936843,-0.010297587192879262,-0.013244963052286396,-0.004242294623301553,,,,,,,,,0.017713836335664583,0.0023356992514121278,-0.013244963052286396,0.005071531711484931,-0.006248686470936843,-0.010297587192879262,-0.013244963052286396,-0.004242294623301553,0.017713836335664583,0.0023356992514121278,-0.013244963052286396,0.005032210452900379,-0.006248686470936843,-0.010297587192879262,-0.013244963052286396,-0.004242294623301553,0.017713836335664583,0.0023356992514121278,-0.013244963052286396,0.004421269641985744,-0.006248686470936843,-0.010297587192879262,-0.013244963052286396,-0.004242294623301553,,,,,,,,,0.017713836335664583,0.0023356992514121278,-0.013244963052286396,0.003530676279563098,-0.006248686470936843,-0.010297587192879262,-0.013244963052286396,-0.004242294623301553,0.017713836335664583,0.0023356992514121278,-0.013244963052286396,0.004657410427247381,-0.006248686470936843,-0.010297587192879262,-0.013244963052286396,-0.004242294623301553,0.017713836335664583,0.0023356992514121278,-0.013244963052286396,0.005281551037601694,-0.006248686470936843,-0.010297587192879262,-0.013244963052286396,-0.004242294623301553,,,,,,,,,0.017713836335664583,0.0023356992514121278,-0.013244963052286396,0.004993605224179267,-0.006248686470936843,-0.010297587192879262,-0.013244963052286396,-0.004242294623301553,0.017713836335664583,0.0023356992514121278,-0.013244963052286396,0.005215027080471042,-0.006248686470936843,-0.010297587192879262,-0.013244963052286396,-0.004242294623301553
2021-06,0.0036062664859356163,0.016994503839387252,0.03996342174800138,0.014475051871717926,0.0280679631608225,0.03126330150275631,0.03996342174800138,0.028818603764358998,,,,,,,,,0.0036062664859356163,0.016994503839387252,0.03996342174800138,0.014975720781240076,0.0280679631608225,0.03126330150275631,0.03996342174800138,0.028818603764358998,0.0036062664859356163,0.016994503839387252,0.03996342174800138,0.014897715956004047,0.0280679631608225,0.03126330150275631,0.03996342174800138,0.028818603764358998,0.0036062664859356163,0.016994503839387252,0.03996342174800138,0.015929721595440947,0.0280679631608225,0.03126330150275631,0.03996342174800138,0.028818603764358998,,,,,,,,,0.0036062664859356163,0.016994503839387252,0.03996342174800138,0.017450608920762414,0.0280679631608225,0.03126330150275631,0.03996342174800138,0.028818603764358998,0.0036062664859356163,0.016994503839387252,0.03996342174800138,0.015722048440404496,0.0280679631608225,0.03126330150275631,0.03996342174800138,0.028818603764358998,0.0036062664859356163,0.016994503839387252,0.03996342174800138,0.014476127593203573,0.0280679631608225,0.03126330150275631,0.03996342174800138,0.028818603764358998,,,,,,,,,0.0036062664859356163,0.016994503839387252,0.03996342174800138,0.01490275579278496,0.0280679631608225,0.03126330150275631,0.03996342174800138,0.028818603764358998,0.0036062664859356163,0.016994503839387252,0.03996342174800138,0.01457828526635319,0.0280679631608225,0.03126330150275631,0.03996342174800138,0.028818603764358998
2021-07,0.0247966398955302,0.024986521992212758,0.02992076812569122,0.02298828257556994,0.025912842831767424,0.02426451866981314,0.02992076812569122,0.029457452798621102,,,,,,,,,0.0247966398955302,0.024986521992212758,0.02992076812569122,0.0232245282571373,0.025912842831767424,0.02426451866981314,0.02992076812569122,0.029457452798621102,0.0247966398955302,0.024986521992212758,0.02992076812569122,0.023129899634170274,0.025912842831767424,0.02426451866981314,0.02992076812569122,0.029457452798621102,0.0247966398955302,0.024986521992212758,0.02992076812569122,0.023552096378508258,0.025912842831767424,0.02426451866981314,0.02992076812569122,0.029457452798621102,,,,,,,,,0.0247966398955302,0.024986521992212758,0.02992076812569122,0.024097362946465393,0.025912842831767424,0.02426451866981314,0.02992076812569122,0.029457452798621102,0.0247966398955302,0.024986521992212758,0.02992076812569122,0.02356522118500009,0.025912842831767424,0.02426451866981314,0.02992076812569122,0.029457452798621102,0.0247966398955302,0.024986521992212758,0.02992076812569122,0.022991903030922883,0.025912842831767424,0.02426451866981314,0.02992076812569122,0.029457452798621102,,,,,,,,,0.0247966398955302,0.024986521992212758,0.02992076812569122,0.023114381074106665,0.025912842831767424,0.02426451866981314,0.02992076812569122,0.029457452798621102,0.0247966398955302,0.024986521992212758,0.02992076812569122,0.023005781713499533,0.025912842831767424,0.02426451866981314,0.02992076812569122,0.029457452798621102
2021-08,0.018434175474226083,0.02386061568716236,0.034320618136657766,0.021269954585745605,0.019014239515594847,0.029822021400730873,0.034320618136657766,0.03081196138815678,,,,,,,,,0.018434175474226083,0.02386061568716236,0.034320618136657766,0.021581699351909456,0.019014239515594847,0.029822021400730873,0.034320618136657766,0.03081196138815678,0.018434175474226083,0.02386061568716236,0.034320618136657766,0.021506505564756084,0.019014239515594847,0.029822021400730873,0.034320618136657766,0.03081196138815678,0.018434175474226083,0.02386061568716236,0.034320618136657766,0.0221628706707786,0.019014239515594847,0.029822021400730873,0.034320618136657766,0.03081196138815678,,,,,,,,,0.018434175474226083,0.02386061568716236,0.034320618136657766,0.023029972358201183,0.019014239515594847,0.029822021400730873,0.034320618136657766,0.03081196138815678,0.018434175474226083,0.02386061568716236,0.034320618136657766,0.02208311476892213,0.019014239515594847,0.029822021400730873,0.034320618136657766,0.03081196138815678,0.018434175474226083,0.02386061568716236,0.034320618136657766,0.021280795471302464,0.019014239515594847,0.029822021400730873,0.034320618136657766,0.03081196138815678,,,,,,,,,0.018434175474226083,0.02386061568716236,0.034320618136657766,0.021509536891118383,0.019014239515594847,0.029822021400730873,0.034320618136657766,0.03081196138815678,0.018434175474226083,0.02386061568716236,0.034320618136657766,0.02131516639584131,0.019014239515594847,0.029822021400730873,0.034320618136657766,0.03081196138815678
2021-09,-0.03848327205210788,-0.04450271036747135,-0.05645051017751135,-0.03891907325954783,-0.0402595822268064,-0.056463096358335435,-0.05645051017751135,-0.05402929142130927,,,,,,,,,-0.03848327205210788,-0.04450271036747135,-0.05645051017751135,-0.03941583231659891,-0.0402595822268064,-0.056463096358335435,-0.05645051017751135,-0.05402929142130927,-0.03848327205210788,-0.04450271036747135,-0.05645051017751135,-0.03926497566825115,-0.0402595822268064,-0.056463096358335435,-0.05645051017751135,-0.05402929142130927,-0.03848327205210788,-0.04450271036747135,-0.05645051017751135,-0.0402973370337733,-0.0402595822268064,-0.056463096358335435,-0.05645051017751135,-0.05402929142130927,,,,,,,,,-0.03848327205210788,-0.04450271036747135,-0.05645051017751135,-0.04158625026710266,-0.0402595822268064,-0.056463096358335435,-0.05645051017751135,-0.05402929142130927,-0.03848327205210788,-0.04450271036747135,-0.05645051017751135,-0.04022910905327329,-0.0402595822268064,-0.056463096358335435,-0.05645051017751135,-0.05402929142130927,-0.03848327205210788,-0.04450271036747135,-0.05645051017751135,-0.03894227256211941,-0.0402595822268064,-0.056463096358335435,-0.05645051017751135,-0.05402929142130927,,,,,,,,,-0.03848327205210788,-0.04450271036747135,-0.05645051017751135,-0.03926415911158776,-0.0402595822268064,-0.056463096358335435,-0.05645051017751135,-0.05402929142130927,-0.03848327205210788,-0.04450271036747135,-0.05645051017751135,-0.03897207752934304,-0.0402595822268064,-0.056463096358335435,-0.05645051017751135,-0.05402929142130927
2021-10,0.04386192883448455,0.048600047006160794,0.06697798120838017,0.043742476619601255,0.03841408380260463,0.065104819026383,0.06697798120838017,0.061759670555540436,,,,,,,,,0.04386192883448455,0.048600047006160794,0.06697798120838017,0.04440345769208893,0.03841408380260463,0.065104819026383,0.06697798120838017,0.061759670555540436,0.04386192883448455,0.048600047006160794,0.06697798120838017,0.04417550680240963,0.03841408380260463,0.065104819026383,0.06697798120838017,0.061759670555540436,0.04386192883448455,0.048600047006160794,0.06697798120838017,0.04536696962336492,0.03841408380260463,0.065104819026383,0.06697798120838017,0.061759670555540436,,,,,,,,,0.04386192883448455,0.048600047006160794,0.06697798120838017,0.047002676532608256,0.03841408380260463,0.065104819026383,0.06697798120838017,0.061759670555540436,0.04386192883448455,0.048600047006160794,0.06697798120838017,0.04533410233422697,0.03841408380260463,0.065104819026383,0.06697798120838017,0.061759670555540436,0.04386192883448455,0.048600047006160794,0.06697798120838017,0.04374440820153168,0.03841408380260463,0.065104819026383,0.06697798120838017,0.061759670555540436,,,,,,,,,0.04386192883448455,0.048600047006160794,0.06697798120838017,0.04413769385842604,0.03841408380260463,0.065104819026383,0.06697798120838017,0.061759670555540436,0.04386192883448455,0.048600047006160794,0.06697798120838017,0.04381464555533689,0.03841408380260463,0.065104819026383,0.06697798120838017,0.061759670555540436
2021-11,-0.00408542713433685,0.003377529462688176,0.006427808641936705,0.0014202573253567082,0.008223591067883711,0.0064253200897505585,0.006427808641936705,0.005094520097853913,,,,,,,,,-0.00408542713433685,0.003377529462688176,0.006427808641936705,0.0013523630280387828,0.008223591067883711,0.0064253200897505585,0.006427808641936705,0.005094520097853913,-0.00408542713433685,0.003377529462688176,0.006427808641936705,0.0014382050028935323,0.008223591067883711,0.0064253200897505585,0.006427808641936705,0.005094520097853913,-0.00408542713433685,0.003377529462688176,0.006427808641936705,0.0015037514294997598,0.008223591067883711,0.0064253200897505585,0.006427808641936705,0.005094520097853913,,,,,,,,,-0.00408542713433685,0.003377529462688176,0.006427808641936705,0.001520440166861848,0.008223591067883711,0.0064253200897505585,0.006427808641936705,0.005094520097853913,-0.00408542713433685,0.003377529462688176,0.006427808641936705,0.0013828003628177982,0.008223591067883711,0.0064253200897505585,0.006427808641936705,0.005094520097853913,-0.00408542713433685,0.003377529462688176,0.006427808641936705,0.0014403475207012807,0.008223591067883711,0.0064253200897505585,0.006427808641936705,0.005094520097853913,,,,,,,,,-0.00408542713433685,0.003377529462688176,0.006427808641936705,0.0014834257255202947,0.008223591067883711,0.0064253200897505585,0.006427808641936705,0.005094520097853913,-0.00408542713433685,0.003377529462688176,0.006427808641936705,0.0014338349309880138,0.008223591067883711,0.0064253200897505585,0.006427808641936705,0.005094520097853913
2021-12,0.00825113419008094,0.00833333617657674,0.005290424676279937,0.011405774970852697,0.0010780319513594868,0.005290424676279937,0.005290424676279937,0.008060360572871364,,,,,,,,,0.00825113419008094,0.00833333617657674,0.005290424676279937,0.011490937937961515,0.0010780319513594868,0.005290424676279937,0.005290424676279937,0.008060360572871364,0.00825113419008094,0.00833333617657674,0.005290424676279937,0.011391113395800538,0.0010780319513594868,0.005290424676279937,0.005290424676279937,0.008060360572871364,0.018425613307161536,0.00833333617657674,0.005290424676279937,0.011380076241755197,0.0010780319513594868,0.005290424676279937,0.005290424676279937,0.008060360572871364,,,,,,,,,0.018425613307161536,0.00833333617657674,0.005290424676279937,0.011381816436122755,0.0010780319513594868,0.005290424676279937,0.005290424676279937,0.008060360572871364,0.018425613307161536,0.00833333617657674,0.005290424676279937,0.011514399230884157,0.0010780319513594868,0.005290424676279937,0.005290424676279937,0.008060360572871364,0.018425613307161536,0.00833333617657674,0.005290424676279937,0.011392654632049084,0.0010780319513594868,0.005290424676279937,0.005290424676279937,0.008060360572871364,,,,,,,,,0.018425613307161536,0.00833333617657674,0.005290424676279937,0.011348459046672229,0.0010780319513594868,0.005290424676279937,0.005290424676279937,0.008060360572871364,0.018425613307161536,0.00833333617657674,0.005290424676279937,0.01138626371547882,0.0010780319513594868,0.005290424676279937,0.005290424676279937,0.008060360572871364
2022-01,-0.02895530785919047,-0.07232251372922631,-0.09824179325918792,-0.0638811403428034,-0.06739749225475407,-0.09824179325918792,-0.09824179325918792,-0.09009662251249557,,,,,,,,,-0.02895530785919047,-0.07232251372922631,-0.09824179325918792,-0.06477314364301079,-0.06739749225475407,-0.09824179325918792,-0.09824179325918792,-0.09009662251249557,-0.02895530785919047,-0.07232251372922631,-0.09824179325918792,-0.06454554651193051,-0.06739749225475407,-0.09824179325918792,-0.09824179325918792,-0.09009662251249557,-0.05777975398999391,-0.07232251372922631,-0.09824179325918792,-0.0664404209771752,-0.06739749225475407,-0.09824179325918792,-0.09824179325918792,-0.09009662251249557,,,,,,,,,-0.05777975398999391,-0.07232251372922631,-0.09824179325918792,-0.06888400707337734,-0.06739749225475407,-0.09824179325918792,-0.09824179325918792,-0.09009662251249557,-0.05777975398999391,-0.07232251372922631,-0.09824179325918792,-0.06623499048373493,-0.06739749225475407,-0.09824179325918792,-0.09824179325918792,-0.09009662251249557,-0.02909542548197927,-0.07232251372922631,-0.09824179325918792,-0.06391899026563017,-0.06739749225475407,-0.09824179325918792,-0.09824179325918792,-0.09009662251249557,,,,,,,,,-0.02909542548197927,-0.07232251372922631,-0.09824179325918792,-0.06455610340499776,-0.06739749225475407,-0.09824179325918792,-0.09824179325918792,-0.09009662251249557,-0.02909542548197927,-0.07232251372922631,-0.09824179325918792,-0.0640004783934061,-0.06739749225475407,-0.09824179325918792,-0.09824179325918792,-0.09009662251249557
2022-02,0.005444776849110472,-0.01565099395566908,-0.03454765299111817,-0.010379431022086919,-0.021947083243420564,-0.031961461716078936,-0.004421797409783668,-0.024971967644347313,,,,,,,,,0.005444776849110472,-0.01565099395566908,-0.03454765299111817,-0.010798317075390385,-0.021947083243420564,-0.031961461716078936,-0.004421797409783668,-0.024971967644347313,0.005444776849110472,-0.01565099395566908,-0.03454765299111817,-0.010774041526959221,-0.021947083243420564,-0.031961461716078936,-0.004421797409783668,-0.024971967644347313,0.0017330562429800024,-0.01565099395566908,-0.03454765299111817,-0.01179561222694859,-0.021947083243420564,-0.031961461716078936,-0.004421797409783668,-0.024971967644347313,,,,,,,,,0.0017330562429800024,-0.01565099395566908,-0.03454765299111817,-0.013188881855268718,-0.021947083243420564,-0.031961461716078936,-0.004421797409783668,-0.024971967644347313,0.0017330562429800024,-0.01565099395566908,-0.03454765299111817,-0.01153895210881513,-0.021947083243420564,-0.031961461716078936,-0.004421797409783668,-0.024971967644347313,0.005444776849110472,-0.01565099395566908,-0.03454765299111817,-0.010400618687802166,-0.021947083243420564,-0.031961461716078936,-0.004421797409783668,-0.024971967644347313,,,,,,,,,0.005444776849110472,-0.01565099395566908,-0.03454765299111817,-0.010811883168961492,-0.021947083243420564,-0.031961461716078936,-0.004421797409783668,-0.024971967644347313,0.005444776849110472,-0.01565099395566908,-0.03454765299111817,-0.010475839349132739,-0.021947083243420564,-0.031961461716078936,-0.004421797409783668,-0.024971967644347313
2022-03,0.010058715091778431,0.021753469588482222,0.03135515613866113,0.021495392677368434,0.002568751022533705,0.026302290719752555,-0.01401755177870534,0.029491314562183953,,,,,,,,,0.010058715091778431,0.021753469588482222,0.03135515613866113,0.021815132966883578,0.002568751022533705,0.026302290719752555,-0.01401755177870534,0.029491314562183953,0.010058715091778431,0.021753469588482222,0.03135515613866113,0.02167043426672223,0.002568751022533705,0.026302290719752555,-0.01401755177870534,0.029491314562183953,0.0099175496324382,0.021753469588482222,0.03135515613866113,0.02212995935025227,0.002568751022533705,0.026302290719752555,-0.01401755177870534,0.029491314562183953,,,,,,,,,0.0099175496324382,0.021753469588482222,0.03135515613866113,0.02281951521421391,0.002568751022533705,0.026302290719752555,-0.01401755177870534,0.029491314562183953,0.0099175496324382,0.021753469588482222,0.03135515613866113,0.02218311629041695,0.002568751022533705,0.026302290719752555,-0.01401755177870534,0.029491314562183953,0.010058715091778431,0.021753469588482222,0.03135515613866113,0.021482495182607527,0.002568751022533705,0.026302290719752555,-0.01401755177870534,0.029491314562183953,,,,,,,,,0.010058715091778431,0.021753469588482222,0.03135515613866113,0.02162688500875333,0.002568751022533705,0.026302290719752555,-0.01401755177870534,0.029491314562183953,0.010058715091778431,0.021753469588482222,0.03135515613866113,0.021520146167624384,0.002568751022533705,0.026302290719752555,-0.01401755177870534,0.029491314562183953
2022-04,-0.06713151668513433,-0.07947845563043128,-0.10803849126506126,-0.06995051523805333,-0.08173797028305735,-0.09578499168726555,-0.0049693966711961135,-0.09930510135402233,,,,,,,,,-0.06713151668513433,-0.07947845563043128,-0.10803849126506126,-0.07113457001094572,-0.08173797028305735,-0.09578499168726555,-0.0049693966711961135,-0.09930510135402233,-0.06713151668513433,-0.07947845563043128,-0.10803849126506126,-0.07077685170420794,-0.08173797028305735,-0.09578499168726555,-0.0049693966711961135,-0.09930510135402233,-0.0240195387238544,-0.07947845563043128,-0.10803849126506126,-0.07313950588399154,-0.08173797028305735,-0.09578499168726555,-0.0049693966711961135,-0.09930510135402233,,,,,,,,,-0.0240195387238544,-0.07947845563043128,-0.10803849126506126,-0.07621846480256268,-0.08173797028305735,-0.09578499168726555,-0.0049693966711961135,-0.09930510135402233,-0.0240195387238544,-0.07947845563043128,-0.10803849126506126,-0.07297700694591439,-0.08173797028305735,-0.09578499168726555,-0.0049693966711961135,-0.09930510135402233,-0.0240195387238544,-0.07947845563043128,-0.10803849126506126,-0.06998564553734667,-0.08173797028305735,-0.09578499168726555,-0.0049693966711961135,-0.09930510135402233,,,,,,,,,-0.0240195387238544,-0.07947845563043128,-0.10803849126506126,-0.07075680118191709,-0.08173797028305735,-0.09578499168726555,-0.0049693966711961135,-0.09930510135402233,-0.0240195387238544,-0.07947845563043128,-0.10803849126506126,-0.07008863987364158,-0.08173797028305735,-0.09578499168726555,-0.0049693966711961135,-0.09930510135402233
2022-05,-0.009878083379841507,-0.009122436714818832,-0.007317480328830839,-0.00852122992495649,-0.0019186363243820861,-0.004342503185149737,0.0059619535198838225,-0.00984815274336839,,,,,,,,,-0.009878083379841507,-0.009122436714818832,-0.007317480328830839,-0.00843935375213063,-0.0019186363243820861,-0.004342503185149737,0.0059619535198838225,-0.00984815274336839,-0.009878083379841507,-0.009122436714818832,-0.007317480328830839,-0.008464227275142438,-0.0019186363243820861,-0.004342503185149737,0.0059619535198838225,-0.00984815274336839,-0.01081131810678072,-0.009122436714818832,-0.007317480328830839,-0.008370079005860542,-0.0019186363243820861,-0.004342503185149737,0.0059619535198838225,-0.00984815274336839,,,,,,,,,-0.01081131810678072,-0.009122436714818832,-0.007317480328830839,-0.00815671299650049,-0.0019186363243820861,-0.004342503185149737,0.0059619535198838225,-0.00984815274336839,-0.01081131810678072,-0.009122436714818832,-0.007317480328830839,-0.00837850223793856,-0.0019186363243820861,-0.004342503185149737,0.0059619535198838225,-0.00984815274336839,-0.010017694345452983,-0.009122436714818832,-0.007317480328830839,-0.008532638621959824,-0.0019186363243820861,-0.004342503185149737,0.0059619535198838225,-0.00984815274336839,,,,,,,,,-0.010017694345452983,-0.009122436714818832,-0.007317480328830839,-0.008478544209299284,-0.0019186363243820861,-0.004342503185149737,0.0059619535198838225,-0.00984815274336839,-0.010017694345452983,-0.009122436714818832,-0.007317480328830839,-0.008504313055927946,-0.0019186363243820861,-0.004342503185149737,0.0059619535198838225,-0.00984815274336839
2022-06,-0.05860423252839057,-0.058100404247557184,-0.07837056356375771,-0.05607996416619122,-0.05047648162228613,-0.06211811174384583,-0.005943187358459112,-0.07209970226141624,,,,,,,,,-0.05860423252839057,-0.058100404247557184,-0.07837056356375771,-0.05704610198887481,-0.05047648162228613,-0.06211811174384583,-0.005943187358459112,-0.07209970226141624,-0.05860423252839057,-0.058100404247557184,-0.07837056356375771,-0.05669101546772869,-0.05047648162228613,-0.06211811174384583,-0.005943187358459112,-0.07209970226141624,-0.019779007710165705,-0.058100404247557184,-0.07837056356375771,-0.05839160516893065,-0.05047648162228613,-0.06211811174384583,-0.005943187358459112,-0.07209970226141624,,,,,,,,,-0.019779007710165705,-0.058100404247557184,-0.07837056356375771,-0.060717368193175046,-0.05047648162228613,-0.06211811174384583,-0.005943187358459112,-0.07209970226141624,-0.019779007710165705,-0.058100404247557184,-0.07837056356375771,-0.058386251540271356,-0.05047648162228613,-0.06211811174384583,-0.005943187358459112,-0.07209970226141624,-0.05860423252839057,-0.058100404247557184,-0.07837056356375771,-0.056080678453178025,-0.05047648162228613,-0.06211811174384583,-0.005943187358459112,-0.07209970226141624,,,,,,,,,-0.05860423252839057,-0.058100404247557184,-0.07837056356375771,-0.05662590715663765,-0.05047648162228613,-0.06211811174384583,-0.005943187358459112,-0.07209970226141624,-0.05860423252839057,-0.058100404247557184,-0.07837056356375771,-0.05617539811666172,-0.05047648162228613,-0.06211811174384583,-0.005943187358459112,-0.07209970226141624
2022-07,0.05500981988283303,0.06936840230456749,0.10376760939147656,0.06448619627156751,0.07410472580262789,0.07966249464762282,0.004098732215808143,0.09080208845027019,,,,,,,,,0.05500981988283303,0.06936840230456749,0.10376760939147656,0.06557754470528374,0.07410472580262789,0.07966249464762282,0.004098732215808143,0.09080208845027019,0.05500981988283303,0.06936840230456749,0.10376760939147656,0.06530196994990309,0.07410472580262789,0.07966249464762282,0.004098732215808143,0.09080208845027019,0.054868660402923916,0.06936840230456749,0.10376760939147656,0.06752511772013581,0.07410472580262789,0.07966249464762282,0.004098732215808143,0.09080208845027019,,,,,,,,,0.054868660402923916,0.06936840230456749,0.10376760939147656,0.07052462321803332,0.07410472580262789,0.07966249464762282,0.004098732215808143,0.09080208845027019,0.054868660402923916,0.06936840230456749,0.10376760939147656,0.06727186726252968,0.07410472580262789,0.07966249464762282,0.004098732215808143,0.09080208845027019,0.02292098675445788,0.06936840230456749,0.10376760939147656,0.06451262198290654,0.07410472580262789,0.07966249464762282,0.004098732215808143,0.09080208845027019,,,,,,,,,0.02292098675445788,0.06936840230456749,0.10376760939147656,0.06529741593898843,0.07410472580262789,0.07966249464762282,0.004098732215808143,0.09080208845027019,0.02292098675445788,0.06936840230456749,0.10376760939147656,0.06464436309040027,0.07410472580262789,0.07966249464762282,0.004098732215808143,0.09080208845027019
2022-08,-0.03276866483675797,-0.029659632189230033,-0.03432483216802662,-0.028762022223618896,-0.036011830784314,-0.025325959012998202,-0.008100037733850263,-0.03383674690667811,,,,,,,,,-0.03276866483675797,-0.029659632189230033,-0.03432483216802662,-0.0291804790647226,-0.036011830784314,-0.025325959012998202,-0.008100037733850263,-0.03383674690667811,-0.03276866483675797,-0.029659632189230033,-0.03432483216802662,-0.0290042434748765,-0.036011830784314,-0.025325959012998202,-0.008100037733850263,-0.03383674690667811,-0.03276866483675797,-0.029659632189230033,-0.03432483216802662,-0.029728740150699044,-0.036011830784314,-0.025325959012998202,-0.008100037733850263,-0.03383674690667811,,,,,,,,,-0.03276866483675797,-0.029659632189230033,-0.03432483216802662,-0.030669083607220683,-0.036011830784314,-0.025325959012998202,-0.008100037733850263,-0.03383674690667811,-0.03276866483675797,-0.029659632189230033,-0.03432483216802662,-0.02976905638796035,-0.036011830784314,-0.025325959012998202,-0.008100037733850263,-0.03383674690667811,-0.012574852491188096,-0.029659632189230033,-0.03432483216802662,-0.02876615719041693,-0.036011830784314,-0.025325959012998202,-0.008100037733850263,-0.03383674690667811,,,,,,,,,-0.012574852491188096,-0.029659632189230033,-0.03432483216802662,-0.02897153457767404,-0.036011830784314,-0.025325959012998202,-0.008100037733850263,-0.03383674690667811,-0.012574852491188096,-0.029659632189230033,-0.03432483216802662,-0.028789837341355103,-0.036011830784314,-0.025325959012998202,-0.008100037733850263,-0.03383674690667811
2022-09,-0.057521891210816425,-0.059063536255570426,-0.07563196203212963,-0.05421387692776412,-0.06431921598789028,-0.05461571939016407,-0.011923696867254252,-0.0709569924582877,,,,,,,,,-0.057521891210816425,-0.059063536255570426,-0.07563196203212963,-0.05505297523812689,-0.06431921598789028,-0.05461571939016407,-0.011923696867254252,-0.0709569924582877,-0.057521891210816425,-0.059063536255570426,-0.07563196203212963,-0.054735283004196396,-0.06431921598789028,-0.05461571939016407,-0.011923696867254252,-0.0709569924582877,-0.057521891210816425,-0.059063536255570426,-0.07563196203212963,-0.05620185889472354,-0.06431921598789028,-0.05461571939016407,-0.011923696867254252,-0.0709569924582877,,,,,,,,,-0.057521891210816425,-0.059063536255570426,-0.07563196203212963,-0.05819410774471397,-0.06431921598789028,-0.05461571939016407,-0.011923696867254252,-0.0709569924582877,-0.057521891210816425,-0.059063536255570426,-0.07563196203212963,-0.05621507655528538,-0.06431921598789028,-0.05461571939016407,-0.011923696867254252,-0.0709569924582877,-0.022563340129394344,-0.059063536255570426,-0.07563196203212963,-0.054214999059475036,-0.06431921598789028,-0.05461571939016407,-0.011923696867254252,-0.0709569924582877,,,,,,,,,-0.022563340129394344,-0.059063536255570426,-0.07563196203212963,-0.0546758595125979,-0.06431921598789028,-0.05461571939016407,-0.011923696867254252,-0.0709569924582877,-0.022563340129394344,-0.059063536255570426,-0.07563196203212963,-0.05429174283405864,-0.06431921598789028,-0.05461571939016407,-0.011923696867254252,-0.0709569924582877
2022-10,0.009605896512575872,0.0402010818247344,0.06152516993856705,0.037413915965597205,0.03109844669021338,0.03998863903255142,-0.0012576224075562248,0.05358775928752484,,,,,,,,,0.009605896512575872,0.0402010818247344,0.06152516993856705,0.0381588089398577,0.03109844669021338,0.03998863903255142,-0.0012576224075562248,0.05358775928752484,0.009605896512575872,0.0402010818247344,0.06152516993856705,0.03792948449471739,0.03109844669021338,0.03998863903255142,-0.0012576224075562248,0.05358775928752484,0.03437989276434557,0.0402010818247344,0.06152516993856705,0.039311271702957985,0.03109844669021338,0.03998863903255142,-0.0012576224075562248,0.05358775928752484,,,,,,,,,0.03437989276434557,0.0402010818247344,0.06152516993856705,0.041236715973499906,0.03109844669021338,0.03998863903255142,-0.0012576224075562248,0.05358775928752484,0.03437989276434557,0.0402010818247344,0.06152516993856705,0.039220958024214866,0.03109844669021338,0.03998863903255142,-0.0012576224075562248,0.05358775928752484,0.009742828056639964,0.0402010818247344,0.06152516993856705,0.03741625078300196,0.03109844669021338,0.03998863903255142,-0.0012576224075562248,0.05358775928752484,,,,,,,,,0.009742828056639964,0.0402010818247344,0.06152516993856705,0.0378969314266416,0.03109844669021338,0.03998863903255142,-0.0012576224075562248,0.05358775928752484,0.009742828056639964,0.0402010818247344,0.06152516993856705,0.037509244453838755,0.03109844669021338,0.03998863903255142,-0.0012576224075562248,0.05358775928752484
2022-11,0.042058538436212725,0.04303856961343682,0.04306713470037793,0.042186305722344594,0.04028726767524371,0.030901093609115533,0.006937730437238665,0.04725160920034352,,,,,,,,,0.042058538436212725,0.04303856961343682,0.04306713470037793,0.042622983320463076,0.04028726767524371,0.030901093609115533,0.006937730437238665,0.04725160920034352,0.042058538436212725,0.04303856961343682,0.04306713470037793,0.042380045348648976,0.04028726767524371,0.030901093609115533,0.006937730437238665,0.04725160920034352,0.05332835723618088,0.04392401788838715,0.04306713470037793,0.04306280363765614,0.04028726767524371,0.030901093609115533,0.006937730437238665,0.04725160920034352,,,,,,,,,0.05332835723618088,0.04392401788838715,0.04306713470037793,0.04386816534664327,0.04028726767524371,0.030901093609115533,0.006937730437238665,0.04725160920034352,0.05332835723618088,0.04392401788838715,0.04306713470037793,0.04321858226287034,0.04028726767524371,0.030901093609115533,0.006937730437238665,0.04725160920034352,0.024618726400388088,0.04392401788838715,0.04306713470037793,0.042192362071874025,0.04028726767524371,0.030901093609115533,0.006937730437238665,0.04725160920034352,,,,,,,,,0.024618726400388088,0.04392401788838715,0.04306713470037793,0.04232630501001569,0.04028726767524371,0.030901093609115533,0.006937730437238665,0.04725160920034352,0.024618726400388088,0.04392401788838715,0.04306713470037793,0.04218423960538433,0.04028726767524371,0.030901093609115533,0.006937730437238665,0.04725160920034352
2022-12,-0.050251175617981564,-0.040445409398100075,-0.06426846271158826,-0.036700720202746846,-0.04451334435247212,-0.04086943350985029,-0.06436846271158826,-0.05491132754239758,,,,,,,,,-0.050251175617981564,-0.040445409398100075,-0.06426846271158826,-0.037358980764023345,-0.04451334435247212,-0.04086943350985029,-0.06436846271158826,-0.05491132754239758,-0.050251175617981564,-0.040445409398100075,-0.06426846271158826,-0.037198296120218036,-0.04451334435247212,-0.04086943350985029,-0.06436846271158826,-0.05491132754239758,-0.029670547934993612,-0.0404165298937589,-0.06426846271158826,-0.038506958842948594,-0.04451334435247212,-0.04086943350985029,-0.06436846271158826,-0.05491132754239758,,,,,,,,,-0.029670547934993612,-0.0404165298937589,-0.06426846271158826,-0.04033307525629287,-0.04451334435247212,-0.04086943350985029,-0.06436846271158826,-0.05491132754239758,-0.029670547934993612,-0.0404165298937589,-0.06426846271158826,-0.03834499702473528,-0.04451334435247212,-0.04086943350985029,-0.06436846271158826,-0.05491132754239758,-0.050362767186424726,-0.0404165298937589,-0.06426846271158826,-0.036708656262897314,-0.04451334435247212,-0.04086943350985029,-0.06436846271158826,-0.05491132754239758,,,,,,,,,-0.050362767186424726,-0.0404165298937589,-0.06426846271158826,-0.03719008891899746,-0.04451334435247212,-0.04086943350985029,-0.06436846271158826,-0.05491132754239758,-0.050362767186424726,-0.0404165298937589,-0.06426846271158826,-0.036803246998813856,-0.04451334435247212,-0.04086943350985029,-0.06436846271158826,-0.05491132754239758
2023-01,0.059041207998629906,0.053215822549546835,0.0620206064301243,0.050929957326623566,0.051535530811583956,0.04211332313133027,0.007661679590478021,0.06157691211306294,,,,,,,,,0.059041207998629906,0.053215822549546835,0.0620206064301243,0.051461432035475194,0.051535530811583956,0.04211332313133027,0.007661679590478021,0.06157691211306294,0.059041207998629906,0.053215822549546835,0.0620206064301243,0.05124654801235464,0.051535530811583956,0.04211332313133027,0.007661679590478021,0.06157691211306294,0.055500207412670276,0.053215822549546835,0.0620206064301243,0.052209554294452926,0.051535530811583956,0.04211332313133027,0.007661679590478021,0.06157691211306294,,,,,,,,,0.055500207412670276,0.053215822549546835,0.0620206064301243,0.0534301058091772,0.051535530811583956,0.04211332313133027,0.007661679590478021,0.06157691211306294,0.055500207412670276,0.053215822549546835,0.0620206064301243,0.0522423533428407,0.051535530811583956,0.04211332313133027,0.007661679590478021,0.06157691211306294,0.059041207998629906,0.053215822549546835,0.0620206064301243,0.05094130308008152,0.051535530811583956,0.04211332313133027,0.007661679590478021,0.06157691211306294,,,,,,,,,0.059041207998629906,0.053215822549546835,0.0620206064301243,0.051213896643601486,0.051535530811583956,0.04211332313133027,0.007661679590478021,0.06157691211306294,0.059041207998629906,0.053215822549546835,0.0620206064301243,0.05096658220034587,0.051535530811583956,0.04211332313133027,0.007661679590478021,0.06157691211306294
2023-02,-0.02587665835852198,-0.025556552101858226,-0.023279330541024046,-0.02466711479488543,-0.027051238018215722,-0.017788454971524197,-0.023379330541024045,-0.026319031419183913,,,,,,,,,-0.02587665835852198,-0.025556552101858226,-0.023279330541024046,-0.024913220704537734,-0.027051238018215722,-0.017788454971524197,-0.023379330541024045,-0.026319031419183913,-0.02587665835852198,-0.025556552101858226,-0.023279330541024046,-0.02475246559804429,-0.027051238018215722,-0.017788454971524197,-0.023379330541024045,-0.026319031419183913,-0.025920535203974696,-0.025556552101858226,-0.023279330541024046,-0.025064333801817898,-0.027051238018215722,-0.017788454971524197,-0.023379330541024045,-0.026319031419183913,,,,,,,,,-0.025920535203974696,-0.025556552101858226,-0.023279330541024046,-0.025447698517897067,-0.027051238018215722,-0.017788454971524197,-0.023379330541024045,-0.026319031419183913,-0.025920535203974696,-0.025556552101858226,-0.023279330541024046,-0.025199646876448645,-0.027051238018215722,-0.017788454971524197,-0.023379330541024045,-0.026319031419183913,-0.02587665835852198,-0.025556552101858226,-0.023279330541024046,-0.024662548216538786,-0.027051238018215722,-0.017788454971524197,-0.023379330541024045,-0.026319031419183913,,,,,,,,,-0.02587665835852198,-0.025556552101858226,-0.023279330541024046,-0.024706177024992268,-0.027051238018215722,-0.017788454971524197,-0.023379330541024045,-0.026319031419183913,-0.02587665835852198,-0.025556552101858226,-0.023279330541024046,-0.02465805985334144,-0.027051238018215722,-0.017788454971524197,-0.023379330541024045,-0.026319031419183913
2023-03,0.051979517598095666,0.051164984539601915,0.05259930766413046,0.04779896367956367,0.04644349354811455,0.039675330788787856,0.05259930766413046,0.05525522418048283,,,,,,,,,0.051979517598095666,0.051164984539601915,0.05259930766413046,0.04813397284888871,0.04644349354811455,0.039675330788787856,0.05259930766413046,0.05525522418048283,0.051979517598095666,0.051164984539601915,0.05259930766413046,0.04796752366188247,0.04644349354811455,0.039675330788787856,0.05259930766413046,0.05525522418048283,0.051979517598095666,0.051164984539601915,0.05259930766413046,0.04855279583095998,0.04644349354811455,0.039675330788787856,0.05259930766413046,0.05525522418048283,,,,,,,,,0.051979517598095666,0.051164984539601915,0.05259930766413046,0.04922957528305622,0.04644349354811455,0.039675330788787856,0.05259930766413046,0.05525522418048283,0.051979517598095666,0.051164984539601915,0.05259930766413046,0.04863256505186699,0.04644349354811455,0.039675330788787856,0.05259930766413046,0.05525522418048283,0.051979517598095666,0.051164984539601915,0.05259930766413046,0.047810384941660344,0.04644349354811455,0.039675330788787856,0.05259930766413046,0.05525522418048283,,,,,,,,,0.051979517598095666,0.051164984539601915,0.05259930766413046,0.04793976831328574,0.04644349354811455,0.039675330788787856,0.05259930766413046,0.05525522418048283,0.051979517598095666,0.051164984539601915,0.05259930766413046,0.0478039184516064,0.04644349354811455,0.039675330788787856,0.05259930766413046,0.05525522418048283
2023-04,0.0030935185606095336,0.003434764231110947,0.002537453340251794,0.003056023860493613,0.004781260867663804,0.0024990346827492666,0.002537453340251794,0.003145833731370186,,,,,,,,,0.0030935185606095336,0.003434764231110947,0.002537453340251794,0.003063688863207577,0.004781260867663804,0.0024990346827492666,0.002537453340251794,0.003145833731370186,0.0030935185606095336,0.003434764231110947,0.002537453340251794,0.003056156196736201,0.004781260867663804,0.0024990346827492666,0.002537453340251794,0.003145833731370186,0.0030935185606095336,0.003434764231110947,0.002537453340251794,0.0030738852398661076,0.004781260867663804,0.0024990346827492666,0.002537453340251794,0.003145833731370186,,,,,,,,,0.0030935185606095336,0.003434764231110947,0.002537453340251794,0.00307816816328392,0.004781260867663804,0.0024990346827492666,0.002537453340251794,0.003145833731370186,0.0030935185606095336,0.003434764231110947,0.002537453340251794,0.0030825532830085437,0.004781260867663804,0.0024990346827492666,0.002537453340251794,0.003145833731370186,0.0030935185606095336,0.003434764231110947,0.002537453340251794,0.003058190853876974,0.004781260867663804,0.0024990346827492666,0.002537453340251794,0.003145833731370186,,,,,,,,,0.0030935185606095336,0.003434764231110947,0.002537453340251794,0.003055955735662639,0.004781260867663804,0.0024990346827492666,0.002537453340251794,0.003145833731370186,0.0030935185606095336,0.003434764231110947,0.002537453340251794,0.003053210501805789,0.004781260867663804,0.0024990346827492666,0.002537453340251794,0.003145833731370186
2023-05,0.04135188029618852,0.035856328396264785,0.05490670882658466,0.030597301366846703,0.027190563689550647,0.03802071998323741,0.05490670882658466,0.048073994333193995,,,,,,,,,0.04135188029618852,0.035856328396264785,0.05490670882658466,0.030984654802810326,0.027190563689550647,0.03802071998323741,0.05490670882658466,0.048073994333193995,0.04135188029618852,0.035856328396264785,0.05490670882658466,0.030946207798077476,0.027190563689550647,0.03802071998323741,0.05490670882658466,0.048073994333193995,0.04135188029618852,0.035856328396264785,0.05490670882658466,0.03189778481336492,0.027190563689550647,0.03802071998323741,0.05490670882658466,0.048073994333193995,,,,,,,,,0.04135188029618852,0.035856328396264785,0.05490670882658466,0.03313820534285387,0.027190563689550647,0.03802071998323741,0.05490670882658466,0.048073994333193995,0.04135188029618852,0.035856328396264785,0.05490670882658466,0.03169027222467552,0.027190563689550647,0.03802071998323741,0.05490670882658466,0.048073994333193995,0.04135188029618852,0.035856328396264785,0.05490670882658466,0.030622729474706116,0.027190563689550647,0.03802071998323741,0.05490670882658466,0.048073994333193995,,,,,,,,,0.04135188029618852,0.035856328396264785,0.05490670882658466,0.030980879270170913,0.027190563689550647,0.03802071998323741,0.05490670882658466,0.048073994333193995,0.04135188029618852,0.035856328396264785,0.05490670882658466,0.030675142961070132,0.027190563689550647,0.03802071998323741,0.05490670882658466,0.048073994333193995
2023-06,0.05463281949584819,0.044115883506674496,0.06884448583868319,0.039147629498023674,0.03628409344593154,0.046248829092462876,0.06884448583868319,0.059738079915934626,,,,,,,,,0.05463281949584819,0.044115883506674496,0.06884448583868319,0.03996496559806563,0.03628409344593154,0.046248829092462876,0.06884448583868319,0.059738079915934626,0.05463281949584819,0.044115883506674496,0.06884448583868319,0.039729476686713845,0.03628409344593154,0.046248829092462876,0.06884448583868319,0.059738079915934626,0.05463281949584819,0.044115883506674496,0.06884448583868319,0.041297263162919956,0.03628409344593154,0.046248829092462876,0.06884448583868319,0.059738079915934626,,,,,,,,,0.05463281949584819,0.044115883506674496,0.06884448583868319,0.04345762138733234,0.03628409344593154,0.046248829092462876,0.06884448583868319,0.059738079915934626,0.05463281949584819,0.044115883506674496,0.06884448583868319,0.041165918389293704,0.03628409344593154,0.046248829092462876,0.06884448583868319,0.059738079915934626,0.05463281949584819,0.044115883506674496,0.06884448583868319,0.0391560500835965,0.03628409344593154,0.046248829092462876,0.06884448583868319,0.059738079915934626,,,,,,,,,0.05463281949584819,0.044115883506674496,0.06884448583868319,0.03970501498884769,0.03628409344593154,0.046248829092462876,0.06884448583868319,0.059738079915934626,0.05463281949584819,0.044115883506674496,0.06884448583868319,0.039257325142959695,0.03628409344593154,0.046248829092462876,0.06884448583868319,0.059738079915934626
2023-07,0.031722624959208086,0.02866744644869288,0.03539971744729975,0.027677571273623105,0.018631167648337183,0.027174042704731418,0.03539971744729975,0.0341476366121843,,,,,,,,,0.031722624959208086,0.02866744644869288,0.03539971744729975,0.028042297935102687,0.018631167648337183,0.027174042704731418,0.03539971744729975,0.0341476366121843,0.031722624959208086,0.02866744644869288,0.03539971744729975,0.027872404761235446,0.018631167648337183,0.027174042704731418,0.03539971744729975,0.0341476366121843,0.031722624959208086,0.02866744644869288,0.03539971744729975,0.028408026160361456,0.018631167648337183,0.027174042704731418,0.03539971744729975,0.0341476366121843,,,,,,,,,0.031722624959208086,0.02866744644869288,0.03539971744729975,0.029179984820660924,0.018631167648337183,0.027174042704731418,0.03539971744729975,0.0341476366121843,0.031722624959208086,0.02866744644869288,0.03539971744729975,0.028477332945375525,0.018631167648337183,0.027174042704731418,0.03539971744729975,0.0341476366121843,0.031722624959208086,0.02866744644869288,0.03539971744729975,0.027666498093288316,0.018631167648337183,0.027174042704731418,0.03539971744729975,0.0341476366121843,,,,,,,,,0.031722624959208086,0.02866744644869288,0.03539971744729975,0.027824376513514996,0.018631167648337183,0.027174042704731418,0.03539971744729975,0.0341476366121843,0.031722624959208086,0.02866744644869288,0.03539971744729975,0.027701381509268118,0.018631167648337183,0.027174042704731418,0.03539971744729975,0.0341476366121843
2023-08,-0.009500086185508355,-0.008656427714186407,-0.010506878908991046,-0.00709629812182826,-0.009228730045333283,-0.008011411119608555,-0.010506878908991046,-0.010734063422973299,,,,,,,,,-0.009500086185508355,-0.008656427714186407,-0.010506878908991046,-0.007282803192353342,-0.009228730045333283,-0.008011411119608555,-0.010506878908991046,-0.010734063422973299,-0.009500086185508355,-0.008656427714186407,-0.010506878908991046,-0.007197644244034589,-0.009228730045333283,-0.008011411119608555,-0.010506878908991046,-0.010734063422973299,-0.009500086185508355,-0.008656427714186407,-0.010506878908991046,-0.00750945106006991,-0.009228730045333283,-0.008011411119608555,-0.010506878908991046,-0.010734063422973299,,,,,,,,,-0.009500086185508355,-0.008656427714186407,-0.010506878908991046,-0.007908863510079255,-0.009228730045333283,-0.008011411119608555,-0.010506878908991046,-0.010734063422973299,-0.009500086185508355,-0.008656427714186407,-0.010506878908991046,-0.007540263315542726,-0.009228730045333283,-0.008011411119608555,-0.010506878908991046,-0.010734063422973299,-0.009500086185508355,-0.008656427714186407,-0.010506878908991046,-0.007097757270125275,-0.009228730045333283,-0.008011411119608555,-0.010506878908991046,-0.010734063422973299,,,,,,,,,-0.009500086185508355,-0.008656427714186407,-0.010506878908991046,-0.0071803311802783685,-0.009228730045333283,-0.008011411119608555,-0.010506878908991046,-0.010734063422973299,-0.009500086185508355,-0.008656427714186407,-0.010506878908991046,-0.007105523840399604,-0.009228730045333283,-0.008011411119608555,-0.010506878908991046,-0.010734063422973299
2023-09,-0.053972611013511765,-0.048908037261856066,-0.05949779639664743,-0.04432492548813764,-0.048253921042468916,-0.05100733605080769,-0.05949779639664743,-0.05830862352864821,,,,,,,,,-0.053972611013511765,-0.048908037261856066,-0.05949779639664743,-0.044912479533464306,-0.048253921042468916,-0.05100733605080769,-0.05949779639664743,-0.05830862352864821,-0.053972611013511765,-0.048908037261856066,-0.05949779639664743,-0.04469047907993804,-0.048253921042468916,-0.05100733605080769,-0.05949779639664743,-0.05830862352864821,-0.053972611013511765,-0.048908037261856066,-0.05949779639664743,-0.04579358622338149,-0.048253921042468916,-0.05100733605080769,-0.05949779639664743,-0.05830862352864821,,,,,,,,,-0.053972611013511765,-0.048908037261856066,-0.05949779639664743,-0.047189027217074846,-0.048253921042468916,-0.05100733605080769,-0.05949779639664743,-0.05830862352864821,-0.053972611013511765,-0.048908037261856066,-0.05949779639664743,-0.04579917254747233,-0.048253921042468916,-0.05100733605080769,-0.05949779639664743,-0.05830862352864821,-0.053972611013511765,-0.048908037261856066,-0.05949779639664743,-0.04434085347905832,-0.048253921042468916,-0.05100733605080769,-0.05949779639664743,-0.05830862352864821,,,,,,,,,-0.053972611013511765,-0.048908037261856066,-0.05949779639664743,-0.04466312823764316,-0.048253921042468916,-0.05100733605080769,-0.05949779639664743,-0.05830862352864821,-0.053972611013511765,-0.048908037261856066,-0.05949779639664743,-0.044371543884270136,-0.048253921042468916,-0.05100733605080769,-0.05949779639664743,-0.05830862352864821
2023-10,-0.013026417147745778,-0.005377961784091891,-0.024193477124137996,-0.002127995571110916,-0.022227877423932115,-0.021460928343815956,-0.024193477124137996,-0.014401831509080365,,,,,,,,,-0.013026417147745778,-0.005377961784091891,-0.024193477124137996,-0.0026157592606853466,-0.022227877423932115,-0.021460928343815956,-0.024193477124137996,-0.014401831509080365,-0.013026417147745778,-0.005377961784091891,-0.024193477124137996,-0.0025261199228577085,-0.022227877423932115,-0.021460928343815956,-0.024193477124137996,-0.014401831509080365,-0.013026417147745778,-0.005377961784091891,-0.024193477124137996,-0.003513886198446811,-0.022227877423932115,-0.021460928343815956,-0.024193477124137996,-0.014401831509080365,,,,,,,,,-0.013026417147745778,-0.005377961784091891,-0.024193477124137996,-0.004954915720937423,-0.022227877423932115,-0.021460928343815956,-0.024193477124137996,-0.014401831509080365,-0.013026417147745778,-0.005377961784091891,-0.024193477124137996,-0.0033378755392837298,-0.022227877423932115,-0.021460928343815956,-0.024193477124137996,-0.014401831509080365,-0.013026417147745778,-0.005377961784091891,-0.024193477124137996,-0.002129306665662245,-0.022227877423932115,-0.021460928343815956,-0.024193477124137996,-0.014401831509080365,,,,,,,,,-0.013026417147745778,-0.005377961784091891,-0.024193477124137996,-0.002526367439568437,-0.022227877423932115,-0.021460928343815956,-0.024193477124137996,-0.014401831509080365,-0.013026417147745778,-0.005377961784091891,-0.024193477124137996,-0.002221455569867951,-0.022227877423932115,-0.021460928343815956,-0.024193477124137996,-0.014401831509080365
2023-11,0.1008615755458679,0.08713676021487744,0.11680437886195882,0.07868620555949177,0.0883003094999559,0.10742222365725793,0.11680437886195882,0.10765441940528966,,,,,,,,,0.1008615755458679,0.08713676021487744,0.11680437886195882,0.07985152662757944,0.0883003094999559,0.10742222365725793,0.11680437886195882,0.10765441940528966,0.1008615755458679,0.08713676021487744,0.11680437886195882,0.07949868370900398,0.0883003094999559,0.10742222365725793,0.11680437886195882,0.10765441940528966,0.1008615755458679,0.08713676021487744,0.11680437886195882,0.08180099938823256,0.0883003094999559,0.10742222365725793,0.11680437886195882,0.10765441940528966,,,,,,,,,0.1008615755458679,0.08713676021487744,0.11680437886195882,0.08482919960818962,0.0883003094999559,0.10742222365725793,0.11680437886195882,0.10765441940528966,0.1008615755458679,0.08713676021487744,0.11680437886195882,0.08164339365602681,0.0883003094999559,0.10742222365725793,0.11680437886195882,0.10765441940528966,0.1008615755458679,0.08713676021487744,0.11680437886195882,0.07871639615591422,0.0883003094999559,0.10742222365725793,0.11680437886195882,0.10765441940528966,,,,,,,,,0.1008615755458679,0.08713676021487744,0.11680437886195882,0.07947458764156327,0.0883003094999559,0.10742222365725793,0.11680437886195882,0.10765441940528966,0.1008615755458679,0.08713676021487744,0.11680437886195882,0.07882409999550345,0.0883003094999559,0.10742222365725793,0.11680437886195882,0.10765441940528966
2023-12,0.04114407546998091,0.03566354126156826,0.045838779888836445,0.03220556904408938,0.04259090137314467,0.03794763065906505,0.045838779888836445,0.04253627674877102,,,,,,,,,0.04114407546998091,0.03566354126156826,0.045838779888836445,0.03265110988866136,0.04259090137314467,0.03794763065906505,0.045838779888836445,0.04253627674877102,0.04114407546998091,0.03566354126156826,0.045838779888836445,0.032523422231884064,0.04259090137314467,0.03794763065906505,0.045838779888836445,0.04253627674877102,0.04114407546998091,0.03566354126156826,0.045838779888836445,0.03344011139681062,0.04259090137314467,0.03794763065906505,0.045838779888836445,0.04253627674877102,,,,,,,,,0.04114407546998091,0.03566354126156826,0.045838779888836445,0.03461908332483904,0.04259090137314467,0.03794763065906505,0.045838779888836445,0.04253627674877102,0.04114407546998091,0.03566354126156826,0.045838779888836445,0.033364937919393586,0.04259090137314467,0.03794763065906505,0.045838779888836445,0.04253627674877102,0.044437207761665674,0.04581069007912106,0.045838779888836445,0.032222404910760255,0.04259090137314467,0.03794763065906505,0.045838779888836445,0.04253627674877102,,,,,,,,,0.044437207761665674,0.04581069007912106,0.045838779888836445,0.03252173174447733,0.04259090137314467,0.03794763065906505,0.045838779888836445,0.04253627674877102,0.044437207761665674,0.04581069007912106,0.045838779888836445,0.032259132744200704,0.04259090137314467,0.03794763065906505,0.045838779888836445,0.04253627674877102
2024-01,0.029733956364924565,0.025501267242365316,0.038801169314659045,0.023068475825886798,0.02357102556721638,0.03399799552430964,0.038801169314659045,0.03349794930947081,,,,,,,,,0.029733956364924565,0.025501267242365316,0.038801169314659045,0.023353603775111715,0.02357102556721638,0.03399799552430964,0.038801169314659045,0.03349794930947081,0.029733956364924565,0.025501267242365316,0.038801169314659045,0.023304376936105525,0.02357102556721638,0.03399799552430964,0.038801169314659045,0.03349794930947081,0.029733956364924565,0.025501267242365316,0.038801169314659045,0.023909743543105128,0.02357102556721638,0.03399799552430964,0.038801169314659045,0.03349794930947081,,,,,,,,,0.029733956364924565,0.025501267242365316,0.038801169314659045,0.024761296854618094,0.02357102556721638,0.03399799552430964,0.038801169314659045,0.03349794930947081,0.029733956364924565,0.025501267242365316,0.038801169314659045,0.023799855009403,0.02357102556721638,0.03399799552430964,0.038801169314659045,0.03349794930947081,0.029724165751309765,0.025471954851466878,0.038801169314659045,0.023073960917210156,0.02357102556721638,0.03399799552430964,0.038801169314659045,0.03349794930947081,,,,,,,,,0.029724165751309765,0.025471954851466878,0.038801169314659045,0.02331005523558283,0.02357102556721638,0.03399799552430964,0.038801169314659045,0.03349794930947081,0.029724165751309765,0.025471954851466878,0.038801169314659045,0.023122194227348045,0.02357102556721638,0.03399799552430964,0.038801169314659045,0.03349794930947081
2024-02,0.04988597781153464,0.062492266626061485,0.08912852119817427,0.05543395289661138,0.045145642238150964,0.07833521596893954,0.08912852119817427,0.08067156208547298,,,,,,,,,0.04988597781153464,0.062492266626061485,0.08912852119817427,0.05625132659746852,0.045145642238150964,0.07833521596893954,0.08912852119817427,0.08067156208547298,0.04988597781153464,0.062492266626061485,0.08912852119817427,0.05603296004923247,0.045145642238150964,0.07833521596893954,0.08912852119817427,0.08067156208547298,0.07206170777272954,0.062492266626061485,0.08912852119817427,0.057693879931705196,0.045145642238150964,0.07833521596893954,0.08912852119817427,0.08067156208547298,,,,,,,,,0.07206170777272954,0.062492266626061485,0.08912852119817427,0.05990454618235589,0.045145642238150964,0.07833521596893954,0.08912852119817427,0.08067156208547298,0.07206170777272954,0.062492266626061485,0.08912852119817427,0.057526871201646367,0.045145642238150964,0.07833521596893954,0.08912852119817427,0.08067156208547298,0.08050905895321618,0.08909942899265288,0.08912852119817427,0.05545625177999268,0.045145642238150964,0.07833521596893954,0.08912852119817427,0.08067156208547298,,,,,,,,,0.08050905895321618,0.08909942899265288,0.08912852119817427,0.056027577216917396,0.045145642238150964,0.07833521596893954,0.08912852119817427,0.08067156208547298,0.08050905895321618,0.08909942899265288,0.08912852119817427,0.05554494904623172,0.045145642238150964,0.07833521596893954,0.08912852119817427,0.08067156208547298
2024-03,0.02086118124980947,0.02199881707601565,0.0220270622654255,0.03088562649731403,0.0161465428473402,0.019635657705596558,0.0220270622654255,0.028491975615463707,,,,,,,,,0.02086118124980947,0.02199881707601565,0.0220270622654255,0.030887752488225992,0.0161465428473402,0.019635657705596558,0.0220270622654255,0.028491975615463707,0.02086118124980947,0.02199881707601565,0.0220270622654255,0.030792119867721283,0.0161465428473402,0.019635657705596558,0.0220270622654255,0.028491975615463707,0.027377927019617748,0.028935029639868225,0.0220270622654255,0.030640140273153847,0.0161465428473402,0.019635657705596558,0.0220270622654255,0.028491975615463707,,,,,,,,,0.027377927019617748,0.028935029639868225,0.0220270622654255,0.030363106222620756,0.0161465428473402,0.019635657705596558,0.0220270622654255,0.028491975615463707,0.027377927019617748,0.028935029639868225,0.0220270622654255,0.030824233326214475,0.0161465428473402,0.019635657705596558,0.0220270622654255,0.028491975615463707,0.0413815754579597,0.028906784450458377,0.0220270622654255,0.030880816466874458,0.0161465428473402,0.019635657705596558,0.0220270622654255,0.028491975615463707,,,,,,,,,0.0413815754579597,0.028906784450458377,0.0220270622654255,0.030753386484730198,0.0161465428473402,0.019635657705596558,0.0220270622654255,0.028491975615463707,0.0413815754579597,0.028906784450458377,0.0220270622654255,0.030839964264914397,0.0161465428473402,0.019635657705596558,0.0220270622654255,0.028491975615463707
2024-04,-0.0367841024625508,-0.029818861634807618,-0.04801518783583136,-0.024131646027663378,-0.041328454797838095,-0.04260042918272756,-0.04801518783583136,-0.04022473753009203,,,,,,,,,-0.0367841024625508,-0.029818861634807618,-0.04801518783583136,-0.024729512551911945,-0.041328454797838095,-0.04260042918272756,-0.04801518783583136,-0.04022473753009203,-0.0367841024625508,-0.029818861634807618,-0.04801518783583136,-0.024586226118506336,-0.041328454797838095,-0.04260042918272756,-0.04801518783583136,-0.04022473753009203,-0.03677480432340437,-0.029790075230323246,-0.04801518783583136,-0.02581090511851198,-0.041328454797838095,-0.04260042918272756,-0.04801518783583136,-0.04022473753009203,,,,,,,,,-0.03677480432340437,-0.029790075230323246,-0.04801518783583136,-0.02747700291655825,-0.041328454797838095,-0.04260042918272756,-0.04801518783583136,-0.04022473753009203,-0.03677480432340437,-0.029790075230323246,-0.04801518783583136,-0.02565747658410375,-0.041328454797838095,-0.04260042918272756,-0.04801518783583136,-0.04022473753009203,-0.03682087116786639,-0.029790075230323246,-0.04801518783583136,-0.024145346108155916,-0.041328454797838095,-0.04260042918272756,-0.04801518783583136,-0.04022473753009203,,,,,,,,,-0.03682087116786639,-0.029790075230323246,-0.04801518783583136,-0.024585770256928936,-0.041328454797838095,-0.04260042918272756,-0.04801518783583136,-0.04022473753009203,-0.03682087116786639,-0.029790075230323246,-0.04801518783583136,-0.024222634280772492,-0.041328454797838095,-0.04260042918272756,-0.04801518783583136,-0.04022473753009203
2024-05,0.052432223619196125,0.056423649133659416,0.056454964149312836,0.03852012623382806,0.041073096135019395,0.04662556241160746,0.056454964149312836,0.0524276581989368,,,,,,,,,0.052432223619196125,0.056423649133659416,0.056454964149312836,0.039048507136869415,0.041073096135019395,0.04662556241160746,0.056454964149312836,0.0524276581989368,0.052432223619196125,0.056423649133659416,0.056454964149312836,0.038885081360120734,0.041073096135019395,0.04662556241160746,0.056454964149312836,0.0524276581989368,0.04841564824717756,0.04302475808921558,0.056454964149312836,0.03991932799844509,0.041073096135019395,0.04662556241160746,0.056454964149312836,0.0524276581989368,,,,,,,,,0.04841564824717756,0.04302475808921558,0.056454964149312836,0.04128220245398043,0.041073096135019395,0.04662556241160746,0.056454964149312836,0.0524276581989368,0.04841564824717756,0.04302475808921558,0.056454964149312836,0.039854689887374804,0.041073096135019395,0.04662556241160746,0.056454964149312836,0.0524276581989368,0.04841564824717756,0.04302475808921558,0.056454964149312836,0.03853283361087516,0.041073096135019395,0.04662556241160746,0.056454964149312836,0.0524276581989368,,,,,,,,,0.04841564824717756,0.04302475808921558,0.056454964149312836,0.03887200506935782,0.041073096135019395,0.04662556241160746,0.056454964149312836,0.0524276581989368,0.04841564824717756,0.04302475808921558,0.056454964149312836,0.03858142076489869,0.041073096135019395,0.04662556241160746,0.056454964149312836,0.0524276581989368
2024-06,0.035516148966920943,0.04587127627919045,0.06469552424977776,0.040819864505356705,0.04368428358679264,0.05281571571099542,0.06469552424977776,0.05809092774586319,,,,,,,,,0.035516148966920943,0.04587127627919045,0.06469552424977776,0.041349862071558725,0.04368428358679264,0.05281571571099542,0.06469552424977776,0.05809092774586319,0.035516148966920943,0.04587127627919045,0.06469552424977776,0.041222642187181906,0.04368428358679264,0.05281571571099542,0.06469552424977776,0.05809092774586319,0.05210014641093464,0.04590037503386462,0.06469552424977776,0.04231825247627545,0.04368428358679264,0.05281571571099542,0.06469552424977776,0.05809092774586319,,,,,,,,,0.05210014641093464,0.04590037503386462,0.06469552424977776,0.043794513483620935,0.04368428358679264,0.05281571571099542,0.06469552424977776,0.05809092774586319,0.05210014641093464,0.04590037503386462,0.06469552424977776,0.042182247082114536,0.04368428358679264,0.05281571571099542,0.06469552424977776,0.05809092774586319,0.05210014641093464,0.04590037503386462,0.06469552424977776,0.04083405918040034,0.04368428358679264,0.05281571571099542,0.06469552424977776,0.05809092774586319,,,,,,,,,0.05210014641093464,0.04590037503386462,0.06469552424977776,0.04122407466668243,0.04368428358679264,0.05281571571099542,0.06469552424977776,0.05809092774586319,0.05210014641093464,0.04590037503386462,0.06469552424977776,0.04089932065836281,0.04368428358679264,0.05281571571099542,0.06469552424977776,0.05809092774586319
2024-07,0.0019184565806970688,-0.009442160045184125,-0.027515898179774845,-0.005768410553708519,-0.004921806758277446,-0.01979535702144527,-0.027515898179774845,-0.01939767377678613,,,,,,,,,0.0019184565806970688,-0.009442160045184125,-0.027515898179774845,-0.006142332637163675,-0.004921806758277446,-0.01979535702144527,-0.027515898179774845,-0.01939767377678613,0.0019184565806970688,-0.009442160045184125,-0.027515898179774845,-0.006079679025833224,-0.004921806758277446,-0.01979535702144527,-0.027515898179774845,-0.01939767377678613,-0.014294700659030588,-0.009442160045184125,-0.027515898179774845,-0.006839796455194729,-0.004921806758277446,-0.01979535702144527,-0.027515898179774845,-0.01939767377678613,,,,,,,,,-0.014294700659030588,-0.009442160045184125,-0.027515898179774845,-0.007962615254656613,-0.004921806758277446,-0.01979535702144527,-0.027515898179774845,-0.01939767377678613,-0.014294700659030588,-0.009442160045184125,-0.027515898179774845,-0.006693356684946892,-0.004921806758277446,-0.01979535702144527,-0.027515898179774845,-0.01939767377678613,0.007412941542678005,-0.009442160045184125,-0.027515898179774845,-0.00576830760891242,-0.004921806758277446,-0.01979535702144527,-0.027515898179774845,-0.01939767377678613,,,,,,,,,0.007412941542678005,-0.009442160045184125,-0.027515898179774845,-0.00608101824575785,-0.004921806758277446,-0.01979535702144527,-0.027515898179774845,-0.01939767377678613,0.007412941542678005,-0.009442160045184125,-0.027515898179774845,-0.005843751105179708,-0.004921806758277446,-0.01979535702144527,-0.027515898179774845,-0.01939767377678613
2024-08,0.028842557268878008,0.030359139876758773,0.030390417185424567,0.02292293281929039,0.023616012534937697,0.0255083652088754,0.030390417185424567,0.02944287934941538,,,,,,,,,0.028842557268878008,0.030359139876758773,0.030390417185424567,0.023195179107386745,0.023616012534937697,0.0255083652088754,0.030390417185424567,0.02944287934941538,0.028842557268878008,0.030359139876758773,0.030390417185424567,0.023104180187018323,0.023616012534937697,0.0255083652088754,0.030390417185424567,0.02944287934941538,0.02795054242060717,0.025748349551298205,0.030390417185424567,0.0236495684010751,0.023616012534937697,0.0255083652088754,0.030390417185424567,0.02944287934941538,,,,,,,,,0.02795054242060717,0.025748349551298205,0.030390417185424567,0.02433127356484954,0.023616012534937697,0.0255083652088754,0.030390417185424567,0.02944287934941538,0.02795054242060717,0.025748349551298205,0.030390417185424567,0.023628579179177694,0.023616012534937697,0.0255083652088754,0.030390417185424567,0.02944287934941538,0.02336037230945925,0.025748349551298205,0.030390417185424567,0.02293387651060665,0.023616012534937697,0.0255083652088754,0.030390417185424567,0.02944287934941538,,,,,,,,,0.02336037230945925,0.025748349551298205,0.030390417185424567,0.023099091426823974,0.023616012534937697,0.0255083652088754,0.030390417185424567,0.02944287934941538,0.02336037230945925,0.025748349551298205,0.030390417185424567,0.022948681074313144,0.023616012534937697,0.0255083652088754,0.030390417185424567,0.02944287934941538
2024-09,0.02171967844235269,0.022247660457592522,0.022247660457592522,0.024325183067812794,0.0188782156302051,0.019135278032277606,0.022247660457592522,0.02511166312891587,,,,,,,,,0.02171967844235269,0.022247660457592522,0.022247660457592522,0.024425418558599275,0.0188782156302051,0.019135278032277606,0.022247660457592522,0.02511166312891587,0.02171967844235269,0.022247660457592522,0.022247660457592522,0.024347791195052097,0.0188782156302051,0.019135278032277606,0.022247660457592522,0.02511166312891587,0.024583713684819264,0.024366189844355318,0.022247660457592522,0.02448323974968481,0.0188782156302051,0.019135278032277606,0.022247660457592522,0.02511166312891587,,,,,,,,,0.024583713684819264,0.024366189844355318,0.022247660457592522,0.0246028896148718,0.0188782156302051,0.019135278032277606,0.022247660457592522,0.02511166312891587,0.024583713684819264,0.024366189844355318,0.022247660457592522,0.024560893266337896,0.0188782156302051,0.019135278032277606,0.022247660457592522,0.02511166312891587,0.024540025931134163,0.024366189844355318,0.022247660457592522,0.024328394483092403,0.0188782156302051,0.019135278032277606,0.022247660457592522,0.02511166312891587,,,,,,,,,0.024540025931134163,0.024366189844355318,0.022247660457592522,0.02432928830752099,0.0188782156302051,0.019135278032277606,0.022247660457592522,0.02511166312891587,0.024540025931134163,0.024366189844355318,0.022247660457592522,0.024312560640853752,0.0188782156302051,0.019135278032277606,0.022247660457592522,0.02511166312891587
2024-10,-0.004321480514238399,-0.0037308843077153986,-0.0037308843077153986,0.006082441475404556,-0.015788316700443762,-0.004001117762620612,-0.0037308843077153986,0.0009413014121673571,,,,,,,,,-0.004321480514238399,-0.0037308843077153986,-0.0037308843077153986,0.005834375866666685,-0.015788316700443762,-0.004001117762620612,-0.0037308843077153986,0.0009413014121673571,-0.004321480514238399,-0.0037308843077153986,-0.0037308843077153986,0.005878110065536979,-0.015788316700443762,-0.004001117762620612,-0.0037308843077153986,0.0009413014121673571,-0.004331792894996336,-0.0037610290988864827,-0.0037308843077153986,0.005357215866357152,-0.015788316700443762,-0.004001117762620612,-0.0037308843077153986,0.0009413014121673571,,,,,,,,,-0.004331792894996336,-0.0037610290988864827,-0.0037308843077153986,0.004619006623138009,-0.015788316700443762,-0.004001117762620612,-0.0037308843077153986,0.0009413014121673571,-0.004331792894996336,-0.0037610290988864827,-0.0037308843077153986,0.005450902625966704,-0.015788316700443762,-0.004001117762620612,-0.0037308843077153986,0.0009413014121673571,-0.004331792894996336,-0.0037610290988864827,-0.0037308843077153986,0.006078575666860668,-0.015788316700443762,-0.004001117762620612,-0.0037308843077153986,0.0009413014121673571,,,,,,,,,-0.004331792894996336,-0.0037610290988864827,-0.0037308843077153986,0.005874339437131539,-0.015788316700443762,-0.004001117762620612,-0.0037308843077153986,0.0009413014121673571,-0.004331792894996336,-0.0037610290988864827,-0.0037308843077153986,0.006035681538948756,-0.015788316700443762,-0.004001117762620612,-0.0037308843077153986,0.0009413014121673571
2024-11,0.04754277964026629,0.038631272829234446,0.0612905490861797,0.034228918177128906,0.04085741409306636,0.05733240485441346,0.0612905490861797,0.0520369375934641,,,,,,,,,0.04754277964026629,0.038631272829234446,0.0612905490861797,0.03479615564178501,0.04085741409306636,0.05733240485441346,0.0612905490861797,0.0520369375934641,0.04754277964026629,0.038631272829234446,0.0612905490861797,0.034692985303546246,0.04085741409306636,0.05733240485441346,0.0612905490861797,0.0520369375934641,0.05680597100920506,0.0612905490861797,0.0612905490861797,0.03592217179152231,0.04085741409306636,0.05733240485441346,0.0612905490861797,0.0520369375934641,,,,,,,,,0.05680597100920506,0.0612905490861797,0.0612905490861797,0.037600261458840066,0.04085741409306636,0.05733240485441346,0.0612905490861797,0.0520369375934641,0.05680597100920506,0.0612905490861797,0.0612905490861797,0.0357124896805038,0.04085741409306636,0.05733240485441346,0.0612905490861797,0.0520369375934641,0.04754277964026629,0.038631272829234446,0.0612905490861797,0.03424627173897689,0.04085741409306636,0.05733240485441346,0.0612905490861797,0.0520369375934641,,,,,,,,,0.04754277964026629,0.038631272829234446,0.0612905490861797,0.034708394109010894,0.04085741409306636,0.05733240485441346,0.0612905490861797,0.0520369375934641,0.04754277964026629,0.038631272829234446,0.0612905490861797,0.03432964899004803,0.04085741409306636,0.05733240485441346,0.0612905490861797,0.0520369375934641
2024-12,-0.004360764193300919,-0.0039958602439697935,-0.003967385331483331,-0.003563523063248429,-0.011415241313456084,-0.003973816387558439,-0.003967385331483331,-0.0049802870866845345,,,,,,,,,-0.004360764193300919,-0.0039958602439697935,-0.003967385331483331,-0.003706236004118218,-0.011415241313456084,-0.003973816387558439,-0.003967385331483331,-0.0049802870866845345,-0.004360764193300919,-0.0039958602439697935,-0.003967385331483331,-0.00363627642295774,-0.011415241313456084,-0.003973816387558439,-0.003967385331483331,-0.0049802870866845345,-0.0043516862838407855,-0.003967385331483331,-0.003967385331483331,-0.003885208372366264,-0.011415241313456084,-0.003973816387558439,-0.003967385331483331,-0.0049802870866845345,,,,,,,,,-0.0043516862838407855,-0.003967385331483331,-0.003967385331483331,-0.004176337964347316,-0.011415241313456084,-0.003973816387558439,-0.003967385331483331,-0.0049802870866845345,-0.0043516862838407855,-0.003967385331483331,-0.003967385331483331,-0.003917424120710402,-0.011415241313456084,-0.003973816387558439,-0.003967385331483331,-0.0049802870866845345,-0.005364378702664942,-0.00451631668116561,-0.003967385331483331,-0.003568047248843743,-0.011415241313456084,-0.003973816387558439,-0.003967385331483331,-0.0049802870866845345,,,,,,,,,-0.005364378702664942,-0.00451631668116561,-0.003967385331483331,-0.0036244756320414633,-0.011415241313456084,-0.003973816387558439,-0.003967385331483331,-0.0049802870866845345,-0.005364378702664942,-0.00451631668116561,-0.003967385331483331,-0.0035663011393859867,-0.011415241313456084,-0.003973816387558439,-0.003967385331483331,-0.0049802870866845345
2025-01,0.03412127701922516,0.03345276326435133,0.03248160386291632,0.03361145268872695,0.02195479728486014,0.03248160386291632,0.03248160386291632,0.036018959804501885,,,,,,,,,0.03412127701922516,0.03345276326435133,0.03248160386291632,0.03377518720124864,0.02195479728486014,0.03248160386291632,0.03248160386291632,0.036018959804501885,0.03412127701922516,0.03345276326435133,0.03248160386291632,0.03365572416854919,0.02195479728486014,0.03248160386291632,0.03248160386291632,0.036018959804501885,0.030593829531873416,0.03248160386291632,0.03248160386291632,0.03386621638834413,0.02195479728486014,0.03248160386291632,0.03248160386291632,0.036018959804501885,,,,,,,,,0.030593829531873416,0.03248160386291632,0.03248160386291632,0.034083769834777906,0.02195479728486014,0.03248160386291632,0.03248160386291632,0.036018959804501885,0.030593829531873416,0.03248160386291632,0.03248160386291632,0.03397965740684224,0.02195479728486014,0.03248160386291632,0.03248160386291632,0.036018959804501885,0.030583937537680298,0.03245164235513903,0.03248160386291632,0.03361249888681088,0.02195479728486014,0.03248160386291632,0.03248160386291632,0.036018959804501885,,,,,,,,,0.030583937537680298,0.03245164235513903,0.03248160386291632,0.03362423049810963,0.02195479728486014,0.03248160386291632,0.03248160386291632,0.036018959804501885,0.030583937537680298,0.03245164235513903,0.03248160386291632,0.03359684123413886,0.02195479728486014,0.03248160386291632,0.03248160386291632,0.036018959804501885
2025-02,-0.02376459221003663,-0.019401957431103255,-0.03319464709513231,-0.01598618534492261,-0.008718658552249722,-0.03319464709513231,-0.03319464709513231,-0.028053865499546245,,,,,,,,,-0.02376459221003663,-0.019401957431103255,-0.03319464709513231,-0.01634971572118108,-0.008718658552249722,-0.03319464709513231,-0.03319464709513231,-0.028053865499546245,-0.02376459221003663,-0.019401957431103255,-0.03319464709513231,-0.01626618939554235,-0.008718658552249722,-0.03319464709513231,-0.03319464709513231,-0.028053865499546245,-0.02890528770456993,-0.03319464709513231,-0.03319464709513231,-0.01701112577120861,-0.008718658552249722,-0.03319464709513231,-0.03319464709513231,-0.028053865499546245,,,,,,,,,-0.02890528770456993,-0.03319464709513231,-0.03319464709513231,-0.018034960659501043,-0.008718658552249722,-0.03319464709513231,-0.03319464709513231,-0.028053865499546245,-0.02890528770456993,-0.03319464709513231,-0.03319464709513231,-0.016911057577574617,-0.008718658552249722,-0.03319464709513231,-0.03319464709513231,-0.028053865499546245,-0.023774198807420783,-0.019431027451097562,-0.03319464709513231,-0.01599356940438806,-0.008718658552249722,-0.03319464709513231,-0.03319464709513231,-0.028053865499546245,,,,,,,,,-0.023774198807420783,-0.019431027451097562,-0.03319464709513231,-0.016266325523275442,-0.008718658552249722,-0.03319464709513231,-0.03319464709513231,-0.028053865499546245,-0.023774198807420783,-0.019431027451097562,-0.03319464709513231,-0.0160438572306828,-0.008718658552249722,-0.03319464709513231,-0.03319464709513231,-0.028053865499546245
2025-03,-0.013238836319216421,-0.03809502263085645,-0.07560714148464731,-0.03119488960127929,-0.04399793755780207,-0.07560714148464731,-0.07560714148464731,-0.058600317499165014,,,,,,,,,-0.013238836319216421,-0.03809502263085645,-0.07560714148464731,-0.0320459612021959,-0.04399793755780207,-0.07560714148464731,-0.07560714148464731,-0.058600317499165014,-0.013238836319216421,-0.03809502263085645,-0.07560714148464731,-0.03192326126761252,-0.04399793755780207,-0.07560714148464731,-0.07560714148464731,-0.058600317499165014,-0.06913299871399572,-0.07560714148464731,-0.07560714148464731,-0.03378699007619109,-0.04399793755780207,-0.07560714148464731,-0.07560714148464731,-0.058600317499165014,,,,,,,,,-0.06913299871399572,-0.07560714148464731,-0.07560714148464731,-0.036400620122438485,-0.04399793755780207,-0.07560714148464731,-0.07560714148464731,-0.058600317499165014,-0.06913299871399572,-0.07560714148464731,-0.07560714148464731,-0.033411319403781704,-0.04399793755780207,-0.07560714148464731,-0.07560714148464731,-0.058600317499165014,-0.0521260191835559,-0.03809502263085645,-0.07560714148464731,-0.031215899829360468,-0.04399793755780207,-0.07560714148464731,-0.07560714148464731,-0.058600317499165014,,,,,,,,,-0.0521260191835559,-0.03809502263085645,-0.07560714148464731,-0.03195324327037386,-0.04399793755780207,-0.07560714148464731,-0.07560714148464731,-0.058600317499165014,-0.0521260191835559,-0.03809502263085645,-0.07560714148464731,-0.031365121984659426,-0.04399793755780207,-0.07560714148464731,-0.07560714148464731,-0.058600317499165014
2025-04,0.019500040545615483,0.018774445404672487,0.013459400476515171,0.01524817079060132,0.012298054084123178,0.01316700206679238,0.008026260438762412,0.01753627176947125,,,,,,,,,0.019500040545615483,0.018774445404672487,0.013459400476515171,0.015308309011440537,0.012298054084123178,0.01316700206679238,0.008026260438762412,0.01753627176947125,0.019500040545615483,0.018774445404672487,0.013459400476515171,0.015266217008972465,0.012298054084123178,0.01316700206679238,0.008026260438762412,0.01753627176947125,0.012229390333365349,0.013459400476515171,0.013459400476515171,0.015449925924746182,0.012298054084123178,0.01316700206679238,0.008026260438762412,0.01753627176947125,,,,,,,,,0.012229390333365349,0.013459400476515171,0.013459400476515171,0.01553392541400398,0.012298054084123178,0.01316700206679238,0.008026260438762412,0.01753627176947125,0.012229390333365349,0.013459400476515171,0.013459400476515171,0.015484302328471155,0.012298054084123178,0.01316700206679238,0.008026260438762412,0.01753627176947125,0.019459946671100126,0.018774445404672487,0.013459400476515171,0.015269379864972078,0.012298054084123178,0.01316700206679238,0.008026260438762412,0.01753627176947125,,,,,,,,,0.019459946671100126,0.018774445404672487,0.013459400476515171,0.015274677002716803,0.012298054084123178,0.01316700206679238,0.008026260438762412,0.01753627176947125,0.019459946671100126,0.018774445404672487,0.013459400476515171,0.015232525641790572,0.012298054084123178,0.01316700206679238,0.008026260438762412,0.01753627176947125
2025-05,0.06697831493938852,0.07250174756855055,0.07253211295192163,0.04562635439627598,0.03856082441953994,0.0725267579985773,-0.0025463823659129803,0.06522258314910274,,,,,,,,,0.06697831493938852,0.07250174756855055,0.07253211295192163,0.04636859134064711,0.03856082441953994,0.0725267579985773,-0.0025463823659129803,0.06522258314910274,0.06697831493938852,0.07250174756855055,0.07253211295192163,0.046150624833400544,0.03856082441953994,0.0725267579985773,-0.0025463823659129803,0.06522258314910274,0.0670318966353313,0.07253211295192163,0.07253211295192163,0.047591823934708816,0.03856082441953994,0.0725267579985773,-0.0025463823659129803,0.06522258314910274,,,,,,,,,0.0670318966353313,0.07253211295192163,0.07253211295192163,0.04954117090118585,0.03856082441953994,0.0725267579985773,-0.0025463823659129803,0.06522258314910274,0.0670318966353313,0.07253211295192163,0.07253211295192163,0.04747963651433961,0.03856082441953994,0.0725267579985773,-0.0025463823659129803,0.06522258314910274,0.04222756186122516,0.05030590603568283,0.07253211295192163,0.045638642648594116,0.03856082441953994,0.0725267579985773,-0.0025463823659129803,0.06522258314910274,,,,,,,,,0.04222756186122516,0.05030590603568283,0.07253211295192163,0.04613125134483792,0.03856082441953994,0.0725267579985773,-0.0025463823659129803,0.06522258314910274,0.04222756186122516,0.05030590603568283,0.07253211295192163,0.04572137452478119,0.03856082441953994,0.0725267579985773,-0.0025463823659129803,0.06522258314910274
2025-06,0.058415866328836136,0.06286474794264629,0.06286474794264629,0.04053930200695679,0.0441246574845174,0.06167750125325264,0.06276474794264629,0.0569827874999563,,,,,,,,,0.058415866328836136,0.06286474794264629,0.06286474794264629,0.041237345525749335,0.0441246574845174,0.06167750125325264,0.06276474794264629,0.0569827874999563,0.058415866328836136,0.06286474794264629,0.06286474794264629,0.041005014718426,0.0441246574845174,0.06167750125325264,0.06276474794264629,0.0569827874999563,0.058415866328836136,0.06286474794264629,0.06286474794264629,0.04228432396120642,0.0441246574845174,0.06167750125325264,0.06276474794264629,0.0569827874999563,,,,,,,,,0.058415866328836136,0.06286474794264629,0.06286474794264629,0.04403665868386761,0.0441246574845174,0.06167750125325264,0.06276474794264629,0.0569827874999563,0.058415866328836136,0.06286474794264629,0.06286474794264629,0.04223303823532183,0.0441246574845174,0.06167750125325264,0.06276474794264629,0.0569827874999563,0.05836320339236726,0.06283622921199637,0.06286474794264629,0.04054321990156696,0.0441246574845174,0.06167750125325264,0.06276474794264629,0.0569827874999563,,,,,,,,,0.05836320339236726,0.06283622921199637,0.06286474794264629,0.04096985120129768,0.0441246574845174,0.06167750125325264,0.06276474794264629,0.0569827874999563,0.05836320339236726,0.06283622921199637,0.06286474794264629,0.040618800680778736,0.0441246574845174,0.06167750125325264,0.06276474794264629,0.0569827874999563
2025-07,0.02372633904059849,0.02621257272813282,0.02621257272813282,0.017268514850027904,0.013350789409404765,0.025764541607063776,0.02621257272813282,0.022977359564881897,,,,,,,,,0.02372633904059849,0.02621257272813282,0.02621257272813282,0.01740885704625395,0.013350789409404765,0.025764541607063776,0.02621257272813282,0.022977359564881897,0.02372633904059849,0.02621257272813282,0.02621257272813282,0.01738666006568758,0.013350789409404765,0.025764541607063776,0.02621257272813282,0.022977359564881897,0.02372633904059849,0.02621257272813282,0.02621257272813282,0.01767064198774437,0.013350789409404765,0.025764541607063776,0.02621257272813282,0.022977359564881897,,,,,,,,,0.02372633904059849,0.02621257272813282,0.02621257272813282,0.01809604980450385,0.013350789409404765,0.025764541607063776,0.02621257272813282,0.022977359564881897,0.02372633904059849,0.02621257272813282,0.02621257272813282,0.017613248302807052,0.013350789409404765,0.025764541607063776,0.02621257272813282,0.022977359564881897,0.02372633904059849,0.02621257272813282,0.02621257272813282,0.017267845906789994,0.013350789409404765,0.025764541607063776,0.02621257272813282,0.022977359564881897,,,,,,,,,0.02372633904059849,0.02621257272813282,0.02621257272813282,0.017387050229437623,0.013350789409404765,0.025764541607063776,0.02621257272813282,0.022977359564881897,0.02372633904059849,0.02621257272813282,0.02621257272813282,0.01729780436640744,0.013350789409404765,0.025764541607063776,0.02621257272813282,0.022977359564881897
2025-08,0.005918797628415241,0.005348785297724312,0.005348785297724312,0.012423008667070239,0.009801131814244239,0.005347178160931675,0.005348785297724312,0.009801084651738111,,,,,,,,,0.005918797628415241,0.005348785297724312,0.005348785297724312,0.012397689496755706,0.009801131814244239,0.005347178160931675,0.005348785297724312,0.009801084651738111,0.005918797628415241,0.005348785297724312,0.005348785297724312,0.012356526985283105,0.009801131814244239,0.005347178160931675,0.005348785297724312,0.009801084651738111,0.005918797628415241,0.005348785297724312,0.005348785297724312,0.012259075275678353,0.009801131814244239,0.005347178160931675,0.005348785297724312,0.009801084651738111,,,,,,,,,0.005918797628415241,0.005348785297724312,0.005348785297724312,0.012047624623762987,0.009801131814244239,0.005347178160931675,0.005348785297724312,0.009801084651738111,0.005918797628415241,0.005348785297724312,0.005348785297724312,0.012356067364841903,0.009801131814244239,0.005347178160931675,0.005348785297724312,0.009801084651738111,0.005918797628415241,0.005348785297724312,0.005348785297724312,0.012426437144344693,0.009801131814244239,0.005347178160931675,0.005348785297724312,0.009801084651738111,,,,,,,,,0.005918797628415241,0.005348785297724312,0.005348785297724312,0.012343292274629327,0.009801131814244239,0.005347178160931675,0.005348785297724312,0.009801084651738111,0.005918797628415241,0.005348785297724312,0.005348785297724312,0.012392871997540985,0.009801131814244239,0.005347178160931675,0.005348785297724312,0.009801084651738111
2025-09,0.05424097903921453,0.05928341889542521,0.05928341889542521,0.058207546371252264,0.03817425384813837,0.05928341889542521,0.05928341889542521,0.0651130959315596,,,,,,,,,0.05424097903921453,0.05928341889542521,0.05928341889542521,0.05849214597931114,0.03817425384813837,0.05928341889542521,0.05928341889542521,0.0651130959315596,0.05424097903921453,0.05928341889542521,0.05928341889542521,0.05830314935865503,0.03817425384813837,0.05928341889542521,0.05928341889542521,0.0651130959315596,0.05424097903921453,0.05928341889542521,0.05928341889542521,0.05873370422607072,0.03817425384813837,0.05928341889542521,0.05928341889542521,0.0651130959315596,,,,,,,,,0.05424097903921453,0.05928341889542521,0.05928341889542521,0.0591669198614915,0.03817425384813837,0.05928341889542521,0.05928341889542521,0.0651130959315596,0.05424097903921453,0.05928341889542521,0.05928341889542521,0.05889342477573077,0.03817425384813837,0.05928341889542521,0.05928341889542521,0.0651130959315596,0.05424097903921453,0.05928341889542521,0.05928341889542521,0.0582171374947312,0.03817425384813837,0.05928341889542521,0.05928341889542521,0.0651130959315596,,,,,,,,,0.05424097903921453,0.05928341889542521,0.05928341889542521,0.05826235052939095,0.03817425384813837,0.05928341889542521,0.05928341889542521,0.0651130959315596,0.05424097903921453,0.05928341889542521,0.05928341889542521,0.0581875008767975,0.03817425384813837,0.05928341889542521,0.05928341889542521,0.0651130959315596
2025-10,0.021156561953056537,0.023459230132868752,0.025215197103745535,0.023374815809839123,0.017972881028766423,0.02483338663217646,0.025215197103745535,0.026251851839002475,,,,,,,,,0.021156561953056537,0.023459230132868752,0.025215197103745535,0.023423338865805762,0.017972881028766423,0.02483338663217646,0.025215197103745535,0.026251851839002475,0.021156561953056537,0.023459230132868752,0.025215197103745535,0.023391363209515775,0.017972881028766423,0.02483338663217646,0.025215197103745535,0.026251851839002475,0.02268166123527481,0.025215197103745535,0.025215197103745535,0.02346729817164574,0.017972881028766423,0.02483338663217646,0.025215197103745535,0.026251851839002475,,,,,,,,,0.02268166123527481,0.025215197103745535,0.025215197103745535,0.023541872878266777,0.017972881028766423,0.02483338663217646,0.025215197103745535,0.026251851839002475,0.02268166123527481,0.025215197103745535,0.025215197103745535,0.023493971355538188,0.017972881028766423,0.02483338663217646,0.025215197103745535,0.026251851839002475,0.02268166123527481,0.025215197103745535,0.025215197103745535,0.023376888468541666,0.017972881028766423,0.02483338663217646,0.025215197103745535,0.026251851839002475,,,,,,,,,0.02268166123527481,0.025215197103745535,0.025215197103745535,0.02338490337995841,0.017972881028766423,0.02483338663217646,0.025215197103745535,0.026251851839002475,0.02268166123527481,0.025215197103745535,0.025215197103745535,0.02337128954239174,0.017972881028766423,0.02483338663217646,0.025215197103745535,0.026251851839002475
2025-11,0.007136500519154603,-0.012566175166409638,-0.030393857180286865,-0.008139904405173055,-0.014284212658040776,-0.0301934961173662,-0.030393857180286865,-0.021986744850703628,,,,,,,,,0.007136500519154603,-0.012566175166409638,-0.030393857180286865,-0.00855627699413011,-0.014284212658040776,-0.0301934961173662,-0.030393857180286865,-0.021986744850703628,0.007136500519154603,-0.012566175166409638,-0.030393857180286865,-0.008493491490111424,-0.014284212658040776,-0.0301934961173662,-0.030393857180286865,-0.021986744850703628,-0.026608549768236976,-0.030393857180286865,-0.030393857180286865,-0.009390963505563838,-0.014284212658040776,-0.0301934961173662,-0.030393857180286865,-0.021986744850703628,,,,,,,,,-0.026608549768236976,-0.030393857180286865,-0.030393857180286865,-0.010661561763681316,-0.014284212658040776,-0.0301934961173662,-0.030393857180286865,-0.021986744850703628,-0.026608549768236976,-0.030393857180286865,-0.030393857180286865,-0.009212885111686666,-0.014284212658040776,-0.0301934961173662,-0.030393857180286865,-0.021986744850703628,0.0004711092616370178,-0.012595702527428823,-0.030393857180286865,-0.00814807900274221,-0.014284212658040776,-0.0301934961173662,-0.030393857180286865,-0.021986744850703628,,,,,,,,,0.0004711092616370178,-0.012595702527428823,-0.030393857180286865,-0.00850520955122594,-0.014284212658040776,-0.0301934961173662,-0.030393857180286865,-0.021986744850703628,0.0004711092616370178,-0.012595702527428823,-0.030393857180286865,-0.008222910245761151,-0.014284212658040776,-0.0301934961173662,-0.030393857180286865,-0.021986744850703628
2025-12,0.00016959365733885338,-0.004977355760051876,-0.01239748052861167,-0.003587064148301833,-0.010484138428313187,-0.012227659725575971,-0.01239748052861167,-0.00898515546656208,,,,,,,,,0.00016959365733885338,-0.004977355760051876,-0.01239748052861167,-0.003724549399992985,-0.010484138428313187,-0.012227659725575971,-0.01239748052861167,-0.00898515546656208,0.00016959365733885338,-0.004977355760051876,-0.01239748052861167,-0.0037130732853555113,-0.010484138428313187,-0.012227659725575971,-0.01239748052861167,-0.00898515546656208,-0.010665879762083637,-0.01239748052861167,-0.01239748052861167,-0.004024438797332674,-0.010484138428313187,-0.012227659725575971,-0.01239748052861167,-0.00898515546656208,,,,,,,,,-0.010665879762083637,-0.01239748052861167,-0.01239748052861167,-0.00447151004165626,-0.010484138428313187,-0.012227659725575971,-0.01239748052861167,-0.00898515546656208,-0.010665879762083637,-0.01239748052861167,-0.01239748052861167,-0.0039476801942649525,-0.010484138428313187,-0.012227659725575971,-0.01239748052861167,-0.00898515546656208,0.0003060154806718504,-0.004977355760051876,-0.01239748052861167,-0.003590198909396839,-0.010484138428313187,-0.012227659725575971,-0.01239748052861167,-0.00898515546656208,,,,,,,,,0.0003060154806718504,-0.004977355760051876,-0.01239748052861167,-0.0037206764568447136,-0.010484138428313187,-0.012227659725575971,-0.01239748052861167,-0.00898515546656208,0.0003060154806718504,-0.004977355760051876,-0.01239748052861167,-0.0036189669649004477,-0.010484138428313187,-0.012227659725575971,-0.01239748052861167,-0.00898515546656208
2026-01,0.03543809657347031,0.010295170330779452,-0.012031477165127535,0.015811010287341283,-0.008134152908406734,-0.011762192141112708,-0.012031477165127535,0.0014445848182139892,,,,,,,,,0.03543809657347031,0.010295170330779452,-0.012031477165127535,0.015502358673803448,-0.008134152908406734,-0.011762192141112708,-0.012031477165127535,0.0014445848182139892,0.03543809657347031,0.010295170330779452,-0.012031477165127535,0.01542260711166712,-0.008134152908406734,-0.011762192141112708,-0.012031477165127535,0.0014445848182139892,-0.010220924774037821,-0.012031477165127535,-0.012031477165127535,0.014500647928656503,-0.008134152908406734,-0.011762192141112708,-0.012031477165127535,0.0014445848182139892,,,,,,,,,-0.010220924774037821,-0.012031477165127535,-0.012031477165127535,0.013183650818576555,-0.008134152908406734,-0.011762192141112708,-0.012031477165127535,0.0014445848182139892,-0.010220924774037821,-0.012031477165127535,-0.012031477165127535,0.01487961282308641,-0.008134152908406734,-0.011762192141112708,-0.012031477165127535,0.0014445848182139892,0.03543809657347031,0.010295170330779452,-0.012031477165127535,0.015788658784655765,-0.008134152908406734,-0.011762192141112708,-0.012031477165127535,0.0014445848182139892,,,,,,,,,0.03543809657347031,0.010295170330779452,-0.012031477165127535,0.01535333639010402,-0.008134152908406734,-0.011762192141112708,-0.012031477165127535,0.0014445848182139892,0.03543809657347031,0.010295170330779452,-0.012031477165127535,0.01569371270390759,-0.008134152908406734,-0.011762192141112708,-0.012031477165127535,0.0014445848182139892
2026-02,0.013679185590083161,-0.003746960635709592,-0.025175661445713038,0.0011451042124118406,-0.005225673735321122,-0.024586547676351756,-0.025175661445713038,-0.01393922849939703,,,,,,,,,0.013679185590083161,-0.003746960635709592,-0.025175661445713038,0.0006607051393150453,-0.005225673735321122,-0.024586547676351756,-0.025175661445713038,-0.01393922849939703,0.013679185590083161,-0.003746960635709592,-0.025175661445713038,0.0007112492630114655,-0.005225673735321122,-0.024586547676351756,-0.025175661445713038,-0.01393922849939703,-0.0226596481472166,-0.025175661445713038,-0.025175661445713038,-0.00037268420869513715,-0.005225673735321122,-0.024586547676351756,-0.025175661445713038,-0.01393922849939703,,,,,,,,,-0.0226596481472166,-0.025175661445713038,-0.025175661445713038,-0.0019177755123472348,-0.005225673735321122,-0.024586547676351756,-0.025175661445713038,-0.01393922849939703,-0.0226596481472166,-0.025175661445713038,-0.025175661445713038,-0.00012173371690998234,-0.005225673735321122,-0.024586547676351756,-0.025175661445713038,-0.01393922849939703,0.013679185590083161,-0.003746960635709592,-0.025175661445713038,0.0011338729796788044,-0.005225673735321122,-0.024586547676351756,-0.025175661445713038,-0.01393922849939703,,,,,,,,,0.013679185590083161,-0.003746960635709592,-0.025175661445713038,0.0006879233373138236,-0.005225673735321122,-0.024586547676351756,-0.025175661445713038,-0.01393922849939703,0.013679185590083161,-0.003746960635709592,-0.025175661445713038,0.0010379673914502601,-0.005225673735321122,-0.024586547676351756,-0.025175661445713038,-0.01393922849939703
2026-03,-0.04576816132897371,-0.04976122817203583,-0.04972972239817941,-0.04737879574361824,-0.03911987504225963,-0.049501543661931866,-0.004765052384586366,-0.05580893686663427,,,,,,,,,-0.04576816132897371,-0.04976122817203583,-0.04972972239817941,-0.04759541118805696,-0.03911987504225963,-0.049501543661931866,-0.004765052384586366,-0.05580893686663427,-0.04576816132897371,-0.04976122817203583,-0.04972972239817941,-0.0474967705132295,-0.03911987504225963,-0.049501543661931866,-0.004765052384586366,-0.05580893686663427,-0.053844596787729126,-0.05211730507287188,-0.04972972239817941,-0.04806738283710269,-0.03911987504225963,-0.049501543661931866,-0.004765052384586366,-0.05580893686663427,,,,,,,,,-0.053844596787729126,-0.05211730507287188,-0.04972972239817941,-0.04852960564726556,-0.03911987504225963,-0.049501543661931866,-0.004765052384586366,-0.05580893686663427,-0.053844596787729126,-0.05211730507287188,-0.04972972239817941,-0.048094963230879695,-0.03911987504225963,-0.049501543661931866,-0.004765052384586366,-0.05580893686663427,-0.04576816132897371,-0.04976122817203583,-0.04972972239817941,-0.047422194213342664,-0.03911987504225963,-0.049501543661931866,-0.004765052384586366,-0.05580893686663427,,,,,,,,,-0.04576816132897371,-0.04976122817203583,-0.04972972239817941,-0.04751557859776465,-0.03911987504225963,-0.049501543661931866,-0.004765052384586366,-0.05580893686663427,-0.04576816132897371,-0.04976122817203583,-0.04972972239817941,-0.047367236966036654,-0.03911987504225963,-0.049501543661931866,-0.004765052384586366,-0.05580893686663427
2026-04,0.09526276482829225,0.10415873846790658,0.10415873846790658,0.06251853017430739,0.061893261237578594,0.10415820480511698,0.0019071436002469078,0.09220146283993626,,,,,,,,,0.09526276482829225,0.10415873846790658,0.10415873846790658,0.06366591943524841,0.061893261237578594,0.10415820480511698,0.0019071436002469078,0.09220146283993626,0.09526276482829225,0.10415873846790658,0.10415873846790658,0.06331434453086253,0.061893261237578594,0.10415820480511698,0.0019071436002469078,0.09220146283993626,0.057890587702140166,0.07088427990990967,0.10415873846790658,0.06545910273724424,0.061893261237578594,0.10415820480511698,0.0019071436002469078,0.09220146283993626,,,,,,,,,0.057890587702140166,0.07088427990990967,0.10415873846790658,0.06842969590986293,0.061893261237578594,0.10415820480511698,0.0019071436002469078,0.09220146283993626,0.057890587702140166,0.07088427990990967,0.10415873846790658,0.06531625834753058,0.061893261237578594,0.10415820480511698,0.0019071436002469078,0.09220146283993626,0.08329606857076688,0.07085595485146956,0.10415873846790658,0.06252493859779838,0.061893261237578594,0.10415820480511698,0.0019071436002469078,0.09220146283993626,,,,,,,,,0.08329606857076688,0.07085595485146956,0.10415873846790658,0.06326741723486112,0.061893261237578594,0.10415820480511698,0.0019071436002469078,0.09220146283993626,0.08329606857076688,0.07085595485146956,0.10415873846790658,0.06266470687451588,0.061893261237578594,0.10415820480511698,0.0019071436002469078,0.09220146283993626
2026-05,0.01282614119950247,0.03807846812510997,0.05758441748327092,0.0326463409240875,0.03447221635894358,0.05235958831000036,0.05748441748327092,0.050281297776283276,,,,,,,,,0.01282614119950247,0.03807846812510997,0.05758441748327092,0.03315582459485093,0.03447221635894358,0.05235958831000036,0.05748441748327092,0.050281297776283276,0.01282614119950247,0.03807846812510997,0.05758441748327092,0.03306434180083658,0.03447221635894358,0.05235958831000036,0.05748441748327092,0.050281297776283276,0.02486904278361901,0.03810629320177421,0.05758441748327092,0.034209188498469836,0.03447221635894358,0.05235958831000036,0.05748441748327092,0.050281297776283276,,,,,,,,,0.02486904278361901,0.03810629320177421,0.05758441748327092,0.03571949523809743,0.03447221635894358,0.05235958831000036,0.05748441748327092,0.050281297776283276,0.02486904278361901,0.03810629320177421,0.05758441748327092,0.03401712372623479,0.03447221635894358,0.05235958831000036,0.05748441748327092,0.050281297776283276,0.04495813971910231,0.03810629320177421,0.05758441748327092,0.03266977655550983,0.03447221635894358,0.05235958831000036,0.05748441748327092,0.050281297776283276,,,,,,,,,0.04495813971910231,0.03810629320177421,0.05758441748327092,0.033085913558681665,0.03447221635894358,0.05235958831000036,0.05748441748327092,0.050281297776283276,0.04495813971910231,0.03810629320177421,0.05758441748327092,0.0327332025325887,0.03447221635894358,0.05235958831000036,0.05748441748327092,0.050281297776283276
2026-06,-0.021702265814342335,-0.0121275417370639,0.00757744748266731,-0.015809081481667653,0.005550094351285664,0.007123065987788287,0.00757744748266731,-0.004865807633311491,,,,,,,,,,,,,,,,,-0.021702265814342335,-0.0121275417370639,0.00757744748266731,-0.015511220283119529,0.005550094351285664,0.007123065987788287,0.00757744748266731,-0.004865807633311491,-0.03558705111972325,-0.0121275417370639,0.00757744748266731,-0.014839368691559938,0.005550094351285664,0.007123065987788287,0.00757744748266731,-0.004865807633311491,,,,,,,,,,,,,,,,,-0.03558705111972325,-0.0121275417370639,0.00757744748266731,-0.015213677108219935,0.005550094351285664,0.007123065987788287,0.00757744748266731,-0.004865807633311491,-0.021825886704399527,-0.0121275417370639,0.00757744748266731,-0.015787015197306777,0.005550094351285664,0.007123065987788287,0.00757744748266731,-0.004865807633311491,,,,,,,,,,,,,,,,,-0.021825886704399527,-0.0121275417370639,0.00757744748266731,-0.015706533860069625,0.005550094351285664,0.007123065987788287,0.00757744748266731,-0.004865807633311491
2026-07,-0.019440939367812063,-0.05548529547213073,-0.08143534252193929,-0.047164026774903285,-0.05441629372488508,-0.07992592371090554,-0.08143534252193929,-0.07243512272825084,,,,,,,,,,,,,,,,,-0.019440939367812063,-0.05548529547213073,-0.08143534252193929,-0.04774130668611041,-0.05441629372488508,-0.07992592371090554,-0.08143534252193929,-0.07243512272825084,-0.03714029449910345,-0.05548529547213073,-0.08143534252193929,-0.049360343794118626,-0.05441629372488508,-0.07992592371090554,-0.08143534252193929,-0.07243512272825084,,,,,,,,,,,,,,,,,-0.03714029449910345,-0.05548529547213073,-0.08143534252193929,-0.04909524589563397,-0.05441629372488508,-0.07992592371090554,-0.08143534252193929,-0.07243512272825084,-0.019440939367812063,-0.05548529547213073,-0.08143534252193929,-0.04720377982631663,-0.05441629372488508,-0.07992592371090554,-0.08143534252193929,-0.07243512272825084,,,,,,,,,,,,,,,,,-0.019440939367812063,-0.05548529547213073,-0.08143534252193929,-0.04727973827715018,-0.05441629372488508,-0.07992592371090554,-0.08143534252193929,-0.07243512272825084
2026-08,0.03401113601646342,0.04044439083067892,0.03614030804550428,0.0411272624100951,0.02214886171544661,0.03064976045611217,0.0016247838123057857,0.04245165783650054,,,,,,,,,,,,,,,,,0.03401113601646342,0.04044439083067892,0.03614030804550428,0.041126351910757676,0.02214886171544661,0.03064976045611217,0.0016247838123057857,0.04245165783650054,0.03386731949117874,0.04044439083067892,0.03614030804550428,0.04124713265928913,0.02214886171544661,0.03064976045611217,0.0016247838123057857,0.04245165783650054,,,,,,,,,,,,,,,,,0.03386731949117874,0.04044439083067892,0.03614030804550428,0.04145825489086391,0.02214886171544661,0.03064976045611217,0.0016247838123057857,0.04245165783650054,0.03401113601646342,0.04044439083067892,0.03614030804550428,0.04112157626327156,0.02214886171544661,0.03064976045611217,0.0016247838123057857,0.04245165783650054,,,,,,,,,,,,,,,,,0.03401113601646342,0.04044439083067892,0.03614030804550428,0.04109149820456953,0.02214886171544661,0.03064976045611217,0.0016247838123057857,0.04245165783650054
2026-09,-0.001993794405298016,0.013039017914723472,0.03329952251476698,0.008439746499629268,0.007174804898489046,0.026525649595837936,0.033199522514766974,0.023718107630273724,,,,,,,,,,,,,,,,,-0.001993794405298016,0.013039017914723472,0.03329952251476698,0.008772431494028711,0.007174804898489046,0.026525649595837936,0.033199522514766974,0.023718107630273724,-0.004611944378309986,0.013039017914723472,0.03329952251476698,0.009570431743812788,0.007174804898489046,0.026525649595837936,0.033199522514766974,0.023718107630273724,,,,,,,,,,,,,,,,,-0.004611944378309986,0.013039017914723472,0.03329952251476698,0.009376567448075405,0.007174804898489046,0.026525649595837936,0.033199522514766974,0.023718107630273724,-0.001993794405298016,0.013039017914723472,0.03329952251476698,0.008442085379577356,0.007174804898489046,0.026525649595837936,0.033199522514766974,0.023718107630273724,,,,,,,,,,,,,,,,,-0.001993794405298016,0.013039017914723472,0.03329952251476698,0.008525748083514617,0.007174804898489046,0.026525649595837936,0.033199522514766974,0.023718107630273724
